fund_name,date,nav
HDFC Top 100 Fund - Direct Plan - Growth,28-07-2026,106.86110
HDFC Top 100 Fund - Direct Plan - Growth,27-07-2026,106.81260
HDFC Top 100 Fund - Direct Plan - Growth,24-07-2026,106.59610
HDFC Top 100 Fund - Direct Plan - Growth,23-07-2026,106.58510
HDFC Top 100 Fund - Direct Plan - Growth,22-07-2026,106.61070
HDFC Top 100 Fund - Direct Plan - Growth,21-07-2026,106.65670
HDFC Top 100 Fund - Direct Plan - Growth,20-07-2026,106.57370
HDFC Top 100 Fund - Direct Plan - Growth,17-07-2026,106.60010
HDFC Top 100 Fund - Direct Plan - Growth,16-07-2026,106.58290
HDFC Top 100 Fund - Direct Plan - Growth,15-07-2026,106.51160
HDFC Top 100 Fund - Direct Plan - Growth,14-07-2026,106.46090
HDFC Top 100 Fund - Direct Plan - Growth,13-07-2026,106.70260
HDFC Top 100 Fund - Direct Plan - Growth,10-07-2026,106.69460
HDFC Top 100 Fund - Direct Plan - Growth,09-07-2026,106.57760
HDFC Top 100 Fund - Direct Plan - Growth,08-07-2026,106.55870
HDFC Top 100 Fund - Direct Plan - Growth,07-07-2026,106.79770
HDFC Top 100 Fund - Direct Plan - Growth,06-07-2026,106.84310
HDFC Top 100 Fund - Direct Plan - Growth,03-07-2026,106.80420
HDFC Top 100 Fund - Direct Plan - Growth,02-07-2026,106.77210
HDFC Top 100 Fund - Direct Plan - Growth,01-07-2026,106.64510
HDFC Top 100 Fund - Direct Plan - Growth,30-06-2026,106.62250
HDFC Top 100 Fund - Direct Plan - Growth,29-06-2026,106.46480
HDFC Top 100 Fund - Direct Plan - Growth,25-06-2026,106.30570
HDFC Top 100 Fund - Direct Plan - Growth,24-06-2026,106.12680
HDFC Top 100 Fund - Direct Plan - Growth,23-06-2026,106.04100
HDFC Top 100 Fund - Direct Plan - Growth,22-06-2026,105.98500
HDFC Top 100 Fund - Direct Plan - Growth,19-06-2026,105.92190
HDFC Top 100 Fund - Direct Plan - Growth,18-06-2026,105.90030
HDFC Top 100 Fund - Direct Plan - Growth,17-06-2026,105.84820
HDFC Top 100 Fund - Direct Plan - Growth,16-06-2026,105.84550
HDFC Top 100 Fund - Direct Plan - Growth,15-06-2026,105.81250
HDFC Top 100 Fund - Direct Plan - Growth,12-06-2026,105.68640
HDFC Top 100 Fund - Direct Plan - Growth,11-06-2026,105.57370
HDFC Top 100 Fund - Direct Plan - Growth,10-06-2026,105.65690
HDFC Top 100 Fund - Direct Plan - Growth,09-06-2026,105.57930
HDFC Top 100 Fund - Direct Plan - Growth,08-06-2026,105.30840
HDFC Top 100 Fund - Direct Plan - Growth,05-06-2026,105.10700
HDFC Top 100 Fund - Direct Plan - Growth,04-06-2026,104.80950
HDFC Top 100 Fund - Direct Plan - Growth,03-06-2026,104.74960
HDFC Top 100 Fund - Direct Plan - Growth,02-06-2026,104.76630
HDFC Top 100 Fund - Direct Plan - Growth,01-06-2026,104.70250
HDFC Top 100 Fund - Direct Plan - Growth,29-05-2026,104.65700
HDFC Top 100 Fund - Direct Plan - Growth,27-05-2026,104.58330
HDFC Top 100 Fund - Direct Plan - Growth,26-05-2026,104.52690
HDFC Top 100 Fund - Direct Plan - Growth,25-05-2026,104.52150
HDFC Top 100 Fund - Direct Plan - Growth,22-05-2026,104.34670
HDFC Top 100 Fund - Direct Plan - Growth,21-05-2026,104.28500
HDFC Top 100 Fund - Direct Plan - Growth,20-05-2026,104.38260
HDFC Top 100 Fund - Direct Plan - Growth,19-05-2026,104.42160
HDFC Top 100 Fund - Direct Plan - Growth,18-05-2026,104.37910
HDFC Top 100 Fund - Direct Plan - Growth,15-05-2026,104.59680
HDFC Top 100 Fund - Direct Plan - Growth,14-05-2026,104.73180
HDFC Top 100 Fund - Direct Plan - Growth,13-05-2026,104.73710
HDFC Top 100 Fund - Direct Plan - Growth,12-05-2026,104.75850
HDFC Top 100 Fund - Direct Plan - Growth,11-05-2026,104.80530
HDFC Top 100 Fund - Direct Plan - Growth,08-05-2026,104.86960
HDFC Top 100 Fund - Direct Plan - Growth,07-05-2026,104.87620
HDFC Top 100 Fund - Direct Plan - Growth,06-05-2026,104.80430
HDFC Top 100 Fund - Direct Plan - Growth,05-05-2026,104.61660
HDFC Top 100 Fund - Direct Plan - Growth,04-05-2026,104.65440
HDFC Top 100 Fund - Direct Plan - Growth,30-04-2026,104.57060
HDFC Top 100 Fund - Direct Plan - Growth,29-04-2026,104.65940
HDFC Top 100 Fund - Direct Plan - Growth,28-04-2026,104.74280
HDFC Top 100 Fund - Direct Plan - Growth,27-04-2026,104.77710
HDFC Top 100 Fund - Direct Plan - Growth,24-04-2026,104.70910
HDFC Top 100 Fund - Direct Plan - Growth,23-04-2026,104.76520
HDFC Top 100 Fund - Direct Plan - Growth,22-04-2026,104.84730
HDFC Top 100 Fund - Direct Plan - Growth,21-04-2026,104.84700
HDFC Top 100 Fund - Direct Plan - Growth,20-04-2026,104.83690
HDFC Top 100 Fund - Direct Plan - Growth,17-04-2026,104.78210
HDFC Top 100 Fund - Direct Plan - Growth,16-04-2026,104.79590
HDFC Top 100 Fund - Direct Plan - Growth,15-04-2026,104.79010
HDFC Top 100 Fund - Direct Plan - Growth,13-04-2026,104.61130
HDFC Top 100 Fund - Direct Plan - Growth,10-04-2026,104.59560
HDFC Top 100 Fund - Direct Plan - Growth,09-04-2026,104.51500
HDFC Top 100 Fund - Direct Plan - Growth,08-04-2026,104.39190
HDFC Top 100 Fund - Direct Plan - Growth,07-04-2026,103.99180
HDFC Top 100 Fund - Direct Plan - Growth,06-04-2026,103.91420
HDFC Top 100 Fund - Direct Plan - Growth,02-04-2026,103.88130
HDFC Top 100 Fund - Direct Plan - Growth,31-03-2026,104.01160
HDFC Top 100 Fund - Direct Plan - Growth,30-03-2026,103.99210
HDFC Top 100 Fund - Direct Plan - Growth,27-03-2026,103.91020
HDFC Top 100 Fund - Direct Plan - Growth,25-03-2026,103.97130
HDFC Top 100 Fund - Direct Plan - Growth,24-03-2026,103.98160
HDFC Top 100 Fund - Direct Plan - Growth,23-03-2026,110.66250
HDFC Top 100 Fund - Direct Plan - Growth,20-03-2026,110.93520
HDFC Top 100 Fund - Direct Plan - Growth,18-03-2026,110.99850
HDFC Top 100 Fund - Direct Plan - Growth,17-03-2026,110.93160
HDFC Top 100 Fund - Direct Plan - Growth,16-03-2026,110.91590
HDFC Top 100 Fund - Direct Plan - Growth,13-03-2026,110.92870
HDFC Top 100 Fund - Direct Plan - Growth,12-03-2026,110.98980
HDFC Top 100 Fund - Direct Plan - Growth,11-03-2026,111.10720
HDFC Top 100 Fund - Direct Plan - Growth,10-03-2026,111.04840
HDFC Top 100 Fund - Direct Plan - Growth,09-03-2026,110.91930
HDFC Top 100 Fund - Direct Plan - Growth,06-03-2026,111.03950
HDFC Top 100 Fund - Direct Plan - Growth,05-03-2026,111.05340
HDFC Top 100 Fund - Direct Plan - Growth,04-03-2026,110.94990
HDFC Top 100 Fund - Direct Plan - Growth,02-03-2026,111.06530
HDFC Top 100 Fund - Direct Plan - Growth,27-02-2026,111.02610
HDFC Top 100 Fund - Direct Plan - Growth,26-02-2026,111.00690
HDFC Top 100 Fund - Direct Plan - Growth,25-02-2026,110.98260
HDFC Top 100 Fund - Direct Plan - Growth,24-02-2026,110.93940
HDFC Top 100 Fund - Direct Plan - Growth,23-02-2026,110.88290
HDFC Top 100 Fund - Direct Plan - Growth,20-02-2026,110.80700
HDFC Top 100 Fund - Direct Plan - Growth,18-02-2026,110.86130
HDFC Top 100 Fund - Direct Plan - Growth,17-02-2026,110.86820
HDFC Top 100 Fund - Direct Plan - Growth,16-02-2026,110.84090
HDFC Top 100 Fund - Direct Plan - Growth,13-02-2026,110.75840
HDFC Top 100 Fund - Direct Plan - Growth,12-02-2026,110.63090
HDFC Top 100 Fund - Direct Plan - Growth,11-02-2026,110.50560
HDFC Top 100 Fund - Direct Plan - Growth,10-02-2026,110.42930
HDFC Top 100 Fund - Direct Plan - Growth,09-02-2026,110.42330
HDFC Top 100 Fund - Direct Plan - Growth,06-02-2026,110.41730
HDFC Top 100 Fund - Direct Plan - Growth,05-02-2026,110.59850
HDFC Top 100 Fund - Direct Plan - Growth,04-02-2026,110.44770
HDFC Top 100 Fund - Direct Plan - Growth,03-02-2026,110.29600
HDFC Top 100 Fund - Direct Plan - Growth,02-02-2026,110.15370
HDFC Top 100 Fund - Direct Plan - Growth,30-01-2026,110.19030
HDFC Top 100 Fund - Direct Plan - Growth,29-01-2026,110.09220
HDFC Top 100 Fund - Direct Plan - Growth,28-01-2026,110.08550
HDFC Top 100 Fund - Direct Plan - Growth,27-01-2026,110.10780
HDFC Top 100 Fund - Direct Plan - Growth,23-01-2026,110.07660
HDFC Top 100 Fund - Direct Plan - Growth,22-01-2026,110.05390
HDFC Top 100 Fund - Direct Plan - Growth,21-01-2026,109.94380
HDFC Top 100 Fund - Direct Plan - Growth,20-01-2026,109.93850
HDFC Top 100 Fund - Direct Plan - Growth,19-01-2026,109.97420
HDFC Top 100 Fund - Direct Plan - Growth,16-01-2026,110.01070
HDFC Top 100 Fund - Direct Plan - Growth,14-01-2026,110.12860
HDFC Top 100 Fund - Direct Plan - Growth,13-01-2026,110.18780
HDFC Top 100 Fund - Direct Plan - Growth,12-01-2026,110.29740
HDFC Top 100 Fund - Direct Plan - Growth,09-01-2026,110.23270
HDFC Top 100 Fund - Direct Plan - Growth,08-01-2026,110.22180
HDFC Top 100 Fund - Direct Plan - Growth,07-01-2026,110.21750
HDFC Top 100 Fund - Direct Plan - Growth,06-01-2026,110.26470
HDFC Top 100 Fund - Direct Plan - Growth,05-01-2026,110.24980
HDFC Top 100 Fund - Direct Plan - Growth,02-01-2026,110.33330
HDFC Top 100 Fund - Direct Plan - Growth,01-01-2026,110.34930
HDFC Top 100 Fund - Direct Plan - Growth,31-12-2025,110.32120
HDFC Top 100 Fund - Direct Plan - Growth,30-12-2025,110.21760
HDFC Top 100 Fund - Direct Plan - Growth,29-12-2025,110.27990
HDFC Top 100 Fund - Direct Plan - Growth,26-12-2025,110.22470
HDFC Top 100 Fund - Direct Plan - Growth,24-12-2025,110.20790
HDFC Top 100 Fund - Direct Plan - Growth,23-12-2025,109.99540
HDFC Top 100 Fund - Direct Plan - Growth,22-12-2025,110.02410
HDFC Top 100 Fund - Direct Plan - Growth,19-12-2025,110.04030
HDFC Top 100 Fund - Direct Plan - Growth,18-12-2025,110.01950
HDFC Top 100 Fund - Direct Plan - Growth,17-12-2025,110.02660
HDFC Top 100 Fund - Direct Plan - Growth,16-12-2025,110.02610
HDFC Top 100 Fund - Direct Plan - Growth,15-12-2025,109.99440
HDFC Top 100 Fund - Direct Plan - Growth,12-12-2025,110.06520
HDFC Top 100 Fund - Direct Plan - Growth,11-12-2025,110.06090
HDFC Top 100 Fund - Direct Plan - Growth,10-12-2025,110.04660
HDFC Top 100 Fund - Direct Plan - Growth,09-12-2025,110.18520
HDFC Top 100 Fund - Direct Plan - Growth,08-12-2025,110.32990
HDFC Top 100 Fund - Direct Plan - Growth,05-12-2025,110.33730
HDFC Top 100 Fund - Direct Plan - Growth,04-12-2025,110.23500
HDFC Top 100 Fund - Direct Plan - Growth,03-12-2025,110.23620
HDFC Top 100 Fund - Direct Plan - Growth,02-12-2025,110.23490
HDFC Top 100 Fund - Direct Plan - Growth,01-12-2025,110.21100
HDFC Top 100 Fund - Direct Plan - Growth,28-11-2025,110.26150
HDFC Top 100 Fund - Direct Plan - Growth,27-11-2025,110.27430
HDFC Top 100 Fund - Direct Plan - Growth,26-11-2025,110.26580
HDFC Top 100 Fund - Direct Plan - Growth,25-11-2025,110.19240
HDFC Top 100 Fund - Direct Plan - Growth,24-11-2025,110.13220
HDFC Top 100 Fund - Direct Plan - Growth,21-11-2025,110.07080
HDFC Top 100 Fund - Direct Plan - Growth,20-11-2025,110.08820
HDFC Top 100 Fund - Direct Plan - Growth,19-11-2025,110.07710
HDFC Top 100 Fund - Direct Plan - Growth,18-11-2025,110.02050
HDFC Top 100 Fund - Direct Plan - Growth,17-11-2025,109.97560
HDFC Top 100 Fund - Direct Plan - Growth,14-11-2025,109.97250
HDFC Top 100 Fund - Direct Plan - Growth,13-11-2025,109.99070
HDFC Top 100 Fund - Direct Plan - Growth,12-11-2025,109.99470
HDFC Top 100 Fund - Direct Plan - Growth,11-11-2025,109.96100
HDFC Top 100 Fund - Direct Plan - Growth,10-11-2025,109.92500
HDFC Top 100 Fund - Direct Plan - Growth,07-11-2025,109.86090
HDFC Top 100 Fund - Direct Plan - Growth,06-11-2025,109.83370
HDFC Top 100 Fund - Direct Plan - Growth,04-11-2025,109.79410
HDFC Top 100 Fund - Direct Plan - Growth,03-11-2025,109.75480
HDFC Top 100 Fund - Direct Plan - Growth,31-10-2025,109.67680
HDFC Top 100 Fund - Direct Plan - Growth,30-10-2025,109.65210
HDFC Top 100 Fund - Direct Plan - Growth,29-10-2025,109.69340
HDFC Top 100 Fund - Direct Plan - Growth,28-10-2025,109.64040
HDFC Top 100 Fund - Direct Plan - Growth,27-10-2025,109.61250
HDFC Top 100 Fund - Direct Plan - Growth,24-10-2025,109.56730
HDFC Top 100 Fund - Direct Plan - Growth,23-10-2025,109.58170
HDFC Top 100 Fund - Direct Plan - Growth,20-10-2025,109.61550
HDFC Top 100 Fund - Direct Plan - Growth,17-10-2025,109.58440
HDFC Top 100 Fund - Direct Plan - Growth,16-10-2025,109.51310
HDFC Top 100 Fund - Direct Plan - Growth,15-10-2025,109.47540
HDFC Top 100 Fund - Direct Plan - Growth,14-10-2025,109.40880
HDFC Top 100 Fund - Direct Plan - Growth,13-10-2025,109.37630
HDFC Top 100 Fund - Direct Plan - Growth,10-10-2025,109.28520
HDFC Top 100 Fund - Direct Plan - Growth,09-10-2025,109.25970
HDFC Top 100 Fund - Direct Plan - Growth,08-10-2025,109.25240
HDFC Top 100 Fund - Direct Plan - Growth,07-10-2025,109.20450
HDFC Top 100 Fund - Direct Plan - Growth,06-10-2025,109.09260
HDFC Top 100 Fund - Direct Plan - Growth,03-10-2025,108.95910
HDFC Top 100 Fund - Direct Plan - Growth,01-10-2025,108.82850
HDFC Top 100 Fund - Direct Plan - Growth,30-09-2025,108.73970
HDFC Top 100 Fund - Direct Plan - Growth,26-09-2025,108.67020
HDFC Top 100 Fund - Direct Plan - Growth,25-09-2025,108.61700
HDFC Top 100 Fund - Direct Plan - Growth,24-09-2025,108.58590
HDFC Top 100 Fund - Direct Plan - Growth,23-09-2025,108.57080
HDFC Top 100 Fund - Direct Plan - Growth,22-09-2025,108.51310
HDFC Top 100 Fund - Direct Plan - Growth,19-09-2025,108.44280
HDFC Top 100 Fund - Direct Plan - Growth,18-09-2025,108.45520
HDFC Top 100 Fund - Direct Plan - Growth,17-09-2025,108.45380
HDFC Top 100 Fund - Direct Plan - Growth,16-09-2025,108.37870
HDFC Top 100 Fund - Direct Plan - Growth,15-09-2025,108.38020
HDFC Top 100 Fund - Direct Plan - Growth,12-09-2025,108.40060
HDFC Top 100 Fund - Direct Plan - Growth,11-09-2025,108.36900
HDFC Top 100 Fund - Direct Plan - Growth,10-09-2025,108.35740
HDFC Top 100 Fund - Direct Plan - Growth,09-09-2025,108.35190
HDFC Top 100 Fund - Direct Plan - Growth,05-09-2025,108.24500
HDFC Top 100 Fund - Direct Plan - Growth,04-09-2025,108.13790
HDFC Top 100 Fund - Direct Plan - Growth,03-09-2025,108.04710
HDFC Top 100 Fund - Direct Plan - Growth,02-09-2025,108.00880
HDFC Top 100 Fund - Direct Plan - Growth,01-09-2025,108.03730
HDFC Top 100 Fund - Direct Plan - Growth,29-08-2025,108.02970
HDFC Top 100 Fund - Direct Plan - Growth,28-08-2025,108.06600
HDFC Top 100 Fund - Direct Plan - Growth,26-08-2025,107.92660
HDFC Top 100 Fund - Direct Plan - Growth,25-08-2025,108.10370
HDFC Top 100 Fund - Direct Plan - Growth,22-08-2025,108.10960
HDFC Top 100 Fund - Direct Plan - Growth,21-08-2025,108.09850
HDFC Top 100 Fund - Direct Plan - Growth,20-08-2025,108.08990
HDFC Top 100 Fund - Direct Plan - Growth,19-08-2025,108.00830
HDFC Top 100 Fund - Direct Plan - Growth,18-08-2025,108.12710
HDFC Top 100 Fund - Direct Plan - Growth,14-08-2025,108.15430
HDFC Top 100 Fund - Direct Plan - Growth,13-08-2025,107.99010
HDFC Top 100 Fund - Direct Plan - Growth,12-08-2025,108.04900
HDFC Top 100 Fund - Direct Plan - Growth,11-08-2025,108.20180
HDFC Top 100 Fund - Direct Plan - Growth,08-08-2025,108.27260
HDFC Top 100 Fund - Direct Plan - Growth,07-08-2025,108.26110
HDFC Top 100 Fund - Direct Plan - Growth,06-08-2025,108.21530
HDFC Top 100 Fund - Direct Plan - Growth,05-08-2025,108.44120
HDFC Top 100 Fund - Direct Plan - Growth,04-08-2025,108.43550
HDFC Top 100 Fund - Direct Plan - Growth,01-08-2025,108.29520
HDFC Top 100 Fund - Direct Plan - Growth,31-07-2025,108.21670
HDFC Top 100 Fund - Direct Plan - Growth,30-07-2025,108.17570
HDFC Top 100 Fund - Direct Plan - Growth,29-07-2025,108.18280
HDFC Top 100 Fund - Direct Plan - Growth,28-07-2025,108.21930
HDFC Top 100 Fund - Direct Plan - Growth,25-07-2025,108.19820
HDFC Top 100 Fund - Direct Plan - Growth,24-07-2025,108.25730
HDFC Top 100 Fund - Direct Plan - Growth,23-07-2025,108.22770
HDFC Top 100 Fund - Direct Plan - Growth,22-07-2025,108.19790
HDFC Top 100 Fund - Direct Plan - Growth,21-07-2025,108.17290
HDFC Top 100 Fund - Direct Plan - Growth,18-07-2025,108.11610
HDFC Top 100 Fund - Direct Plan - Growth,17-07-2025,108.02720
HDFC Top 100 Fund - Direct Plan - Growth,16-07-2025,107.96580
HDFC Top 100 Fund - Direct Plan - Growth,15-07-2025,107.96200
HDFC Top 100 Fund - Direct Plan - Growth,14-07-2025,107.96170
HDFC Top 100 Fund - Direct Plan - Growth,11-07-2025,107.91250
HDFC Top 100 Fund - Direct Plan - Growth,10-07-2025,107.89280
HDFC Top 100 Fund - Direct Plan - Growth,09-07-2025,107.89240
HDFC Top 100 Fund - Direct Plan - Growth,08-07-2025,107.91980
HDFC Top 100 Fund - Direct Plan - Growth,07-07-2025,107.92430
HDFC Top 100 Fund - Direct Plan - Growth,04-07-2025,107.84660
HDFC Top 100 Fund - Direct Plan - Growth,03-07-2025,107.85520
HDFC Top 100 Fund - Direct Plan - Growth,02-07-2025,107.76770
HDFC Top 100 Fund - Direct Plan - Growth,01-07-2025,107.66240
HDFC Top 100 Fund - Direct Plan - Growth,30-06-2025,107.57670
HDFC Top 100 Fund - Direct Plan - Growth,27-06-2025,107.48780
HDFC Top 100 Fund - Direct Plan - Growth,26-06-2025,107.50110
HDFC Top 100 Fund - Direct Plan - Growth,25-06-2025,107.51100
HDFC Top 100 Fund - Direct Plan - Growth,24-06-2025,107.57330
HDFC Top 100 Fund - Direct Plan - Growth,23-06-2025,107.45770
HDFC Top 100 Fund - Direct Plan - Growth,20-06-2025,107.43840
HDFC Top 100 Fund - Direct Plan - Growth,19-06-2025,107.44650
HDFC Top 100 Fund - Direct Plan - Growth,18-06-2025,107.57160
HDFC Top 100 Fund - Direct Plan - Growth,17-06-2025,107.56440
HDFC Top 100 Fund - Direct Plan - Growth,16-06-2025,107.43870
HDFC Top 100 Fund - Direct Plan - Growth,13-06-2025,107.35750
HDFC Top 100 Fund - Direct Plan - Growth,12-06-2025,107.48250
HDFC Top 100 Fund - Direct Plan - Growth,11-06-2025,107.54390
HDFC Top 100 Fund - Direct Plan - Growth,10-06-2025,107.64210
HDFC Top 100 Fund - Direct Plan - Growth,09-06-2025,107.88600
HDFC Top 100 Fund - Direct Plan - Growth,06-06-2025,108.00920
HDFC Top 100 Fund - Direct Plan - Growth,05-06-2025,107.78120
HDFC Top 100 Fund - Direct Plan - Growth,04-06-2025,107.74690
HDFC Top 100 Fund - Direct Plan - Growth,03-06-2025,107.73450
HDFC Top 100 Fund - Direct Plan - Growth,02-06-2025,107.71030
HDFC Top 100 Fund - Direct Plan - Growth,30-05-2025,107.65700
HDFC Top 100 Fund - Direct Plan - Growth,29-05-2025,107.68830
HDFC Top 100 Fund - Direct Plan - Growth,28-05-2025,107.68220
HDFC Top 100 Fund - Direct Plan - Growth,27-05-2025,107.63290
HDFC Top 100 Fund - Direct Plan - Growth,26-05-2025,107.62180
HDFC Top 100 Fund - Direct Plan - Growth,23-05-2025,107.55340
HDFC Top 100 Fund - Direct Plan - Growth,22-05-2025,107.51930
HDFC Top 100 Fund - Direct Plan - Growth,21-05-2025,107.48780
HDFC Top 100 Fund - Direct Plan - Growth,20-05-2025,107.28670
HDFC Top 100 Fund - Direct Plan - Growth,19-05-2025,107.17660
HDFC Top 100 Fund - Direct Plan - Growth,16-05-2025,107.06880
HDFC Top 100 Fund - Direct Plan - Growth,15-05-2025,106.90550
HDFC Top 100 Fund - Direct Plan - Growth,14-05-2025,106.79010
HDFC Top 100 Fund - Direct Plan - Growth,13-05-2025,106.66610
HDFC Top 100 Fund - Direct Plan - Growth,09-05-2025,106.27890
HDFC Top 100 Fund - Direct Plan - Growth,08-05-2025,106.34660
HDFC Top 100 Fund - Direct Plan - Growth,07-05-2025,106.55850
HDFC Top 100 Fund - Direct Plan - Growth,06-05-2025,106.50850
HDFC Top 100 Fund - Direct Plan - Growth,05-05-2025,106.54510
HDFC Top 100 Fund - Direct Plan - Growth,02-05-2025,106.45730
HDFC Top 100 Fund - Direct Plan - Growth,30-04-2025,106.42720
HDFC Top 100 Fund - Direct Plan - Growth,29-04-2025,106.42310
HDFC Top 100 Fund - Direct Plan - Growth,28-04-2025,106.34220
HDFC Top 100 Fund - Direct Plan - Growth,25-04-2025,106.29280
HDFC Top 100 Fund - Direct Plan - Growth,24-04-2025,106.34310
HDFC Top 100 Fund - Direct Plan - Growth,23-04-2025,106.35570
HDFC Top 100 Fund - Direct Plan - Growth,22-04-2025,106.28670
HDFC Top 100 Fund - Direct Plan - Growth,21-04-2025,106.19590
HDFC Top 100 Fund - Direct Plan - Growth,17-04-2025,106.03930
HDFC Top 100 Fund - Direct Plan - Growth,16-04-2025,105.91380
HDFC Top 100 Fund - Direct Plan - Growth,15-04-2025,105.82560
HDFC Top 100 Fund - Direct Plan - Growth,11-04-2025,105.71660
HDFC Top 100 Fund - Direct Plan - Growth,09-04-2025,105.59500
HDFC Top 100 Fund - Direct Plan - Growth,08-04-2025,105.47980
HDFC Top 100 Fund - Direct Plan - Growth,07-04-2025,105.48950
HDFC Top 100 Fund - Direct Plan - Growth,04-04-2025,105.47310
HDFC Top 100 Fund - Direct Plan - Growth,03-04-2025,105.40700
HDFC Top 100 Fund - Direct Plan - Growth,02-04-2025,105.26930
HDFC Top 100 Fund - Direct Plan - Growth,31-03-2025,104.85170
HDFC Top 100 Fund - Direct Plan - Growth,28-03-2025,104.79800
HDFC Top 100 Fund - Direct Plan - Growth,27-03-2025,104.58870
HDFC Top 100 Fund - Direct Plan - Growth,26-03-2025,104.42750
HDFC Top 100 Fund - Direct Plan - Growth,25-03-2025,104.31520
HDFC Top 100 Fund - Direct Plan - Growth,24-03-2025,104.27110
HDFC Top 100 Fund - Direct Plan - Growth,21-03-2025,104.17870
HDFC Top 100 Fund - Direct Plan - Growth,20-03-2025,104.08510
HDFC Top 100 Fund - Direct Plan - Growth,19-03-2025,103.98430
HDFC Top 100 Fund - Direct Plan - Growth,18-03-2025,103.86850
HDFC Top 100 Fund - Direct Plan - Growth,17-03-2025,103.81830
HDFC Top 100 Fund - Direct Plan - Growth,13-03-2025,103.73140
HDFC Top 100 Fund - Direct Plan - Growth,12-03-2025,103.69370
HDFC Top 100 Fund - Direct Plan - Growth,11-03-2025,103.66330
HDFC Top 100 Fund - Direct Plan - Growth,10-03-2025,103.63180
HDFC Top 100 Fund - Direct Plan - Growth,07-03-2025,103.59320
HDFC Top 100 Fund - Direct Plan - Growth,06-03-2025,103.57700
HDFC Top 100 Fund - Direct Plan - Growth,05-03-2025,103.51560
HDFC Top 100 Fund - Direct Plan - Growth,04-03-2025,103.49610
HDFC Top 100 Fund - Direct Plan - Growth,03-03-2025,103.49150
HDFC Top 100 Fund - Direct Plan - Growth,28-02-2025,103.45420
HDFC Top 100 Fund - Direct Plan - Growth,27-02-2025,103.47500
HDFC Top 100 Fund - Direct Plan - Growth,25-02-2025,103.53110
HDFC Top 100 Fund - Direct Plan - Growth,24-02-2025,103.52300
HDFC Top 100 Fund - Direct Plan - Growth,21-02-2025,103.46060
HDFC Top 100 Fund - Direct Plan - Growth,20-02-2025,103.44730
HDFC Top 100 Fund - Direct Plan - Growth,18-02-2025,103.42800
HDFC Top 100 Fund - Direct Plan - Growth,17-02-2025,103.40240
HDFC Top 100 Fund - Direct Plan - Growth,14-02-2025,103.35870
HDFC Top 100 Fund - Direct Plan - Growth,13-02-2025,103.34130
HDFC Top 100 Fund - Direct Plan - Growth,12-02-2025,103.33270
HDFC Top 100 Fund - Direct Plan - Growth,11-02-2025,103.34910
HDFC Top 100 Fund - Direct Plan - Growth,10-02-2025,103.31190
HDFC Top 100 Fund - Direct Plan - Growth,07-02-2025,103.29830
HDFC Top 100 Fund - Direct Plan - Growth,06-02-2025,103.35570
HDFC Top 100 Fund - Direct Plan - Growth,05-02-2025,103.28870
HDFC Top 100 Fund - Direct Plan - Growth,04-02-2025,103.20960
HDFC Top 100 Fund - Direct Plan - Growth,03-02-2025,103.20790
HDFC Top 100 Fund - Direct Plan - Growth,31-01-2025,103.11940
HDFC Top 100 Fund - Direct Plan - Growth,30-01-2025,103.09950
HDFC Top 100 Fund - Direct Plan - Growth,29-01-2025,103.06310
HDFC Top 100 Fund - Direct Plan - Growth,28-01-2025,103.05510
HDFC Top 100 Fund - Direct Plan - Growth,27-01-2025,103.01910
HDFC Top 100 Fund - Direct Plan - Growth,24-01-2025,102.90000
HDFC Top 100 Fund - Direct Plan - Growth,23-01-2025,102.88280
HDFC Top 100 Fund - Direct Plan - Growth,22-01-2025,102.88200
HDFC Top 100 Fund - Direct Plan - Growth,21-01-2025,102.83300
HDFC Top 100 Fund - Direct Plan - Growth,20-01-2025,102.77220
HDFC Top 100 Fund - Direct Plan - Growth,17-01-2025,102.69710
HDFC Top 100 Fund - Direct Plan - Growth,16-01-2025,102.68460
HDFC Top 100 Fund - Direct Plan - Growth,15-01-2025,102.55470
HDFC Top 100 Fund - Direct Plan - Growth,14-01-2025,102.50670
HDFC Top 100 Fund - Direct Plan - Growth,13-01-2025,102.47900
HDFC Top 100 Fund - Direct Plan - Growth,10-01-2025,102.57880
HDFC Top 100 Fund - Direct Plan - Growth,09-01-2025,102.56690
HDFC Top 100 Fund - Direct Plan - Growth,08-01-2025,102.58420
HDFC Top 100 Fund - Direct Plan - Growth,07-01-2025,102.59420
HDFC Top 100 Fund - Direct Plan - Growth,06-01-2025,102.54280
HDFC Top 100 Fund - Direct Plan - Growth,03-01-2025,102.47340
HDFC Top 100 Fund - Direct Plan - Growth,02-01-2025,102.44110
HDFC Top 100 Fund - Direct Plan - Growth,01-01-2025,102.43730
HDFC Top 100 Fund - Direct Plan - Growth,31-12-2024,102.42610
HDFC Top 100 Fund - Direct Plan - Growth,30-12-2024,102.39350
HDFC Top 100 Fund - Direct Plan - Growth,27-12-2024,102.33770
HDFC Top 100 Fund - Direct Plan - Growth,26-12-2024,102.30570
HDFC Top 100 Fund - Direct Plan - Growth,24-12-2024,102.27600
HDFC Top 100 Fund - Direct Plan - Growth,23-12-2024,102.29710
HDFC Top 100 Fund - Direct Plan - Growth,20-12-2024,102.22990
HDFC Top 100 Fund - Direct Plan - Growth,19-12-2024,102.23190
HDFC Top 100 Fund - Direct Plan - Growth,18-12-2024,102.30510
HDFC Top 100 Fund - Direct Plan - Growth,17-12-2024,102.27880
HDFC Top 100 Fund - Direct Plan - Growth,16-12-2024,108.81760
HDFC Top 100 Fund - Direct Plan - Growth,13-12-2024,108.76540
HDFC Top 100 Fund - Direct Plan - Growth,12-12-2024,108.76000
HDFC Top 100 Fund - Direct Plan - Growth,11-12-2024,108.77140
HDFC Top 100 Fund - Direct Plan - Growth,10-12-2024,108.75120
HDFC Top 100 Fund - Direct Plan - Growth,09-12-2024,108.71240
HDFC Top 100 Fund - Direct Plan - Growth,06-12-2024,108.64920
HDFC Top 100 Fund - Direct Plan - Growth,05-12-2024,108.71270
HDFC Top 100 Fund - Direct Plan - Growth,04-12-2024,108.66520
HDFC Top 100 Fund - Direct Plan - Growth,03-12-2024,108.57720
HDFC Top 100 Fund - Direct Plan - Growth,02-12-2024,108.54700
HDFC Top 100 Fund - Direct Plan - Growth,29-11-2024,108.34810
HDFC Top 100 Fund - Direct Plan - Growth,28-11-2024,108.24800
HDFC Top 100 Fund - Direct Plan - Growth,27-11-2024,108.21860
HDFC Top 100 Fund - Direct Plan - Growth,26-11-2024,108.23400
HDFC Top 100 Fund - Direct Plan - Growth,25-11-2024,108.21990
HDFC Top 100 Fund - Direct Plan - Growth,22-11-2024,108.13010
HDFC Top 100 Fund - Direct Plan - Growth,21-11-2024,108.15470
HDFC Top 100 Fund - Direct Plan - Growth,19-11-2024,108.14590
HDFC Top 100 Fund - Direct Plan - Growth,18-11-2024,108.11440
HDFC Top 100 Fund - Direct Plan - Growth,14-11-2024,108.02650
HDFC Top 100 Fund - Direct Plan - Growth,13-11-2024,108.05130
HDFC Top 100 Fund - Direct Plan - Growth,12-11-2024,108.05340
HDFC Top 100 Fund - Direct Plan - Growth,11-11-2024,108.04570
HDFC Top 100 Fund - Direct Plan - Growth,08-11-2024,107.98840
HDFC Top 100 Fund - Direct Plan - Growth,07-11-2024,107.92370
HDFC Top 100 Fund - Direct Plan - Growth,06-11-2024,107.88790
HDFC Top 100 Fund - Direct Plan - Growth,05-11-2024,107.88740
HDFC Top 100 Fund - Direct Plan - Growth,04-11-2024,107.87390
HDFC Top 100 Fund - Direct Plan - Growth,31-10-2024,107.80150
HDFC Top 100 Fund - Direct Plan - Growth,30-10-2024,107.78810
HDFC Top 100 Fund - Direct Plan - Growth,29-10-2024,107.72500
HDFC Top 100 Fund - Direct Plan - Growth,28-10-2024,107.68610
HDFC Top 100 Fund - Direct Plan - Growth,25-10-2024,107.69090
HDFC Top 100 Fund - Direct Plan - Growth,24-10-2024,107.67400
HDFC Top 100 Fund - Direct Plan - Growth,23-10-2024,107.63360
HDFC Top 100 Fund - Direct Plan - Growth,22-10-2024,107.58690
HDFC Top 100 Fund - Direct Plan - Growth,21-10-2024,107.63570
HDFC Top 100 Fund - Direct Plan - Growth,18-10-2024,107.61580
HDFC Top 100 Fund - Direct Plan - Growth,17-10-2024,107.65030
HDFC Top 100 Fund - Direct Plan - Growth,16-10-2024,107.65350
HDFC Top 100 Fund - Direct Plan - Growth,15-10-2024,107.65340
HDFC Top 100 Fund - Direct Plan - Growth,14-10-2024,107.61860
HDFC Top 100 Fund - Direct Plan - Growth,11-10-2024,107.52650
HDFC Top 100 Fund - Direct Plan - Growth,10-10-2024,107.50400
HDFC Top 100 Fund - Direct Plan - Growth,09-10-2024,107.47720
HDFC Top 100 Fund - Direct Plan - Growth,08-10-2024,107.31260
HDFC Top 100 Fund - Direct Plan - Growth,07-10-2024,107.24870
HDFC Top 100 Fund - Direct Plan - Growth,04-10-2024,107.22570
HDFC Top 100 Fund - Direct Plan - Growth,03-10-2024,107.30760
HDFC Top 100 Fund - Direct Plan - Growth,01-10-2024,107.32370
HDFC Top 100 Fund - Direct Plan - Growth,30-09-2024,107.22500
HDFC Top 100 Fund - Direct Plan - Growth,27-09-2024,107.17690
HDFC Top 100 Fund - Direct Plan - Growth,26-09-2024,107.19660
HDFC Top 100 Fund - Direct Plan - Growth,25-09-2024,107.11260
HDFC Top 100 Fund - Direct Plan - Growth,24-09-2024,107.04660
HDFC Top 100 Fund - Direct Plan - Growth,23-09-2024,107.02370
HDFC Top 100 Fund - Direct Plan - Growth,20-09-2024,106.92900
HDFC Top 100 Fund - Direct Plan - Growth,19-09-2024,106.88090
HDFC Top 100 Fund - Direct Plan - Growth,17-09-2024,106.76390
HDFC Top 100 Fund - Direct Plan - Growth,16-09-2024,106.76230
HDFC Top 100 Fund - Direct Plan - Growth,13-09-2024,106.65730
HDFC Top 100 Fund - Direct Plan - Growth,12-09-2024,106.58270
HDFC Top 100 Fund - Direct Plan - Growth,11-09-2024,106.55120
HDFC Top 100 Fund - Direct Plan - Growth,10-09-2024,106.49020
HDFC Top 100 Fund - Direct Plan - Growth,09-09-2024,106.46670
HDFC Top 100 Fund - Direct Plan - Growth,06-09-2024,106.41460
HDFC Top 100 Fund - Direct Plan - Growth,05-09-2024,106.40590
HDFC Top 100 Fund - Direct Plan - Growth,04-09-2024,106.37540
HDFC Top 100 Fund - Direct Plan - Growth,03-09-2024,106.33290
HDFC Top 100 Fund - Direct Plan - Growth,02-09-2024,106.30540
HDFC Top 100 Fund - Direct Plan - Growth,30-08-2024,106.26680
HDFC Top 100 Fund - Direct Plan - Growth,29-08-2024,106.26480
HDFC Top 100 Fund - Direct Plan - Growth,28-08-2024,106.23650
HDFC Top 100 Fund - Direct Plan - Growth,27-08-2024,106.19530
HDFC Top 100 Fund - Direct Plan - Growth,26-08-2024,106.17030
HDFC Top 100 Fund - Direct Plan - Growth,23-08-2024,106.11270
HDFC Top 100 Fund - Direct Plan - Growth,22-08-2024,106.08580
HDFC Top 100 Fund - Direct Plan - Growth,21-08-2024,106.05180
HDFC Top 100 Fund - Direct Plan - Growth,20-08-2024,106.02520
HDFC Top 100 Fund - Direct Plan - Growth,19-08-2024,105.98180
HDFC Top 100 Fund - Direct Plan - Growth,16-08-2024,105.91160
HDFC Top 100 Fund - Direct Plan - Growth,14-08-2024,105.89430
HDFC Top 100 Fund - Direct Plan - Growth,13-08-2024,105.85320
HDFC Top 100 Fund - Direct Plan - Growth,12-08-2024,105.82620
HDFC Top 100 Fund - Direct Plan - Growth,09-08-2024,105.78610
HDFC Top 100 Fund - Direct Plan - Growth,08-08-2024,105.76370
HDFC Top 100 Fund - Direct Plan - Growth,07-08-2024,105.75490
HDFC Top 100 Fund - Direct Plan - Growth,06-08-2024,105.72530
HDFC Top 100 Fund - Direct Plan - Growth,05-08-2024,105.72620
HDFC Top 100 Fund - Direct Plan - Growth,02-08-2024,105.59090
HDFC Top 100 Fund - Direct Plan - Growth,01-08-2024,105.54550
HDFC Top 100 Fund - Direct Plan - Growth,31-07-2024,105.51090
HDFC Top 100 Fund - Direct Plan - Growth,30-07-2024,105.50940
HDFC Top 100 Fund - Direct Plan - Growth,29-07-2024,105.51190
HDFC Top 100 Fund - Direct Plan - Growth,26-07-2024,105.41350
HDFC Top 100 Fund - Direct Plan - Growth,25-07-2024,105.34080
HDFC Top 100 Fund - Direct Plan - Growth,24-07-2024,105.25950
HDFC Top 100 Fund - Direct Plan - Growth,23-07-2024,105.22530
HDFC Top 100 Fund - Direct Plan - Growth,22-07-2024,105.22300
HDFC Top 100 Fund - Direct Plan - Growth,19-07-2024,105.17580
HDFC Top 100 Fund - Direct Plan - Growth,18-07-2024,105.14520
HDFC Top 100 Fund - Direct Plan - Growth,16-07-2024,105.08550
HDFC Top 100 Fund - Direct Plan - Growth,15-07-2024,105.01510
HDFC Top 100 Fund - Direct Plan - Growth,12-07-2024,104.92920
HDFC Top 100 Fund - Direct Plan - Growth,11-07-2024,104.92270
HDFC Top 100 Fund - Direct Plan - Growth,10-07-2024,104.90090
HDFC Top 100 Fund - Direct Plan - Growth,09-07-2024,104.87610
HDFC Top 100 Fund - Direct Plan - Growth,08-07-2024,104.84850
HDFC Top 100 Fund - Direct Plan - Growth,05-07-2024,104.77860
HDFC Top 100 Fund - Direct Plan - Growth,04-07-2024,104.74500
HDFC Top 100 Fund - Direct Plan - Growth,03-07-2024,104.71140
HDFC Top 100 Fund - Direct Plan - Growth,02-07-2024,104.67240
HDFC Top 100 Fund - Direct Plan - Growth,01-07-2024,104.62760
HDFC Top 100 Fund - Direct Plan - Growth,30-06-2024,104.61360
HDFC Top 100 Fund - Direct Plan - Growth,28-06-2024,104.57400
HDFC Top 100 Fund - Direct Plan - Growth,27-06-2024,104.53820
HDFC Top 100 Fund - Direct Plan - Growth,26-06-2024,104.51870
HDFC Top 100 Fund - Direct Plan - Growth,25-06-2024,104.54050
HDFC Top 100 Fund - Direct Plan - Growth,24-06-2024,117.87080
HDFC Top 100 Fund - Direct Plan - Growth,21-06-2024,104.47130
HDFC Top 100 Fund - Direct Plan - Growth,20-06-2024,104.43200
HDFC Top 100 Fund - Direct Plan - Growth,19-06-2024,104.39940
HDFC Top 100 Fund - Direct Plan - Growth,18-06-2024,104.35240
HDFC Top 100 Fund - Direct Plan - Growth,14-06-2024,104.27040
HDFC Top 100 Fund - Direct Plan - Growth,13-06-2024,104.23660
HDFC Top 100 Fund - Direct Plan - Growth,12-06-2024,104.17780
HDFC Top 100 Fund - Direct Plan - Growth,11-06-2024,104.15560
HDFC Top 100 Fund - Direct Plan - Growth,10-06-2024,104.09280
HDFC Top 100 Fund - Direct Plan - Growth,07-06-2024,104.03510
HDFC Top 100 Fund - Direct Plan - Growth,06-06-2024,103.99790
HDFC Top 100 Fund - Direct Plan - Growth,05-06-2024,103.90010
HDFC Top 100 Fund - Direct Plan - Growth,04-06-2024,103.84140
HDFC Top 100 Fund - Direct Plan - Growth,03-06-2024,104.09830
HDFC Top 100 Fund - Direct Plan - Growth,31-05-2024,103.95470
HDFC Top 100 Fund - Direct Plan - Growth,30-05-2024,103.92790
HDFC Top 100 Fund - Direct Plan - Growth,29-05-2024,103.89540
HDFC Top 100 Fund - Direct Plan - Growth,28-05-2024,103.91180
HDFC Top 100 Fund - Direct Plan - Growth,27-05-2024,103.91530
HDFC Top 100 Fund - Direct Plan - Growth,24-05-2024,103.87100
HDFC Top 100 Fund - Direct Plan - Growth,22-05-2024,103.79920
HDFC Top 100 Fund - Direct Plan - Growth,21-05-2024,103.72470
HDFC Top 100 Fund - Direct Plan - Growth,17-05-2024,103.60860
HDFC Top 100 Fund - Direct Plan - Growth,16-05-2024,103.61800
HDFC Top 100 Fund - Direct Plan - Growth,15-05-2024,103.53120
HDFC Top 100 Fund - Direct Plan - Growth,14-05-2024,103.45250
HDFC Top 100 Fund - Direct Plan - Growth,13-05-2024,103.41880
HDFC Top 100 Fund - Direct Plan - Growth,10-05-2024,103.36070
HDFC Top 100 Fund - Direct Plan - Growth,09-05-2024,103.32710
HDFC Top 100 Fund - Direct Plan - Growth,08-05-2024,103.31910
HDFC Top 100 Fund - Direct Plan - Growth,07-05-2024,103.32510
HDFC Top 100 Fund - Direct Plan - Growth,06-05-2024,103.31350
HDFC Top 100 Fund - Direct Plan - Growth,03-05-2024,103.16000
HDFC Top 100 Fund - Direct Plan - Growth,02-05-2024,103.10970
HDFC Top 100 Fund - Direct Plan - Growth,30-04-2024,103.05140
HDFC Top 100 Fund - Direct Plan - Growth,29-04-2024,103.01610
HDFC Top 100 Fund - Direct Plan - Growth,26-04-2024,102.95930
HDFC Top 100 Fund - Direct Plan - Growth,25-04-2024,102.94930
HDFC Top 100 Fund - Direct Plan - Growth,24-04-2024,102.95490
HDFC Top 100 Fund - Direct Plan - Growth,23-04-2024,102.95320
HDFC Top 100 Fund - Direct Plan - Growth,22-04-2024,102.88180
HDFC Top 100 Fund - Direct Plan - Growth,19-04-2024,102.78500
HDFC Top 100 Fund - Direct Plan - Growth,18-04-2024,102.87800
HDFC Top 100 Fund - Direct Plan - Growth,16-04-2024,102.83400
HDFC Top 100 Fund - Direct Plan - Growth,15-04-2024,102.86950
HDFC Top 100 Fund - Direct Plan - Growth,12-04-2024,102.78530
HDFC Top 100 Fund - Direct Plan - Growth,10-04-2024,102.89980
HDFC Top 100 Fund - Direct Plan - Growth,08-04-2024,102.78940
HDFC Top 100 Fund - Direct Plan - Growth,05-04-2024,102.82780
HDFC Top 100 Fund - Direct Plan - Growth,04-04-2024,102.83100
HDFC Top 100 Fund - Direct Plan - Growth,03-04-2024,102.79320
HDFC Top 100 Fund - Direct Plan - Growth,02-04-2024,102.76080
HDFC Top 100 Fund - Direct Plan - Growth,31-03-2024,102.76320
HDFC Top 100 Fund - Direct Plan - Growth,28-03-2024,102.70960
HDFC Top 100 Fund - Direct Plan - Growth,27-03-2024,102.53610
HDFC Top 100 Fund - Direct Plan - Growth,26-03-2024,110.19030
HDFC Top 100 Fund - Direct Plan - Growth,22-03-2024,110.17290
HDFC Top 100 Fund - Direct Plan - Growth,21-03-2024,110.20460
HDFC Top 100 Fund - Direct Plan - Growth,20-03-2024,110.14850
HDFC Top 100 Fund - Direct Plan - Growth,19-03-2024,110.11400
HDFC Top 100 Fund - Direct Plan - Growth,18-03-2024,110.14400
HDFC Top 100 Fund - Direct Plan - Growth,15-03-2024,110.13190
HDFC Top 100 Fund - Direct Plan - Growth,14-03-2024,110.11960
HDFC Top 100 Fund - Direct Plan - Growth,13-03-2024,110.13030
HDFC Top 100 Fund - Direct Plan - Growth,12-03-2024,110.12460
HDFC Top 100 Fund - Direct Plan - Growth,11-03-2024,110.12000
HDFC Top 100 Fund - Direct Plan - Growth,07-03-2024,109.96240
HDFC Top 100 Fund - Direct Plan - Growth,06-03-2024,109.91770
HDFC Top 100 Fund - Direct Plan - Growth,05-03-2024,109.85520
HDFC Top 100 Fund - Direct Plan - Growth,04-03-2024,109.84360
HDFC Top 100 Fund - Direct Plan - Growth,01-03-2024,109.78340
HDFC Top 100 Fund - Direct Plan - Growth,29-02-2024,109.77110
HDFC Top 100 Fund - Direct Plan - Growth,28-02-2024,109.75690
HDFC Top 100 Fund - Direct Plan - Growth,27-02-2024,109.71470
HDFC Top 100 Fund - Direct Plan - Growth,26-02-2024,109.71610
HDFC Top 100 Fund - Direct Plan - Growth,23-02-2024,109.61860
HDFC Top 100 Fund - Direct Plan - Growth,22-02-2024,109.60910
HDFC Top 100 Fund - Direct Plan - Growth,21-02-2024,109.58460
HDFC Top 100 Fund - Direct Plan - Growth,20-02-2024,109.53830
HDFC Top 100 Fund - Direct Plan - Growth,16-02-2024,109.39300
HDFC Top 100 Fund - Direct Plan - Growth,15-02-2024,109.37710
HDFC Top 100 Fund - Direct Plan - Growth,14-02-2024,109.29380
HDFC Top 100 Fund - Direct Plan - Growth,13-02-2024,109.32210
HDFC Top 100 Fund - Direct Plan - Growth,12-02-2024,109.31830
HDFC Top 100 Fund - Direct Plan - Growth,09-02-2024,109.25690
HDFC Top 100 Fund - Direct Plan - Growth,08-02-2024,109.29290
HDFC Top 100 Fund - Direct Plan - Growth,07-02-2024,109.29380
HDFC Top 100 Fund - Direct Plan - Growth,06-02-2024,109.24890
HDFC Top 100 Fund - Direct Plan - Growth,05-02-2024,109.22790
HDFC Top 100 Fund - Direct Plan - Growth,02-02-2024,109.24840
HDFC Top 100 Fund - Direct Plan - Growth,01-02-2024,109.13340
HDFC Top 100 Fund - Direct Plan - Growth,31-01-2024,108.95010
HDFC Top 100 Fund - Direct Plan - Growth,30-01-2024,108.90940
HDFC Top 100 Fund - Direct Plan - Growth,29-01-2024,108.86630
HDFC Top 100 Fund - Direct Plan - Growth,25-01-2024,108.77950
HDFC Top 100 Fund - Direct Plan - Growth,24-01-2024,108.75840
HDFC Top 100 Fund - Direct Plan - Growth,23-01-2024,108.75600
HDFC Top 100 Fund - Direct Plan - Growth,19-01-2024,108.66340
HDFC Top 100 Fund - Direct Plan - Growth,18-01-2024,108.66910
HDFC Top 100 Fund - Direct Plan - Growth,17-01-2024,108.66410
HDFC Top 100 Fund - Direct Plan - Growth,16-01-2024,108.65650
HDFC Top 100 Fund - Direct Plan - Growth,15-01-2024,108.65460
HDFC Top 100 Fund - Direct Plan - Growth,12-01-2024,108.52770
HDFC Top 100 Fund - Direct Plan - Growth,11-01-2024,108.47680
HDFC Top 100 Fund - Direct Plan - Growth,10-01-2024,108.46870
HDFC Top 100 Fund - Direct Plan - Growth,09-01-2024,108.43510
HDFC Top 100 Fund - Direct Plan - Growth,08-01-2024,108.40130
HDFC Top 100 Fund - Direct Plan - Growth,05-01-2024,108.29340
HDFC Top 100 Fund - Direct Plan - Growth,04-01-2024,108.30680
HDFC Top 100 Fund - Direct Plan - Growth,03-01-2024,108.30330
HDFC Top 100 Fund - Direct Plan - Growth,02-01-2024,108.30200
HDFC Top 100 Fund - Direct Plan - Growth,01-01-2024,108.29620
HDFC Top 100 Fund - Direct Plan - Growth,29-12-2023,108.24040
HDFC Top 100 Fund - Direct Plan - Growth,28-12-2023,116.28690
HDFC Top 100 Fund - Direct Plan - Growth,27-12-2023,116.27850
HDFC Top 100 Fund - Direct Plan - Growth,26-12-2023,116.29000
HDFC Top 100 Fund - Direct Plan - Growth,22-12-2023,116.18620
HDFC Top 100 Fund - Direct Plan - Growth,21-12-2023,116.16660
HDFC Top 100 Fund - Direct Plan - Growth,20-12-2023,116.16370
HDFC Top 100 Fund - Direct Plan - Growth,19-12-2023,116.14600
HDFC Top 100 Fund - Direct Plan - Growth,18-12-2023,116.14980
HDFC Top 100 Fund - Direct Plan - Growth,15-12-2023,116.06750
HDFC Top 100 Fund - Direct Plan - Growth,14-12-2023,115.94490
HDFC Top 100 Fund - Direct Plan - Growth,13-12-2023,115.77670
HDFC Top 100 Fund - Direct Plan - Growth,12-12-2023,115.73870
HDFC Top 100 Fund - Direct Plan - Growth,11-12-2023,115.72130
HDFC Top 100 Fund - Direct Plan - Growth,08-12-2023,115.69750
HDFC Top 100 Fund - Direct Plan - Growth,07-12-2023,115.70120
HDFC Top 100 Fund - Direct Plan - Growth,06-12-2023,115.67140
HDFC Top 100 Fund - Direct Plan - Growth,05-12-2023,115.60870
HDFC Top 100 Fund - Direct Plan - Growth,04-12-2023,115.57860
HDFC Top 100 Fund - Direct Plan - Growth,01-12-2023,115.49280
HDFC Top 100 Fund - Direct Plan - Growth,30-11-2023,115.51180
HDFC Top 100 Fund - Direct Plan - Growth,29-11-2023,115.52480
HDFC Top 100 Fund - Direct Plan - Growth,28-11-2023,115.46060
HDFC Top 100 Fund - Direct Plan - Growth,24-11-2023,115.34870
HDFC Top 100 Fund - Direct Plan - Growth,23-11-2023,115.38380
HDFC Top 100 Fund - Direct Plan - Growth,22-11-2023,115.39560
HDFC Top 100 Fund - Direct Plan - Growth,21-11-2023,115.34620
HDFC Top 100 Fund - Direct Plan - Growth,20-11-2023,115.41240
HDFC Top 100 Fund - Direct Plan - Growth,17-11-2023,115.40460
HDFC Top 100 Fund - Direct Plan - Growth,16-11-2023,115.35900
HDFC Top 100 Fund - Direct Plan - Growth,15-11-2023,115.31840
HDFC Top 100 Fund - Direct Plan - Growth,13-11-2023,115.17620
HDFC Top 100 Fund - Direct Plan - Growth,10-11-2023,115.10990
HDFC Top 100 Fund - Direct Plan - Growth,09-11-2023,115.14820
HDFC Top 100 Fund - Direct Plan - Growth,08-11-2023,115.09700
HDFC Top 100 Fund - Direct Plan - Growth,07-11-2023,115.04810
HDFC Top 100 Fund - Direct Plan - Growth,06-11-2023,114.99390
HDFC Top 100 Fund - Direct Plan - Growth,03-11-2023,114.91850
HDFC Top 100 Fund - Direct Plan - Growth,02-11-2023,114.85980
HDFC Top 100 Fund - Direct Plan - Growth,01-11-2023,114.76190
HDFC Top 100 Fund - Direct Plan - Growth,31-10-2023,114.75320
HDFC Top 100 Fund - Direct Plan - Growth,30-10-2023,114.72130
HDFC Top 100 Fund - Direct Plan - Growth,27-10-2023,114.67550
HDFC Top 100 Fund - Direct Plan - Growth,26-10-2023,114.65430
HDFC Top 100 Fund - Direct Plan - Growth,25-10-2023,114.63850
HDFC Top 100 Fund - Direct Plan - Growth,23-10-2023,114.55610
HDFC Top 100 Fund - Direct Plan - Growth,20-10-2023,114.52030
HDFC Top 100 Fund - Direct Plan - Growth,19-10-2023,114.50850
HDFC Top 100 Fund - Direct Plan - Growth,18-10-2023,114.52640
HDFC Top 100 Fund - Direct Plan - Growth,17-10-2023,114.53360
HDFC Top 100 Fund - Direct Plan - Growth,16-10-2023,114.51500
HDFC Top 100 Fund - Direct Plan - Growth,13-10-2023,114.45760
HDFC Top 100 Fund - Direct Plan - Growth,12-10-2023,114.42770
HDFC Top 100 Fund - Direct Plan - Growth,11-10-2023,114.37720
HDFC Top 100 Fund - Direct Plan - Growth,10-10-2023,114.27730
HDFC Top 100 Fund - Direct Plan - Growth,09-10-2023,114.23350
HDFC Top 100 Fund - Direct Plan - Growth,06-10-2023,114.22820
HDFC Top 100 Fund - Direct Plan - Growth,05-10-2023,114.51520
HDFC Top 100 Fund - Direct Plan - Growth,04-10-2023,114.43010
HDFC Top 100 Fund - Direct Plan - Growth,03-10-2023,114.42570
HDFC Top 100 Fund - Direct Plan - Growth,29-09-2023,114.37460
HDFC Top 100 Fund - Direct Plan - Growth,27-09-2023,114.40220
HDFC Top 100 Fund - Direct Plan - Growth,26-09-2023,114.38580
HDFC Top 100 Fund - Direct Plan - Growth,25-09-2023,114.39260
HDFC Top 100 Fund - Direct Plan - Growth,22-09-2023,114.34370
HDFC Top 100 Fund - Direct Plan - Growth,21-09-2023,114.33460
HDFC Top 100 Fund - Direct Plan - Growth,20-09-2023,114.30680
HDFC Top 100 Fund - Direct Plan - Growth,18-09-2023,114.22570
HDFC Top 100 Fund - Direct Plan - Growth,15-09-2023,114.16340
HDFC Top 100 Fund - Direct Plan - Growth,14-09-2023,114.24680
HDFC Top 100 Fund - Direct Plan - Growth,13-09-2023,114.14710
HDFC Top 100 Fund - Direct Plan - Growth,12-09-2023,114.00960
HDFC Top 100 Fund - Direct Plan - Growth,11-09-2023,114.02390
HDFC Top 100 Fund - Direct Plan - Growth,08-09-2023,114.00150
HDFC Top 100 Fund - Direct Plan - Growth,07-09-2023,114.04370
HDFC Top 100 Fund - Direct Plan - Growth,06-09-2023,113.95710
HDFC Top 100 Fund - Direct Plan - Growth,05-09-2023,113.99840
HDFC Top 100 Fund - Direct Plan - Growth,04-09-2023,113.98430
HDFC Top 100 Fund - Direct Plan - Growth,01-09-2023,113.92050
HDFC Top 100 Fund - Direct Plan - Growth,31-08-2023,113.90050
HDFC Top 100 Fund - Direct Plan - Growth,30-08-2023,113.88340
HDFC Top 100 Fund - Direct Plan - Growth,29-08-2023,113.84670
HDFC Top 100 Fund - Direct Plan - Growth,28-08-2023,113.82210
HDFC Top 100 Fund - Direct Plan - Growth,25-08-2023,113.70800
HDFC Top 100 Fund - Direct Plan - Growth,24-08-2023,113.69820
HDFC Top 100 Fund - Direct Plan - Growth,23-08-2023,113.63580
HDFC Top 100 Fund - Direct Plan - Growth,22-08-2023,113.56080
HDFC Top 100 Fund - Direct Plan - Growth,21-08-2023,113.57260
HDFC Top 100 Fund - Direct Plan - Growth,18-08-2023,113.50550
HDFC Top 100 Fund - Direct Plan - Growth,17-08-2023,113.44800
HDFC Top 100 Fund - Direct Plan - Growth,14-08-2023,113.47170
HDFC Top 100 Fund - Direct Plan - Growth,11-08-2023,113.43280
HDFC Top 100 Fund - Direct Plan - Growth,10-08-2023,113.46950
HDFC Top 100 Fund - Direct Plan - Growth,09-08-2023,113.44460
HDFC Top 100 Fund - Direct Plan - Growth,08-08-2023,113.40970
HDFC Top 100 Fund - Direct Plan - Growth,07-08-2023,113.41450
HDFC Top 100 Fund - Direct Plan - Growth,04-08-2023,113.30240
HDFC Top 100 Fund - Direct Plan - Growth,03-08-2023,113.33660
HDFC Top 100 Fund - Direct Plan - Growth,02-08-2023,113.37100
HDFC Top 100 Fund - Direct Plan - Growth,01-08-2023,113.35020
HDFC Top 100 Fund - Direct Plan - Growth,31-07-2023,113.29550
HDFC Top 100 Fund - Direct Plan - Growth,28-07-2023,113.22330
HDFC Top 100 Fund - Direct Plan - Growth,27-07-2023,113.30200
HDFC Top 100 Fund - Direct Plan - Growth,26-07-2023,113.25000
HDFC Top 100 Fund - Direct Plan - Growth,25-07-2023,113.20680
HDFC Top 100 Fund - Direct Plan - Growth,24-07-2023,113.25200
HDFC Top 100 Fund - Direct Plan - Growth,21-07-2023,113.18670
HDFC Top 100 Fund - Direct Plan - Growth,20-07-2023,113.21350
HDFC Top 100 Fund - Direct Plan - Growth,19-07-2023,113.18500
HDFC Top 100 Fund - Direct Plan - Growth,18-07-2023,113.15390
HDFC Top 100 Fund - Direct Plan - Growth,17-07-2023,113.09330
HDFC Top 100 Fund - Direct Plan - Growth,14-07-2023,113.02240
HDFC Top 100 Fund - Direct Plan - Growth,13-07-2023,112.97940
HDFC Top 100 Fund - Direct Plan - Growth,12-07-2023,112.87850
HDFC Top 100 Fund - Direct Plan - Growth,11-07-2023,112.87900
HDFC Top 100 Fund - Direct Plan - Growth,10-07-2023,112.79470
HDFC Top 100 Fund - Direct Plan - Growth,07-07-2023,112.74170
HDFC Top 100 Fund - Direct Plan - Growth,06-07-2023,112.76070
HDFC Top 100 Fund - Direct Plan - Growth,05-07-2023,112.77340
HDFC Top 100 Fund - Direct Plan - Growth,04-07-2023,112.73320
HDFC Top 100 Fund - Direct Plan - Growth,03-07-2023,112.67790
HDFC Top 100 Fund - Direct Plan - Growth,30-06-2023,112.66350
HDFC Top 100 Fund - Direct Plan - Growth,28-06-2023,112.65210
HDFC Top 100 Fund - Direct Plan - Growth,27-06-2023,112.60730
HDFC Top 100 Fund - Direct Plan - Growth,26-06-2023,112.59880
HDFC Top 100 Fund - Direct Plan - Growth,23-06-2023,112.54470
HDFC Top 100 Fund - Direct Plan - Growth,22-06-2023,112.53470
HDFC Top 100 Fund - Direct Plan - Growth,21-06-2023,112.54830
HDFC Top 100 Fund - Direct Plan - Growth,20-06-2023,112.55430
HDFC Top 100 Fund - Direct Plan - Growth,19-06-2023,112.54270
HDFC Top 100 Fund - Direct Plan - Growth,16-06-2023,112.46880
HDFC Top 100 Fund - Direct Plan - Growth,15-06-2023,112.45790
HDFC Top 100 Fund - Direct Plan - Growth,14-06-2023,112.45220
HDFC Top 100 Fund - Direct Plan - Growth,13-06-2023,112.45640
HDFC Top 100 Fund - Direct Plan - Growth,12-06-2023,112.41810
HDFC Top 100 Fund - Direct Plan - Growth,09-06-2023,112.36620
HDFC Top 100 Fund - Direct Plan - Growth,08-06-2023,112.39950
HDFC Top 100 Fund - Direct Plan - Growth,07-06-2023,112.42410
HDFC Top 100 Fund - Direct Plan - Growth,06-06-2023,112.39760
HDFC Top 100 Fund - Direct Plan - Growth,05-06-2023,112.35000
HDFC Top 100 Fund - Direct Plan - Growth,02-06-2023,112.31360
HDFC Top 100 Fund - Direct Plan - Growth,01-06-2023,112.30410
HDFC Top 100 Fund - Direct Plan - Growth,31-05-2023,112.23280
HDFC Top 100 Fund - Direct Plan - Growth,30-05-2023,112.21490
HDFC Top 100 Fund - Direct Plan - Growth,29-05-2023,112.19940
HDFC Top 100 Fund - Direct Plan - Growth,26-05-2023,112.16090
HDFC Top 100 Fund - Direct Plan - Growth,25-05-2023,112.14680
HDFC Top 100 Fund - Direct Plan - Growth,24-05-2023,112.13920
HDFC Top 100 Fund - Direct Plan - Growth,23-05-2023,112.10720
HDFC Top 100 Fund - Direct Plan - Growth,22-05-2023,112.11960
HDFC Top 100 Fund - Direct Plan - Growth,19-05-2023,111.97290
HDFC Top 100 Fund - Direct Plan - Growth,18-05-2023,111.96250
HDFC Top 100 Fund - Direct Plan - Growth,17-05-2023,111.87860
HDFC Top 100 Fund - Direct Plan - Growth,16-05-2023,111.84390
HDFC Top 100 Fund - Direct Plan - Growth,15-05-2023,111.80170
HDFC Top 100 Fund - Direct Plan - Growth,12-05-2023,111.73570
HDFC Top 100 Fund - Direct Plan - Growth,11-05-2023,111.69120
HDFC Top 100 Fund - Direct Plan - Growth,10-05-2023,111.66320
HDFC Top 100 Fund - Direct Plan - Growth,09-05-2023,111.64940
HDFC Top 100 Fund - Direct Plan - Growth,08-05-2023,111.64620
HDFC Top 100 Fund - Direct Plan - Growth,04-05-2023,111.55600
HDFC Top 100 Fund - Direct Plan - Growth,03-05-2023,111.53400
HDFC Top 100 Fund - Direct Plan - Growth,02-05-2023,111.45510
HDFC Top 100 Fund - Direct Plan - Growth,28-04-2023,111.38140
HDFC Top 100 Fund - Direct Plan - Growth,27-04-2023,111.37470
HDFC Top 100 Fund - Direct Plan - Growth,26-04-2023,111.31570
HDFC Top 100 Fund - Direct Plan - Growth,25-04-2023,111.28450
HDFC Top 100 Fund - Direct Plan - Growth,24-04-2023,111.24440
HDFC Top 100 Fund - Direct Plan - Growth,21-04-2023,111.11770
HDFC Top 100 Fund - Direct Plan - Growth,20-04-2023,111.06950
HDFC Top 100 Fund - Direct Plan - Growth,19-04-2023,111.06690
HDFC Top 100 Fund - Direct Plan - Growth,18-04-2023,111.02900
HDFC Top 100 Fund - Direct Plan - Growth,17-04-2023,110.99470
HDFC Top 100 Fund - Direct Plan - Growth,13-04-2023,110.92730
HDFC Top 100 Fund - Direct Plan - Growth,12-04-2023,110.91340
HDFC Top 100 Fund - Direct Plan - Growth,11-04-2023,110.84700
HDFC Top 100 Fund - Direct Plan - Growth,10-04-2023,110.83390
HDFC Top 100 Fund - Direct Plan - Growth,06-04-2023,110.76920
HDFC Top 100 Fund - Direct Plan - Growth,05-04-2023,110.54930
HDFC Top 100 Fund - Direct Plan - Growth,03-04-2023,110.43690
HDFC Top 100 Fund - Direct Plan - Growth,31-03-2023,110.38870
HDFC Top 100 Fund - Direct Plan - Growth,29-03-2023,110.25250
HDFC Top 100 Fund - Direct Plan - Growth,28-03-2023,110.11560
HDFC Top 100 Fund - Direct Plan - Growth,27-03-2023,110.14690
HDFC Top 100 Fund - Direct Plan - Growth,24-03-2023,110.07940
HDFC Top 100 Fund - Direct Plan - Growth,23-03-2023,110.06250
HDFC Top 100 Fund - Direct Plan - Growth,21-03-2023,109.98100
HDFC Top 100 Fund - Direct Plan - Growth,20-03-2023,109.95090
HDFC Top 100 Fund - Direct Plan - Growth,17-03-2023,109.83660
HDFC Top 100 Fund - Direct Plan - Growth,16-03-2023,109.79880
HDFC Top 100 Fund - Direct Plan - Growth,15-03-2023,109.81230
HDFC Top 100 Fund - Direct Plan - Growth,14-03-2023,109.78890
HDFC Top 100 Fund - Direct Plan - Growth,13-03-2023,109.73450
HDFC Top 100 Fund - Direct Plan - Growth,10-03-2023,109.57690
HDFC Top 100 Fund - Direct Plan - Growth,09-03-2023,109.54100
HDFC Top 100 Fund - Direct Plan - Growth,08-03-2023,109.51030
HDFC Top 100 Fund - Direct Plan - Growth,06-03-2023,109.53130
HDFC Top 100 Fund - Direct Plan - Growth,03-03-2023,109.48740
HDFC Top 100 Fund - Direct Plan - Growth,02-03-2023,109.44700
HDFC Top 100 Fund - Direct Plan - Growth,01-03-2023,109.43000
HDFC Top 100 Fund - Direct Plan - Growth,28-02-2023,109.44420
HDFC Top 100 Fund - Direct Plan - Growth,27-02-2023,109.43410
HDFC Top 100 Fund - Direct Plan - Growth,24-02-2023,109.42340
HDFC Top 100 Fund - Direct Plan - Growth,23-02-2023,109.40900
HDFC Top 100 Fund - Direct Plan - Growth,22-02-2023,109.38180
HDFC Top 100 Fund - Direct Plan - Growth,21-02-2023,109.41820
HDFC Top 100 Fund - Direct Plan - Growth,20-02-2023,109.37800
HDFC Top 100 Fund - Direct Plan - Growth,17-02-2023,109.29240
HDFC Top 100 Fund - Direct Plan - Growth,16-02-2023,109.32430
HDFC Top 100 Fund - Direct Plan - Growth,15-02-2023,109.29290
HDFC Top 100 Fund - Direct Plan - Growth,14-02-2023,109.24800
HDFC Top 100 Fund - Direct Plan - Growth,13-02-2023,109.28260
HDFC Top 100 Fund - Direct Plan - Growth,10-02-2023,109.24120
HDFC Top 100 Fund - Direct Plan - Growth,09-02-2023,109.24460
HDFC Top 100 Fund - Direct Plan - Growth,08-02-2023,109.24720
HDFC Top 100 Fund - Direct Plan - Growth,07-02-2023,109.28260
HDFC Top 100 Fund - Direct Plan - Growth,06-02-2023,109.26620
HDFC Top 100 Fund - Direct Plan - Growth,03-02-2023,109.24250
HDFC Top 100 Fund - Direct Plan - Growth,02-02-2023,109.21860
HDFC Top 100 Fund - Direct Plan - Growth,01-02-2023,109.18490
HDFC Top 100 Fund - Direct Plan - Growth,31-01-2023,109.06780
HDFC Top 100 Fund - Direct Plan - Growth,30-01-2023,109.00720
HDFC Top 100 Fund - Direct Plan - Growth,27-01-2023,108.97870
HDFC Top 100 Fund - Direct Plan - Growth,25-01-2023,108.99620
HDFC Top 100 Fund - Direct Plan - Growth,24-01-2023,108.99950
HDFC Top 100 Fund - Direct Plan - Growth,23-01-2023,108.98030
HDFC Top 100 Fund - Direct Plan - Growth,20-01-2023,108.93350
HDFC Top 100 Fund - Direct Plan - Growth,19-01-2023,108.95780
HDFC Top 100 Fund - Direct Plan - Growth,18-01-2023,108.92900
HDFC Top 100 Fund - Direct Plan - Growth,17-01-2023,108.90980
HDFC Top 100 Fund - Direct Plan - Growth,16-01-2023,108.89450
HDFC Top 100 Fund - Direct Plan - Growth,13-01-2023,108.84410
HDFC Top 100 Fund - Direct Plan - Growth,12-01-2023,108.81540
HDFC Top 100 Fund - Direct Plan - Growth,11-01-2023,108.76820
HDFC Top 100 Fund - Direct Plan - Growth,10-01-2023,108.74090
HDFC Top 100 Fund - Direct Plan - Growth,09-01-2023,108.71890
HDFC Top 100 Fund - Direct Plan - Growth,06-01-2023,108.62350
HDFC Top 100 Fund - Direct Plan - Growth,05-01-2023,108.64050
HDFC Top 100 Fund - Direct Plan - Growth,04-01-2023,108.62620
HDFC Top 100 Fund - Direct Plan - Growth,03-01-2023,108.62700
HDFC Top 100 Fund - Direct Plan - Growth,02-01-2023,108.59220
HDFC Top 100 Fund - Direct Plan - Growth,30-12-2022,108.52250
HDFC Top 100 Fund - Direct Plan - Growth,29-12-2022,108.49820
HDFC Top 100 Fund - Direct Plan - Growth,28-12-2022,108.49210
HDFC Top 100 Fund - Direct Plan - Growth,27-12-2022,108.47200
HDFC Top 100 Fund - Direct Plan - Growth,26-12-2022,108.43030
HDFC Top 100 Fund - Direct Plan - Growth,23-12-2022,108.40950
HDFC Top 100 Fund - Direct Plan - Growth,22-12-2022,108.39030
HDFC Top 100 Fund - Direct Plan - Growth,21-12-2022,108.38430
HDFC Top 100 Fund - Direct Plan - Growth,20-12-2022,108.41230
HDFC Top 100 Fund - Direct Plan - Growth,19-12-2022,108.38370
HDFC Top 100 Fund - Direct Plan - Growth,16-12-2022,108.34660
HDFC Top 100 Fund - Direct Plan - Growth,15-12-2022,108.33360
HDFC Top 100 Fund - Direct Plan - Growth,14-12-2022,108.34880
HDFC Top 100 Fund - Direct Plan - Growth,13-12-2022,108.28840
HDFC Top 100 Fund - Direct Plan - Growth,12-12-2022,108.26140
HDFC Top 100 Fund - Direct Plan - Growth,09-12-2022,108.18680
HDFC Top 100 Fund - Direct Plan - Growth,08-12-2022,108.17830
HDFC Top 100 Fund - Direct Plan - Growth,07-12-2022,108.15510
HDFC Top 100 Fund - Direct Plan - Growth,06-12-2022,108.17620
HDFC Top 100 Fund - Direct Plan - Growth,05-12-2022,108.14990
HDFC Top 100 Fund - Direct Plan - Growth,02-12-2022,108.09880
HDFC Top 100 Fund - Direct Plan - Growth,01-12-2022,108.08320
HDFC Top 100 Fund - Direct Plan - Growth,30-11-2022,108.03340
HDFC Top 100 Fund - Direct Plan - Growth,29-11-2022,107.99000
HDFC Top 100 Fund - Direct Plan - Growth,28-11-2022,107.99590
HDFC Top 100 Fund - Direct Plan - Growth,25-11-2022,107.90660
HDFC Top 100 Fund - Direct Plan - Growth,24-11-2022,107.88820
HDFC Top 100 Fund - Direct Plan - Growth,23-11-2022,107.83930
HDFC Top 100 Fund - Direct Plan - Growth,22-11-2022,107.83690
HDFC Top 100 Fund - Direct Plan - Growth,21-11-2022,107.80020
HDFC Top 100 Fund - Direct Plan - Growth,18-11-2022,107.75270
HDFC Top 100 Fund - Direct Plan - Growth,17-11-2022,107.73460
HDFC Top 100 Fund - Direct Plan - Growth,16-11-2022,107.70650
HDFC Top 100 Fund - Direct Plan - Growth,15-11-2022,107.70900
HDFC Top 100 Fund - Direct Plan - Growth,14-11-2022,107.65930
HDFC Top 100 Fund - Direct Plan - Growth,11-11-2022,107.61050
HDFC Top 100 Fund - Direct Plan - Growth,10-11-2022,107.52430
HDFC Top 100 Fund - Direct Plan - Growth,09-11-2022,107.45810
HDFC Top 100 Fund - Direct Plan - Growth,07-11-2022,107.36330
HDFC Top 100 Fund - Direct Plan - Growth,04-11-2022,107.30700
HDFC Top 100 Fund - Direct Plan - Growth,03-11-2022,107.29440
HDFC Top 100 Fund - Direct Plan - Growth,02-11-2022,107.30300
HDFC Top 100 Fund - Direct Plan - Growth,01-11-2022,107.28180
HDFC Top 100 Fund - Direct Plan - Growth,31-10-2022,107.27290
HDFC Top 100 Fund - Direct Plan - Growth,28-10-2022,107.21370
HDFC Top 100 Fund - Direct Plan - Growth,27-10-2022,107.23490
HDFC Top 100 Fund - Direct Plan - Growth,25-10-2022,107.11200
HDFC Top 100 Fund - Direct Plan - Growth,21-10-2022,106.96490
HDFC Top 100 Fund - Direct Plan - Growth,20-10-2022,106.97570
HDFC Top 100 Fund - Direct Plan - Growth,19-10-2022,106.99700
HDFC Top 100 Fund - Direct Plan - Growth,18-10-2022,106.97670
HDFC Top 100 Fund - Direct Plan - Growth,17-10-2022,106.94370
HDFC Top 100 Fund - Direct Plan - Growth,14-10-2022,106.79220
HDFC Top 100 Fund - Direct Plan - Growth,13-10-2022,106.81200
HDFC Top 100 Fund - Direct Plan - Growth,12-10-2022,106.80800
HDFC Top 100 Fund - Direct Plan - Growth,11-10-2022,106.78200
HDFC Top 100 Fund - Direct Plan - Growth,10-10-2022,106.82330
HDFC Top 100 Fund - Direct Plan - Growth,07-10-2022,106.84080
HDFC Top 100 Fund - Direct Plan - Growth,06-10-2022,106.88750
HDFC Top 100 Fund - Direct Plan - Growth,04-10-2022,106.88560
HDFC Top 100 Fund - Direct Plan - Growth,03-10-2022,106.82610
HDFC Top 100 Fund - Direct Plan - Growth,30-09-2022,106.79480
HDFC Top 100 Fund - Direct Plan - Growth,29-09-2022,106.71450
HDFC Top 100 Fund - Direct Plan - Growth,28-09-2022,106.64850
HDFC Top 100 Fund - Direct Plan - Growth,27-09-2022,106.65750
HDFC Top 100 Fund - Direct Plan - Growth,26-09-2022,106.67840
HDFC Top 100 Fund - Direct Plan - Growth,23-09-2022,106.63330
HDFC Top 100 Fund - Direct Plan - Growth,22-09-2022,106.75490
HDFC Top 100 Fund - Direct Plan - Growth,21-09-2022,106.80720
HDFC Top 100 Fund - Direct Plan - Growth,20-09-2022,106.82400
HDFC Top 100 Fund - Direct Plan - Growth,19-09-2022,106.87480
HDFC Top 100 Fund - Direct Plan - Growth,16-09-2022,106.85850
HDFC Top 100 Fund - Direct Plan - Growth,15-09-2022,106.90840
HDFC Top 100 Fund - Direct Plan - Growth,14-09-2022,106.96250
HDFC Top 100 Fund - Direct Plan - Growth,13-09-2022,106.99830
HDFC Top 100 Fund - Direct Plan - Growth,12-09-2022,106.95400
HDFC Top 100 Fund - Direct Plan - Growth,09-09-2022,106.91160
HDFC Top 100 Fund - Direct Plan - Growth,08-09-2022,106.90050
HDFC Top 100 Fund - Direct Plan - Growth,07-09-2022,106.86810
HDFC Top 100 Fund - Direct Plan - Growth,06-09-2022,106.82910
HDFC Top 100 Fund - Direct Plan - Growth,05-09-2022,106.81910
HDFC Top 100 Fund - Direct Plan - Growth,02-09-2022,106.77050
HDFC Top 100 Fund - Direct Plan - Growth,01-09-2022,106.74750
HDFC Top 100 Fund - Direct Plan - Growth,30-08-2022,106.70380
HDFC Top 100 Fund - Direct Plan - Growth,29-08-2022,106.69060
HDFC Top 100 Fund - Direct Plan - Growth,26-08-2022,106.62960
HDFC Top 100 Fund - Direct Plan - Growth,25-08-2022,106.58240
HDFC Top 100 Fund - Direct Plan - Growth,24-08-2022,106.59900
HDFC Top 100 Fund - Direct Plan - Growth,23-08-2022,106.55970
HDFC Top 100 Fund - Direct Plan - Growth,22-08-2022,106.55680
HDFC Top 100 Fund - Direct Plan - Growth,19-08-2022,106.50720
HDFC Top 100 Fund - Direct Plan - Growth,18-08-2022,106.51410
HDFC Top 100 Fund - Direct Plan - Growth,17-08-2022,106.50920
HDFC Top 100 Fund - Direct Plan - Growth,12-08-2022,106.32940
HDFC Top 100 Fund - Direct Plan - Growth,11-08-2022,106.32090
HDFC Top 100 Fund - Direct Plan - Growth,10-08-2022,106.25420
HDFC Top 100 Fund - Direct Plan - Growth,08-08-2022,106.15410
HDFC Top 100 Fund - Direct Plan - Growth,05-08-2022,106.10860
HDFC Top 100 Fund - Direct Plan - Growth,04-08-2022,106.22540
HDFC Top 100 Fund - Direct Plan - Growth,03-08-2022,106.15000
HDFC Top 100 Fund - Direct Plan - Growth,02-08-2022,106.19930
HDFC Top 100 Fund - Direct Plan - Growth,01-08-2022,106.12190
HDFC Top 100 Fund - Direct Plan - Growth,29-07-2022,106.00660
HDFC Top 100 Fund - Direct Plan - Growth,28-07-2022,105.94840
HDFC Top 100 Fund - Direct Plan - Growth,27-07-2022,105.92930
HDFC Top 100 Fund - Direct Plan - Growth,26-07-2022,105.91610
HDFC Top 100 Fund - Direct Plan - Growth,25-07-2022,105.91410
HDFC Top 100 Fund - Direct Plan - Growth,22-07-2022,105.84490
HDFC Top 100 Fund - Direct Plan - Growth,21-07-2022,105.84010
HDFC Top 100 Fund - Direct Plan - Growth,20-07-2022,105.83040
HDFC Top 100 Fund - Direct Plan - Growth,19-07-2022,105.79960
HDFC Top 100 Fund - Direct Plan - Growth,18-07-2022,105.78800
HDFC Top 100 Fund - Direct Plan - Growth,15-07-2022,105.77600
HDFC Top 100 Fund - Direct Plan - Growth,14-07-2022,105.77600
HDFC Top 100 Fund - Direct Plan - Growth,13-07-2022,105.76950
HDFC Top 100 Fund - Direct Plan - Growth,12-07-2022,105.70930
HDFC Top 100 Fund - Direct Plan - Growth,11-07-2022,105.67200
HDFC Top 100 Fund - Direct Plan - Growth,08-07-2022,105.67230
HDFC Top 100 Fund - Direct Plan - Growth,07-07-2022,105.70410
HDFC Top 100 Fund - Direct Plan - Growth,06-07-2022,105.70650
HDFC Top 100 Fund - Direct Plan - Growth,05-07-2022,105.53710
HDFC Top 100 Fund - Direct Plan - Growth,04-07-2022,105.48840
HDFC Top 100 Fund - Direct Plan - Growth,01-07-2022,105.39630
HDFC Top 100 Fund - Direct Plan - Growth,30-06-2022,105.31990
HDFC Top 100 Fund - Direct Plan - Growth,29-06-2022,105.28590
HDFC Top 100 Fund - Direct Plan - Growth,28-06-2022,105.27710
HDFC Top 100 Fund - Direct Plan - Growth,27-06-2022,105.29220
HDFC Top 100 Fund - Direct Plan - Growth,24-06-2022,105.19710
HDFC Top 100 Fund - Direct Plan - Growth,23-06-2022,105.21060
HDFC Top 100 Fund - Direct Plan - Growth,22-06-2022,105.17670
HDFC Top 100 Fund - Direct Plan - Growth,21-06-2022,112.75700
HDFC Top 100 Fund - Direct Plan - Growth,20-06-2022,112.73360
HDFC Top 100 Fund - Direct Plan - Growth,17-06-2022,112.57830
HDFC Top 100 Fund - Direct Plan - Growth,16-06-2022,112.57150
HDFC Top 100 Fund - Direct Plan - Growth,15-06-2022,112.57570
HDFC Top 100 Fund - Direct Plan - Growth,14-06-2022,112.58300
HDFC Top 100 Fund - Direct Plan - Growth,13-06-2022,112.59850
HDFC Top 100 Fund - Direct Plan - Growth,10-06-2022,112.68480
HDFC Top 100 Fund - Direct Plan - Growth,09-06-2022,112.64870
HDFC Top 100 Fund - Direct Plan - Growth,08-06-2022,112.59020
HDFC Top 100 Fund - Direct Plan - Growth,07-06-2022,112.45530
HDFC Top 100 Fund - Direct Plan - Growth,06-06-2022,112.53000
HDFC Top 100 Fund - Direct Plan - Growth,03-06-2022,112.54690
HDFC Top 100 Fund - Direct Plan - Growth,02-06-2022,112.57900
HDFC Top 100 Fund - Direct Plan - Growth,01-06-2022,112.55190
HDFC Top 100 Fund - Direct Plan - Growth,31-05-2022,112.68010
HDFC Top 100 Fund - Direct Plan - Growth,30-05-2022,112.61660
HDFC Top 100 Fund - Direct Plan - Growth,27-05-2022,112.58750
HDFC Top 100 Fund - Direct Plan - Growth,26-05-2022,112.57510
HDFC Top 100 Fund - Direct Plan - Growth,25-05-2022,112.55110
HDFC Top 100 Fund - Direct Plan - Growth,24-05-2022,112.54320
HDFC Top 100 Fund - Direct Plan - Growth,23-05-2022,112.50610
HDFC Top 100 Fund - Direct Plan - Growth,20-05-2022,112.43740
HDFC Top 100 Fund - Direct Plan - Growth,19-05-2022,112.45390
HDFC Top 100 Fund - Direct Plan - Growth,18-05-2022,112.43680
HDFC Top 100 Fund - Direct Plan - Growth,17-05-2022,112.41370
HDFC Top 100 Fund - Direct Plan - Growth,13-05-2022,112.36470
HDFC Top 100 Fund - Direct Plan - Growth,12-05-2022,112.43300
HDFC Top 100 Fund - Direct Plan - Growth,11-05-2022,112.39910
HDFC Top 100 Fund - Direct Plan - Growth,10-05-2022,112.34790
HDFC Top 100 Fund - Direct Plan - Growth,09-05-2022,112.26720
HDFC Top 100 Fund - Direct Plan - Growth,06-05-2022,112.24400
HDFC Top 100 Fund - Direct Plan - Growth,05-05-2022,112.35880
HDFC Top 100 Fund - Direct Plan - Growth,04-05-2022,112.43310
HDFC Top 100 Fund - Direct Plan - Growth,02-05-2022,113.13190
HDFC Top 100 Fund - Direct Plan - Growth,29-04-2022,113.09560
HDFC Top 100 Fund - Direct Plan - Growth,28-04-2022,113.08480
HDFC Top 100 Fund - Direct Plan - Growth,27-04-2022,113.09540
HDFC Top 100 Fund - Direct Plan - Growth,26-04-2022,113.05790
HDFC Top 100 Fund - Direct Plan - Growth,25-04-2022,113.06150
HDFC Top 100 Fund - Direct Plan - Growth,22-04-2022,112.95900
HDFC Top 100 Fund - Direct Plan - Growth,21-04-2022,112.95600
HDFC Top 100 Fund - Direct Plan - Growth,20-04-2022,112.93600
HDFC Top 100 Fund - Direct Plan - Growth,19-04-2022,112.90460
HDFC Top 100 Fund - Direct Plan - Growth,18-04-2022,112.85840
HDFC Top 100 Fund - Direct Plan - Growth,13-04-2022,112.68440
HDFC Top 100 Fund - Direct Plan - Growth,12-04-2022,112.84050
HDFC Top 100 Fund - Direct Plan - Growth,11-04-2022,112.84790
HDFC Top 100 Fund - Direct Plan - Growth,08-04-2022,112.90620
HDFC Top 100 Fund - Direct Plan - Growth,07-04-2022,113.18250
HDFC Top 100 Fund - Direct Plan - Growth,06-04-2022,113.16070
HDFC Top 100 Fund - Direct Plan - Growth,05-04-2022,113.16610
HDFC Top 100 Fund - Direct Plan - Growth,04-04-2022,113.11710
HDFC Top 100 Fund - Direct Plan - Growth,31-03-2022,113.07820
HDFC Top 100 Fund - Direct Plan - Growth,30-03-2022,113.02550
HDFC Top 100 Fund - Direct Plan - Growth,29-03-2022,112.99120
HDFC Top 100 Fund - Direct Plan - Growth,28-03-2022,112.94480
HDFC Top 100 Fund - Direct Plan - Growth,25-03-2022,112.90340
HDFC Top 100 Fund - Direct Plan - Growth,24-03-2022,112.85420
HDFC Top 100 Fund - Direct Plan - Growth,23-03-2022,112.82310
HDFC Top 100 Fund - Direct Plan - Growth,22-03-2022,121.94410
HDFC Top 100 Fund - Direct Plan - Growth,21-03-2022,121.94740
HDFC Top 100 Fund - Direct Plan - Growth,17-03-2022,121.88160
HDFC Top 100 Fund - Direct Plan - Growth,16-03-2022,121.79190
HDFC Top 100 Fund - Direct Plan - Growth,15-03-2022,121.81770
HDFC Top 100 Fund - Direct Plan - Growth,14-03-2022,121.71790
HDFC Top 100 Fund - Direct Plan - Growth,11-03-2022,121.66520
HDFC Top 100 Fund - Direct Plan - Growth,10-03-2022,121.66990
HDFC Top 100 Fund - Direct Plan - Growth,09-03-2022,121.61440
HDFC Top 100 Fund - Direct Plan - Growth,08-03-2022,121.59350
HDFC Top 100 Fund - Direct Plan - Growth,07-03-2022,121.60230
HDFC Top 100 Fund - Direct Plan - Growth,04-03-2022,121.66030
HDFC Top 100 Fund - Direct Plan - Growth,03-03-2022,121.62960
HDFC Top 100 Fund - Direct Plan - Growth,02-03-2022,121.66500
HDFC Top 100 Fund - Direct Plan - Growth,28-02-2022,121.73480
HDFC Top 100 Fund - Direct Plan - Growth,25-02-2022,121.71610
HDFC Top 100 Fund - Direct Plan - Growth,24-02-2022,121.71610
HDFC Top 100 Fund - Direct Plan - Growth,23-02-2022,121.72640
HDFC Top 100 Fund - Direct Plan - Growth,22-02-2022,121.68930
HDFC Top 100 Fund - Direct Plan - Growth,21-02-2022,121.71930
HDFC Top 100 Fund - Direct Plan - Growth,18-02-2022,121.68240
HDFC Top 100 Fund - Direct Plan - Growth,17-02-2022,121.65610
HDFC Top 100 Fund - Direct Plan - Growth,16-02-2022,121.64480
HDFC Top 100 Fund - Direct Plan - Growth,15-02-2022,121.61810
HDFC Top 100 Fund - Direct Plan - Growth,14-02-2022,121.62360
HDFC Top 100 Fund - Direct Plan - Growth,11-02-2022,121.52650
HDFC Top 100 Fund - Direct Plan - Growth,10-02-2022,121.44580
HDFC Top 100 Fund - Direct Plan - Growth,09-02-2022,121.22570
HDFC Top 100 Fund - Direct Plan - Growth,08-02-2022,121.16290
HDFC Top 100 Fund - Direct Plan - Growth,04-02-2022,121.00910
HDFC Top 100 Fund - Direct Plan - Growth,03-02-2022,121.00790
HDFC Top 100 Fund - Direct Plan - Growth,02-02-2022,120.97970
HDFC Top 100 Fund - Direct Plan - Growth,01-02-2022,121.04100
HDFC Top 100 Fund - Direct Plan - Growth,31-01-2022,121.22640
HDFC Top 100 Fund - Direct Plan - Growth,28-01-2022,121.12870
HDFC Top 100 Fund - Direct Plan - Growth,27-01-2022,121.10950
HDFC Top 100 Fund - Direct Plan - Growth,25-01-2022,121.15350
HDFC Top 100 Fund - Direct Plan - Growth,24-01-2022,121.12480
HDFC Top 100 Fund - Direct Plan - Growth,21-01-2022,121.13300
HDFC Top 100 Fund - Direct Plan - Growth,20-01-2022,121.10560
HDFC Top 100 Fund - Direct Plan - Growth,19-01-2022,121.08290
HDFC Top 100 Fund - Direct Plan - Growth,18-01-2022,121.07690
HDFC Top 100 Fund - Direct Plan - Growth,17-01-2022,121.07460
HDFC Top 100 Fund - Direct Plan - Growth,14-01-2022,121.09060
HDFC Top 100 Fund - Direct Plan - Growth,13-01-2022,121.06790
HDFC Top 100 Fund - Direct Plan - Growth,12-01-2022,121.02360
HDFC Top 100 Fund - Direct Plan - Growth,11-01-2022,120.97230
HDFC Top 100 Fund - Direct Plan - Growth,10-01-2022,120.91980
HDFC Top 100 Fund - Direct Plan - Growth,07-01-2022,120.95470
HDFC Top 100 Fund - Direct Plan - Growth,06-01-2022,120.95770
HDFC Top 100 Fund - Direct Plan - Growth,05-01-2022,120.93140
HDFC Top 100 Fund - Direct Plan - Growth,04-01-2022,120.93260
HDFC Top 100 Fund - Direct Plan - Growth,03-01-2022,120.97910
HDFC Top 100 Fund - Direct Plan - Growth,31-12-2021,120.94240
HDFC Top 100 Fund - Direct Plan - Growth,30-12-2021,120.90490
HDFC Top 100 Fund - Direct Plan - Growth,29-12-2021,120.90390
HDFC Top 100 Fund - Direct Plan - Growth,28-12-2021,120.89770
HDFC Top 100 Fund - Direct Plan - Growth,27-12-2021,120.93670
HDFC Top 100 Fund - Direct Plan - Growth,24-12-2021,120.88600
HDFC Top 100 Fund - Direct Plan - Growth,23-12-2021,120.88130
HDFC Top 100 Fund - Direct Plan - Growth,22-12-2021,120.86450
HDFC Top 100 Fund - Direct Plan - Growth,21-12-2021,132.11350
HDFC Top 100 Fund - Direct Plan - Growth,20-12-2021,132.19830
HDFC Top 100 Fund - Direct Plan - Growth,17-12-2021,132.22880
HDFC Top 100 Fund - Direct Plan - Growth,16-12-2021,132.26370
HDFC Top 100 Fund - Direct Plan - Growth,15-12-2021,132.25630
HDFC Top 100 Fund - Direct Plan - Growth,14-12-2021,132.23680
HDFC Top 100 Fund - Direct Plan - Growth,13-12-2021,132.17890
HDFC Top 100 Fund - Direct Plan - Growth,10-12-2021,132.16560
HDFC Top 100 Fund - Direct Plan - Growth,09-12-2021,132.16200
HDFC Top 100 Fund - Direct Plan - Growth,08-12-2021,132.16110
HDFC Top 100 Fund - Direct Plan - Growth,07-12-2021,132.09980
HDFC Top 100 Fund - Direct Plan - Growth,06-12-2021,132.09030
HDFC Top 100 Fund - Direct Plan - Growth,03-12-2021,132.01620
HDFC Top 100 Fund - Direct Plan - Growth,02-12-2021,132.01460
HDFC Top 100 Fund - Direct Plan - Growth,01-12-2021,131.96970
HDFC Top 100 Fund - Direct Plan - Growth,30-11-2021,131.96680
HDFC Top 100 Fund - Direct Plan - Growth,29-11-2021,131.91940
HDFC Top 100 Fund - Direct Plan - Growth,26-11-2021,131.88180
HDFC Top 100 Fund - Direct Plan - Growth,25-11-2021,131.87040
HDFC Top 100 Fund - Direct Plan - Growth,24-11-2021,131.86450
HDFC Top 100 Fund - Direct Plan - Growth,23-11-2021,131.86860
HDFC Top 100 Fund - Direct Plan - Growth,22-11-2021,131.85800
HDFC Top 100 Fund - Direct Plan - Growth,18-11-2021,131.79440
HDFC Top 100 Fund - Direct Plan - Growth,17-11-2021,131.74890
HDFC Top 100 Fund - Direct Plan - Growth,16-11-2021,131.74790
HDFC Top 100 Fund - Direct Plan - Growth,15-11-2021,131.74170
HDFC Top 100 Fund - Direct Plan - Growth,12-11-2021,131.68940
HDFC Top 100 Fund - Direct Plan - Growth,11-11-2021,131.68660
HDFC Top 100 Fund - Direct Plan - Growth,10-11-2021,131.65900
HDFC Top 100 Fund - Direct Plan - Growth,09-11-2021,131.65990
HDFC Top 100 Fund - Direct Plan - Growth,08-11-2021,131.61630
HDFC Top 100 Fund - Direct Plan - Growth,03-11-2021,131.43860
HDFC Top 100 Fund - Direct Plan - Growth,02-11-2021,131.39070
HDFC Top 100 Fund - Direct Plan - Growth,01-11-2021,131.39510
HDFC Top 100 Fund - Direct Plan - Growth,29-10-2021,131.36870
HDFC Top 100 Fund - Direct Plan - Growth,28-10-2021,131.39600
HDFC Top 100 Fund - Direct Plan - Growth,27-10-2021,131.42540
HDFC Top 100 Fund - Direct Plan - Growth,26-10-2021,131.42860
HDFC Top 100 Fund - Direct Plan - Growth,25-10-2021,131.50090
HDFC Top 100 Fund - Direct Plan - Growth,22-10-2021,131.46970
HDFC Top 100 Fund - Direct Plan - Growth,21-10-2021,131.44130
HDFC Top 100 Fund - Direct Plan - Growth,20-10-2021,131.34370
HDFC Top 100 Fund - Direct Plan - Growth,18-10-2021,131.36860
HDFC Top 100 Fund - Direct Plan - Growth,14-10-2021,131.36030
HDFC Top 100 Fund - Direct Plan - Growth,13-10-2021,131.35820
HDFC Top 100 Fund - Direct Plan - Growth,12-10-2021,131.29810
HDFC Top 100 Fund - Direct Plan - Growth,11-10-2021,131.25620
HDFC Top 100 Fund - Direct Plan - Growth,08-10-2021,131.23350
HDFC Top 100 Fund - Direct Plan - Growth,07-10-2021,131.22650
HDFC Top 100 Fund - Direct Plan - Growth,06-10-2021,131.24590
HDFC Top 100 Fund - Direct Plan - Growth,05-10-2021,131.26160
HDFC Top 100 Fund - Direct Plan - Growth,04-10-2021,131.30940
HDFC Top 100 Fund - Direct Plan - Growth,01-10-2021,131.23930
HDFC Top 100 Fund - Direct Plan - Growth,30-09-2021,131.25260
HDFC Top 100 Fund - Direct Plan - Growth,29-09-2021,131.23280
HDFC Top 100 Fund - Direct Plan - Growth,28-09-2021,131.30440
HDFC Top 100 Fund - Direct Plan - Growth,27-09-2021,131.25800
HDFC Top 100 Fund - Direct Plan - Growth,24-09-2021,131.26940
HDFC Top 100 Fund - Direct Plan - Growth,23-09-2021,131.35540
HDFC Top 100 Fund - Direct Plan - Growth,22-09-2021,131.35130
HDFC Top 100 Fund - Direct Plan - Growth,21-09-2021,131.33160
HDFC Top 100 Fund - Direct Plan - Growth,20-09-2021,131.32220
HDFC Top 100 Fund - Direct Plan - Growth,17-09-2021,131.25910
HDFC Top 100 Fund - Direct Plan - Growth,16-09-2021,131.23450
HDFC Top 100 Fund - Direct Plan - Growth,15-09-2021,131.19960
HDFC Top 100 Fund - Direct Plan - Growth,14-09-2021,144.12510
HDFC Top 100 Fund - Direct Plan - Growth,13-09-2021,144.11180
HDFC Top 100 Fund - Direct Plan - Growth,09-09-2021,144.05740
HDFC Top 100 Fund - Direct Plan - Growth,08-09-2021,144.02750
HDFC Top 100 Fund - Direct Plan - Growth,07-09-2021,144.00420
HDFC Top 100 Fund - Direct Plan - Growth,06-09-2021,144.01480
HDFC Top 100 Fund - Direct Plan - Growth,03-09-2021,143.96990
HDFC Top 100 Fund - Direct Plan - Growth,02-09-2021,143.94440
HDFC Top 100 Fund - Direct Plan - Growth,01-09-2021,143.87460
HDFC Top 100 Fund - Direct Plan - Growth,31-08-2021,143.79840
HDFC Top 100 Fund - Direct Plan - Growth,30-08-2021,143.75350
HDFC Top 100 Fund - Direct Plan - Growth,27-08-2021,143.62770
HDFC Top 100 Fund - Direct Plan - Growth,26-08-2021,143.58930
HDFC Top 100 Fund - Direct Plan - Growth,25-08-2021,143.58530
HDFC Top 100 Fund - Direct Plan - Growth,24-08-2021,143.56290
HDFC Top 100 Fund - Direct Plan - Growth,23-08-2021,143.55970
HDFC Top 100 Fund - Direct Plan - Growth,20-08-2021,143.51640
HDFC Top 100 Fund - Direct Plan - Growth,18-08-2021,143.48180
HDFC Top 100 Fund - Direct Plan - Growth,17-08-2021,143.36960
HDFC Top 100 Fund - Direct Plan - Growth,13-08-2021,143.23920
HDFC Top 100 Fund - Direct Plan - Growth,12-08-2021,143.13600
HDFC Top 100 Fund - Direct Plan - Growth,11-08-2021,143.06250
HDFC Top 100 Fund - Direct Plan - Growth,10-08-2021,143.04860
HDFC Top 100 Fund - Direct Plan - Growth,09-08-2021,142.96610
HDFC Top 100 Fund - Direct Plan - Growth,06-08-2021,142.91000
HDFC Top 100 Fund - Direct Plan - Growth,05-08-2021,143.02100
HDFC Top 100 Fund - Direct Plan - Growth,04-08-2021,142.96470
HDFC Top 100 Fund - Direct Plan - Growth,03-08-2021,142.94040
HDFC Top 100 Fund - Direct Plan - Growth,02-08-2021,142.90050
HDFC Top 100 Fund - Direct Plan - Growth,30-07-2021,142.83900
HDFC Top 100 Fund - Direct Plan - Growth,29-07-2021,142.81840
HDFC Top 100 Fund - Direct Plan - Growth,28-07-2021,142.80060
HDFC Top 100 Fund - Direct Plan - Growth,27-07-2021,142.77470
HDFC Top 100 Fund - Direct Plan - Growth,26-07-2021,142.71900
HDFC Top 100 Fund - Direct Plan - Growth,23-07-2021,142.62180
HDFC Top 100 Fund - Direct Plan - Growth,22-07-2021,142.62390
HDFC Top 100 Fund - Direct Plan - Growth,20-07-2021,142.62130
HDFC Top 100 Fund - Direct Plan - Growth,19-07-2021,142.56540
HDFC Top 100 Fund - Direct Plan - Growth,16-07-2021,142.50920
HDFC Top 100 Fund - Direct Plan - Growth,15-07-2021,142.38060
HDFC Top 100 Fund - Direct Plan - Growth,14-07-2021,142.29680
HDFC Top 100 Fund - Direct Plan - Growth,13-07-2021,142.29480
HDFC Top 100 Fund - Direct Plan - Growth,12-07-2021,142.16020
HDFC Top 100 Fund - Direct Plan - Growth,09-07-2021,142.20290
HDFC Top 100 Fund - Direct Plan - Growth,08-07-2021,142.16960
HDFC Top 100 Fund - Direct Plan - Growth,07-07-2021,142.02180
HDFC Top 100 Fund - Direct Plan - Growth,06-07-2021,141.94200
HDFC Top 100 Fund - Direct Plan - Growth,05-07-2021,142.02290
HDFC Top 100 Fund - Direct Plan - Growth,02-07-2021,141.92450
HDFC Top 100 Fund - Direct Plan - Growth,01-07-2021,141.95150
HDFC Top 100 Fund - Direct Plan - Growth,30-06-2021,141.90210
HDFC Top 100 Fund - Direct Plan - Growth,29-06-2021,155.11370
HDFC Top 100 Fund - Direct Plan - Growth,28-06-2021,155.12580
HDFC Top 100 Fund - Direct Plan - Growth,25-06-2021,155.14620
HDFC Top 100 Fund - Direct Plan - Growth,24-06-2021,155.18140
HDFC Top 100 Fund - Direct Plan - Growth,23-06-2021,155.15730
HDFC Top 100 Fund - Direct Plan - Growth,22-06-2021,155.15060
HDFC Top 100 Fund - Direct Plan - Growth,21-06-2021,155.19520
HDFC Top 100 Fund - Direct Plan - Growth,18-06-2021,155.12210
HDFC Top 100 Fund - Direct Plan - Growth,17-06-2021,155.07260
HDFC Top 100 Fund - Direct Plan - Growth,16-06-2021,155.08430
HDFC Top 100 Fund - Direct Plan - Growth,15-06-2021,155.29610
HDFC Top 100 Fund - Direct Plan - Growth,14-06-2021,155.42900
HDFC Top 100 Fund - Direct Plan - Growth,11-06-2021,155.37550
HDFC Top 100 Fund - Direct Plan - Growth,10-06-2021,155.31610
HDFC Top 100 Fund - Direct Plan - Growth,09-06-2021,155.26990
HDFC Top 100 Fund - Direct Plan - Growth,08-06-2021,155.13830
HDFC Top 100 Fund - Direct Plan - Growth,07-06-2021,155.11170
HDFC Top 100 Fund - Direct Plan - Growth,04-06-2021,154.98690
HDFC Top 100 Fund - Direct Plan - Growth,03-06-2021,154.93840
HDFC Top 100 Fund - Direct Plan - Growth,02-06-2021,154.86320
HDFC Top 100 Fund - Direct Plan - Growth,01-06-2021,154.85060
HDFC Top 100 Fund - Direct Plan - Growth,31-05-2021,154.85910
HDFC Top 100 Fund - Direct Plan - Growth,28-05-2021,154.83250
HDFC Top 100 Fund - Direct Plan - Growth,27-05-2021,154.83360
HDFC Top 100 Fund - Direct Plan - Growth,25-05-2021,154.78300
HDFC Top 100 Fund - Direct Plan - Growth,24-05-2021,154.70690
HDFC Top 100 Fund - Direct Plan - Growth,21-05-2021,154.64170
HDFC Top 100 Fund - Direct Plan - Growth,20-05-2021,154.60730
HDFC Top 100 Fund - Direct Plan - Growth,19-05-2021,154.59900
HDFC Top 100 Fund - Direct Plan - Growth,18-05-2021,154.46380
HDFC Top 100 Fund - Direct Plan - Growth,17-05-2021,154.40020
HDFC Top 100 Fund - Direct Plan - Growth,14-05-2021,154.33090
HDFC Top 100 Fund - Direct Plan - Growth,12-05-2021,154.33110
HDFC Top 100 Fund - Direct Plan - Growth,11-05-2021,154.34100
HDFC Top 100 Fund - Direct Plan - Growth,10-05-2021,154.23720
HDFC Top 100 Fund - Direct Plan - Growth,07-05-2021,154.19030
HDFC Top 100 Fund - Direct Plan - Growth,06-05-2021,154.14950
HDFC Top 100 Fund - Direct Plan - Growth,05-05-2021,154.12320
HDFC Top 100 Fund - Direct Plan - Growth,04-05-2021,154.07420
HDFC Top 100 Fund - Direct Plan - Growth,03-05-2021,154.05010
HDFC Top 100 Fund - Direct Plan - Growth,30-04-2021,153.95100
HDFC Top 100 Fund - Direct Plan - Growth,29-04-2021,153.86460
HDFC Top 100 Fund - Direct Plan - Growth,28-04-2021,153.85570
HDFC Top 100 Fund - Direct Plan - Growth,27-04-2021,153.76340
HDFC Top 100 Fund - Direct Plan - Growth,26-04-2021,153.63530
HDFC Top 100 Fund - Direct Plan - Growth,23-04-2021,153.45900
HDFC Top 100 Fund - Direct Plan - Growth,22-04-2021,153.37660
HDFC Top 100 Fund - Direct Plan - Growth,20-04-2021,153.32200
HDFC Top 100 Fund - Direct Plan - Growth,19-04-2021,153.27880
HDFC Top 100 Fund - Direct Plan - Growth,16-04-2021,153.14450
HDFC Top 100 Fund - Direct Plan - Growth,15-04-2021,153.21820
HDFC Top 100 Fund - Direct Plan - Growth,12-04-2021,153.32590
HDFC Top 100 Fund - Direct Plan - Growth,09-04-2021,153.26090
HDFC Top 100 Fund - Direct Plan - Growth,08-04-2021,153.16970
HDFC Top 100 Fund - Direct Plan - Growth,07-04-2021,153.14540
HDFC Top 100 Fund - Direct Plan - Growth,06-04-2021,153.21010
HDFC Top 100 Fund - Direct Plan - Growth,05-04-2021,153.00690
HDFC Top 100 Fund - Direct Plan - Growth,31-03-2021,152.74570
HDFC Top 100 Fund - Direct Plan - Growth,30-03-2021,152.65790
HDFC Top 100 Fund - Direct Plan - Growth,26-03-2021,152.53440
HDFC Top 100 Fund - Direct Plan - Growth,25-03-2021,152.45140
HDFC Top 100 Fund - Direct Plan - Growth,24-03-2021,152.38470
HDFC Top 100 Fund - Direct Plan - Growth,23-03-2021,152.22430
HDFC Top 100 Fund - Direct Plan - Growth,22-03-2021,151.84790
HDFC Top 100 Fund - Direct Plan - Growth,19-03-2021,151.63870
HDFC Top 100 Fund - Direct Plan - Growth,18-03-2021,151.39010
HDFC Top 100 Fund - Direct Plan - Growth,17-03-2021,151.34730
HDFC Top 100 Fund - Direct Plan - Growth,16-03-2021,151.31720
HDFC Top 100 Fund - Direct Plan - Growth,15-03-2021,151.33810
HDFC Top 100 Fund - Direct Plan - Growth,12-03-2021,151.63230
HDFC Top 100 Fund - Direct Plan - Growth,10-03-2021,151.71200
HDFC Top 100 Fund - Direct Plan - Growth,09-03-2021,151.71480
HDFC Top 100 Fund - Direct Plan - Growth,08-03-2021,151.72160
HDFC Top 100 Fund - Direct Plan - Growth,05-03-2021,151.66820
HDFC Top 100 Fund - Direct Plan - Growth,04-03-2021,151.69710
HDFC Top 100 Fund - Direct Plan - Growth,03-03-2021,151.66820
HDFC Top 100 Fund - Direct Plan - Growth,02-03-2021,151.62920
HDFC Top 100 Fund - Direct Plan - Growth,01-03-2021,151.54740
HDFC Top 100 Fund - Direct Plan - Growth,26-02-2021,151.48360
HDFC Top 100 Fund - Direct Plan - Growth,25-02-2021,159.52860
HDFC Top 100 Fund - Direct Plan - Growth,24-02-2021,159.51550
HDFC Top 100 Fund - Direct Plan - Growth,23-02-2021,159.49450
HDFC Top 100 Fund - Direct Plan - Growth,22-02-2021,159.57960
HDFC Top 100 Fund - Direct Plan - Growth,18-02-2021,159.79640
HDFC Top 100 Fund - Direct Plan - Growth,17-02-2021,159.84890
HDFC Top 100 Fund - Direct Plan - Growth,16-02-2021,159.88680
HDFC Top 100 Fund - Direct Plan - Growth,15-02-2021,159.81700
HDFC Top 100 Fund - Direct Plan - Growth,12-02-2021,159.74500
HDFC Top 100 Fund - Direct Plan - Growth,11-02-2021,159.67600
HDFC Top 100 Fund - Direct Plan - Growth,10-02-2021,159.53240
HDFC Top 100 Fund - Direct Plan - Growth,09-02-2021,159.52330
HDFC Top 100 Fund - Direct Plan - Growth,08-02-2021,159.66720
HDFC Top 100 Fund - Direct Plan - Growth,05-02-2021,159.56310
HDFC Top 100 Fund - Direct Plan - Growth,04-02-2021,159.74730
HDFC Top 100 Fund - Direct Plan - Growth,03-02-2021,159.74690
HDFC Top 100 Fund - Direct Plan - Growth,02-02-2021,159.67450
HDFC Top 100 Fund - Direct Plan - Growth,01-02-2021,160.06120
HDFC Top 100 Fund - Direct Plan - Growth,29-01-2021,160.59770
HDFC Top 100 Fund - Direct Plan - Growth,28-01-2021,160.58330
HDFC Top 100 Fund - Direct Plan - Growth,27-01-2021,160.55090
HDFC Top 100 Fund - Direct Plan - Growth,25-01-2021,160.52320
HDFC Top 100 Fund - Direct Plan - Growth,22-01-2021,160.47480
HDFC Top 100 Fund - Direct Plan - Growth,21-01-2021,160.52050
HDFC Top 100 Fund - Direct Plan - Growth,20-01-2021,160.48460
HDFC Top 100 Fund - Direct Plan - Growth,19-01-2021,160.39180
HDFC Top 100 Fund - Direct Plan - Growth,18-01-2021,160.37760
HDFC Top 100 Fund - Direct Plan - Growth,15-01-2021,160.61120
HDFC Top 100 Fund - Direct Plan - Growth,14-01-2021,160.68850
HDFC Top 100 Fund - Direct Plan - Growth,13-01-2021,160.90460
HDFC Top 100 Fund - Direct Plan - Growth,12-01-2021,160.94950
HDFC Top 100 Fund - Direct Plan - Growth,11-01-2021,161.12590
HDFC Top 100 Fund - Direct Plan - Growth,08-01-2021,161.37750
HDFC Top 100 Fund - Direct Plan - Growth,07-01-2021,161.28210
HDFC Top 100 Fund - Direct Plan - Growth,06-01-2021,161.22950
HDFC Top 100 Fund - Direct Plan - Growth,05-01-2021,161.23130
HDFC Top 100 Fund - Direct Plan - Growth,04-01-2021,161.04390
HDFC Top 100 Fund - Direct Plan - Growth,01-01-2021,160.89970
HDFC Top 100 Fund - Direct Plan - Growth,31-12-2020,160.80710
HDFC Top 100 Fund - Direct Plan - Growth,30-12-2020,160.78190
HDFC Top 100 Fund - Direct Plan - Growth,29-12-2020,160.71330
HDFC Top 100 Fund - Direct Plan - Growth,28-12-2020,160.66760
HDFC Top 100 Fund - Direct Plan - Growth,24-12-2020,160.51600
HDFC Top 100 Fund - Direct Plan - Growth,23-12-2020,160.46580
HDFC Top 100 Fund - Direct Plan - Growth,22-12-2020,160.40300
HDFC Top 100 Fund - Direct Plan - Growth,21-12-2020,160.39230
HDFC Top 100 Fund - Direct Plan - Growth,18-12-2020,160.43860
HDFC Top 100 Fund - Direct Plan - Growth,17-12-2020,160.40150
HDFC Top 100 Fund - Direct Plan - Growth,16-12-2020,160.38320
HDFC Top 100 Fund - Direct Plan - Growth,15-12-2020,160.38650
HDFC Top 100 Fund - Direct Plan - Growth,14-12-2020,160.33160
HDFC Top 100 Fund - Direct Plan - Growth,11-12-2020,160.29220
HDFC Top 100 Fund - Direct Plan - Growth,10-12-2020,160.34400
HDFC Top 100 Fund - Direct Plan - Growth,09-12-2020,160.31470
HDFC Top 100 Fund - Direct Plan - Growth,08-12-2020,160.35140
HDFC Top 100 Fund - Direct Plan - Growth,07-12-2020,160.35020
HDFC Top 100 Fund - Direct Plan - Growth,04-12-2020,160.31030
HDFC Top 100 Fund - Direct Plan - Growth,03-12-2020,160.12810
HDFC Top 100 Fund - Direct Plan - Growth,02-12-2020,160.12040
HDFC Top 100 Fund - Direct Plan - Growth,01-12-2020,160.25190
HDFC Top 100 Fund - Direct Plan - Growth,27-11-2020,160.27780
HDFC Top 100 Fund - Direct Plan - Growth,26-11-2020,160.27080
HDFC Top 100 Fund - Direct Plan - Growth,25-11-2020,160.10390
HDFC Top 100 Fund - Direct Plan - Growth,24-11-2020,159.98300
HDFC Top 100 Fund - Direct Plan - Growth,23-11-2020,159.93040
HDFC Top 100 Fund - Direct Plan - Growth,20-11-2020,159.85270
HDFC Top 100 Fund - Direct Plan - Growth,19-11-2020,159.76360
HDFC Top 100 Fund - Direct Plan - Growth,18-11-2020,159.58980
HDFC Top 100 Fund - Direct Plan - Growth,17-11-2020,159.53330
HDFC Top 100 Fund - Direct Plan - Growth,13-11-2020,159.41460
HDFC Top 100 Fund - Direct Plan - Growth,12-11-2020,159.36240
HDFC Top 100 Fund - Direct Plan - Growth,11-11-2020,159.25310
HDFC Top 100 Fund - Direct Plan - Growth,10-11-2020,159.22900
HDFC Top 100 Fund - Direct Plan - Growth,09-11-2020,159.25680
HDFC Top 100 Fund - Direct Plan - Growth,06-11-2020,159.24680
HDFC Top 100 Fund - Direct Plan - Growth,05-11-2020,159.13550
HDFC Top 100 Fund - Direct Plan - Growth,04-11-2020,158.93740
HDFC Top 100 Fund - Direct Plan - Growth,03-11-2020,158.93660
HDFC Top 100 Fund - Direct Plan - Growth,02-11-2020,158.92950
HDFC Top 100 Fund - Direct Plan - Growth,29-10-2020,158.83670
HDFC Top 100 Fund - Direct Plan - Growth,28-10-2020,158.85700
HDFC Top 100 Fund - Direct Plan - Growth,27-10-2020,158.87130
HDFC Top 100 Fund - Direct Plan - Growth,26-10-2020,158.89750
HDFC Top 100 Fund - Direct Plan - Growth,23-10-2020,158.69360
HDFC Top 100 Fund - Direct Plan - Growth,22-10-2020,158.57050
HDFC Top 100 Fund - Direct Plan - Growth,21-10-2020,158.59830
HDFC Top 100 Fund - Direct Plan - Growth,20-10-2020,158.58960
HDFC Top 100 Fund - Direct Plan - Growth,19-10-2020,158.46010
HDFC Top 100 Fund - Direct Plan - Growth,16-10-2020,158.33270
HDFC Top 100 Fund - Direct Plan - Growth,15-10-2020,158.33810
HDFC Top 100 Fund - Direct Plan - Growth,14-10-2020,158.19820
HDFC Top 100 Fund - Direct Plan - Growth,13-10-2020,158.07620
HDFC Top 100 Fund - Direct Plan - Growth,12-10-2020,157.88200
HDFC Top 100 Fund - Direct Plan - Growth,09-10-2020,157.74980
HDFC Top 100 Fund - Direct Plan - Growth,08-10-2020,157.08600
HDFC Top 100 Fund - Direct Plan - Growth,07-10-2020,156.94590
HDFC Top 100 Fund - Direct Plan - Growth,06-10-2020,156.83940
HDFC Top 100 Fund - Direct Plan - Growth,05-10-2020,156.76300
HDFC Top 100 Fund - Direct Plan - Growth,01-10-2020,156.63880
HDFC Top 100 Fund - Direct Plan - Growth,30-09-2020,156.44830
HDFC Top 100 Fund - Direct Plan - Growth,29-09-2020,156.31870
HDFC Top 100 Fund - Direct Plan - Growth,28-09-2020,156.35110
HDFC Top 100 Fund - Direct Plan - Growth,25-09-2020,156.32930
HDFC Top 100 Fund - Direct Plan - Growth,24-09-2020,156.37000
HDFC Top 100 Fund - Direct Plan - Growth,23-09-2020,156.40260
HDFC Top 100 Fund - Direct Plan - Growth,22-09-2020,156.34590
HDFC Top 100 Fund - Direct Plan - Growth,21-09-2020,156.29950
HDFC Top 100 Fund - Direct Plan - Growth,18-09-2020,156.20390
HDFC Top 100 Fund - Direct Plan - Growth,17-09-2020,156.16490
HDFC Top 100 Fund - Direct Plan - Growth,16-09-2020,156.11460
HDFC Top 100 Fund - Direct Plan - Growth,15-09-2020,156.00040
HDFC Top 100 Fund - Direct Plan - Growth,14-09-2020,156.12840
HDFC Top 100 Fund - Direct Plan - Growth,11-09-2020,156.11520
HDFC Top 100 Fund - Direct Plan - Growth,10-09-2020,156.15130
HDFC Top 100 Fund - Direct Plan - Growth,09-09-2020,156.21230
HDFC Top 100 Fund - Direct Plan - Growth,08-09-2020,156.19160
HDFC Top 100 Fund - Direct Plan - Growth,07-09-2020,156.55350
HDFC Top 100 Fund - Direct Plan - Growth,04-09-2020,156.77400
HDFC Top 100 Fund - Direct Plan - Growth,03-09-2020,156.74170
HDFC Top 100 Fund - Direct Plan - Growth,02-09-2020,156.51630
HDFC Top 100 Fund - Direct Plan - Growth,01-09-2020,156.46210
HDFC Top 100 Fund - Direct Plan - Growth,31-08-2020,155.79720
HDFC Top 100 Fund - Direct Plan - Growth,28-08-2020,155.15420
HDFC Top 100 Fund - Direct Plan - Growth,27-08-2020,155.29300
HDFC Top 100 Fund - Direct Plan - Growth,26-08-2020,155.39890
HDFC Top 100 Fund - Direct Plan - Growth,25-08-2020,155.48410
HDFC Top 100 Fund - Direct Plan - Growth,24-08-2020,155.33930
HDFC Top 100 Fund - Direct Plan - Growth,21-08-2020,155.64260
HDFC Top 100 Fund - Direct Plan - Growth,20-08-2020,156.11830
HDFC Top 100 Fund - Direct Plan - Growth,19-08-2020,156.04080
HDFC Top 100 Fund - Direct Plan - Growth,18-08-2020,156.08480
HDFC Top 100 Fund - Direct Plan - Growth,17-08-2020,156.11780
HDFC Top 100 Fund - Direct Plan - Growth,14-08-2020,156.11090
HDFC Top 100 Fund - Direct Plan - Growth,13-08-2020,156.22040
HDFC Top 100 Fund - Direct Plan - Growth,12-08-2020,156.10230
HDFC Top 100 Fund - Direct Plan - Growth,11-08-2020,156.17030
HDFC Top 100 Fund - Direct Plan - Growth,10-08-2020,156.15790
HDFC Top 100 Fund - Direct Plan - Growth,07-08-2020,156.19630
HDFC Top 100 Fund - Direct Plan - Growth,06-08-2020,156.27300
HDFC Top 100 Fund - Direct Plan - Growth,05-08-2020,156.45150
HDFC Top 100 Fund - Direct Plan - Growth,04-08-2020,156.41510
HDFC Top 100 Fund - Direct Plan - Growth,03-08-2020,156.35690
HDFC Top 100 Fund - Direct Plan - Growth,31-07-2020,156.29080
HDFC Top 100 Fund - Direct Plan - Growth,30-07-2020,156.13850
HDFC Top 100 Fund - Direct Plan - Growth,29-07-2020,156.06980
HDFC Top 100 Fund - Direct Plan - Growth,28-07-2020,156.02340
HDFC Top 100 Fund - Direct Plan - Growth,27-07-2020,156.14190
HDFC Top 100 Fund - Direct Plan - Growth,24-07-2020,156.23630
HDFC Top 100 Fund - Direct Plan - Growth,23-07-2020,156.22610
HDFC Top 100 Fund - Direct Plan - Growth,22-07-2020,156.14620
HDFC Top 100 Fund - Direct Plan - Growth,21-07-2020,156.21800
HDFC Top 100 Fund - Direct Plan - Growth,20-07-2020,156.31200
HDFC Top 100 Fund - Direct Plan - Growth,17-07-2020,156.22610
HDFC Top 100 Fund - Direct Plan - Growth,16-07-2020,156.16830
HDFC Top 100 Fund - Direct Plan - Growth,15-07-2020,156.13320
HDFC Top 100 Fund - Direct Plan - Growth,14-07-2020,155.93690
HDFC Top 100 Fund - Direct Plan - Growth,13-07-2020,156.03070
HDFC Top 100 Fund - Direct Plan - Growth,10-07-2020,155.92900
HDFC Top 100 Fund - Direct Plan - Growth,09-07-2020,155.61120
HDFC Top 100 Fund - Direct Plan - Growth,08-07-2020,155.49590
HDFC Top 100 Fund - Direct Plan - Growth,07-07-2020,155.22080
HDFC Top 100 Fund - Direct Plan - Growth,06-07-2020,154.97990
HDFC Top 100 Fund - Direct Plan - Growth,03-07-2020,154.76280
HDFC Top 100 Fund - Direct Plan - Growth,02-07-2020,154.63810
HDFC Top 100 Fund - Direct Plan - Growth,01-07-2020,154.47070
HDFC Top 100 Fund - Direct Plan - Growth,30-06-2020,154.34070
HDFC Top 100 Fund - Direct Plan - Growth,29-06-2020,154.19540
HDFC Top 100 Fund - Direct Plan - Growth,26-06-2020,154.03840
HDFC Top 100 Fund - Direct Plan - Growth,25-06-2020,153.86580
HDFC Top 100 Fund - Direct Plan - Growth,24-06-2020,153.68710
HDFC Top 100 Fund - Direct Plan - Growth,23-06-2020,153.66610
HDFC Top 100 Fund - Direct Plan - Growth,22-06-2020,153.43800
HDFC Top 100 Fund - Direct Plan - Growth,19-06-2020,153.27920
HDFC Top 100 Fund - Direct Plan - Growth,18-06-2020,152.99420
HDFC Top 100 Fund - Direct Plan - Growth,17-06-2020,152.68730
HDFC Top 100 Fund - Direct Plan - Growth,16-06-2020,152.46300
HDFC Top 100 Fund - Direct Plan - Growth,15-06-2020,152.29220
HDFC Top 100 Fund - Direct Plan - Growth,12-06-2020,152.12020
HDFC Top 100 Fund - Direct Plan - Growth,11-06-2020,152.07970
HDFC Top 100 Fund - Direct Plan - Growth,10-06-2020,151.92850
HDFC Top 100 Fund - Direct Plan - Growth,09-06-2020,151.83230
HDFC Top 100 Fund - Direct Plan - Growth,08-06-2020,151.75450
HDFC Top 100 Fund - Direct Plan - Growth,05-06-2020,151.79470
HDFC Top 100 Fund - Direct Plan - Growth,04-06-2020,151.71440
HDFC Top 100 Fund - Direct Plan - Growth,03-06-2020,151.72910
HDFC Top 100 Fund - Direct Plan - Growth,02-06-2020,151.58870
HDFC Top 100 Fund - Direct Plan - Growth,01-06-2020,151.70270
HDFC Top 100 Fund - Direct Plan - Growth,29-05-2020,151.84580
HDFC Top 100 Fund - Direct Plan - Growth,28-05-2020,151.84990
HDFC Top 100 Fund - Direct Plan - Growth,27-05-2020,151.88310
HDFC Top 100 Fund - Direct Plan - Growth,26-05-2020,151.91230
HDFC Top 100 Fund - Direct Plan - Growth,22-05-2020,151.83500
HDFC Top 100 Fund - Direct Plan - Growth,21-05-2020,151.15680
HDFC Top 100 Fund - Direct Plan - Growth,20-05-2020,151.03470
HDFC Top 100 Fund - Direct Plan - Growth,19-05-2020,150.89980
HDFC Top 100 Fund - Direct Plan - Growth,18-05-2020,150.73750
HDFC Top 100 Fund - Direct Plan - Growth,15-05-2020,150.54830
HDFC Top 100 Fund - Direct Plan - Growth,14-05-2020,150.54970
HDFC Top 100 Fund - Direct Plan - Growth,13-05-2020,150.16330
HDFC Top 100 Fund - Direct Plan - Growth,12-05-2020,149.96870
HDFC Top 100 Fund - Direct Plan - Growth,11-05-2020,149.66990
HDFC Top 100 Fund - Direct Plan - Growth,08-05-2020,150.13260
HDFC Top 100 Fund - Direct Plan - Growth,06-05-2020,149.85490
HDFC Top 100 Fund - Direct Plan - Growth,05-05-2020,149.42290
HDFC Top 100 Fund - Direct Plan - Growth,04-05-2020,149.08550
HDFC Top 100 Fund - Direct Plan - Growth,30-04-2020,148.65560
HDFC Top 100 Fund - Direct Plan - Growth,29-04-2020,148.54900
HDFC Top 100 Fund - Direct Plan - Growth,28-04-2020,148.51480
HDFC Top 100 Fund - Direct Plan - Growth,27-04-2020,148.69220
HDFC Top 100 Fund - Direct Plan - Growth,24-04-2020,148.66470
HDFC Top 100 Fund - Direct Plan - Growth,23-04-2020,149.55270
HDFC Top 100 Fund - Direct Plan - Growth,22-04-2020,149.07930
HDFC Top 100 Fund - Direct Plan - Growth,21-04-2020,149.02120
HDFC Top 100 Fund - Direct Plan - Growth,20-04-2020,148.72010
HDFC Top 100 Fund - Direct Plan - Growth,17-04-2020,147.94700
HDFC Top 100 Fund - Direct Plan - Growth,16-04-2020,147.12390
HDFC Top 100 Fund - Direct Plan - Growth,15-04-2020,146.86330
HDFC Top 100 Fund - Direct Plan - Growth,13-04-2020,146.57850
HDFC Top 100 Fund - Direct Plan - Growth,09-04-2020,146.41960
HDFC Top 100 Fund - Direct Plan - Growth,08-04-2020,146.41120
HDFC Top 100 Fund - Direct Plan - Growth,07-04-2020,147.17690
HDFC Top 100 Fund - Direct Plan - Growth,03-04-2020,147.88150
HDFC Top 100 Fund - Direct Plan - Growth,31-03-2020,148.17090
HDFC Top 100 Fund - Direct Plan - Growth,30-03-2020,147.69880
HDFC Top 100 Fund - Direct Plan - Growth,27-03-2020,147.85100
HDFC Top 100 Fund - Direct Plan - Growth,26-03-2020,144.17960
HDFC Top 100 Fund - Direct Plan - Growth,24-03-2020,143.83040
HDFC Top 100 Fund - Direct Plan - Growth,23-03-2020,143.71940
HDFC Top 100 Fund - Direct Plan - Growth,20-03-2020,144.62720
HDFC Top 100 Fund - Direct Plan - Growth,19-03-2020,143.97650
HDFC Top 100 Fund - Direct Plan - Growth,18-03-2020,145.17790
HDFC Top 100 Fund - Direct Plan - Growth,17-03-2020,145.77960
HDFC Top 100 Fund - Direct Plan - Growth,16-03-2020,146.38570
HDFC Top 100 Fund - Direct Plan - Growth,13-03-2020,146.42480
HDFC Top 100 Fund - Direct Plan - Growth,12-03-2020,147.13020
HDFC Top 100 Fund - Direct Plan - Growth,11-03-2020,147.92990
HDFC Top 100 Fund - Direct Plan - Growth,09-03-2020,148.19110
HDFC Top 100 Fund - Direct Plan - Growth,06-03-2020,148.22000
HDFC Top 100 Fund - Direct Plan - Growth,05-03-2020,148.03900
HDFC Top 100 Fund - Direct Plan - Growth,04-03-2020,148.06480
HDFC Top 100 Fund - Direct Plan - Growth,03-03-2020,147.64570
HDFC Top 100 Fund - Direct Plan - Growth,02-03-2020,147.61980
HDFC Top 100 Fund - Direct Plan - Growth,28-02-2020,147.54200
HDFC Top 100 Fund - Direct Plan - Growth,27-02-2020,147.67830
HDFC Top 100 Fund - Direct Plan - Growth,26-02-2020,147.76810
HDFC Top 100 Fund - Direct Plan - Growth,25-02-2020,157.04230
HDFC Top 100 Fund - Direct Plan - Growth,24-02-2020,157.11050
HDFC Top 100 Fund - Direct Plan - Growth,20-02-2020,156.93530
HDFC Top 100 Fund - Direct Plan - Growth,18-02-2020,156.94440
HDFC Top 100 Fund - Direct Plan - Growth,17-02-2020,157.01240
HDFC Top 100 Fund - Direct Plan - Growth,14-02-2020,156.82800
HDFC Top 100 Fund - Direct Plan - Growth,13-02-2020,156.72330
HDFC Top 100 Fund - Direct Plan - Growth,12-02-2020,156.55160
HDFC Top 100 Fund - Direct Plan - Growth,11-02-2020,156.55810
HDFC Top 100 Fund - Direct Plan - Growth,10-02-2020,156.51380
HDFC Top 100 Fund - Direct Plan - Growth,07-02-2020,156.36270
HDFC Top 100 Fund - Direct Plan - Growth,06-02-2020,155.91820
HDFC Top 100 Fund - Direct Plan - Growth,05-02-2020,155.37680
HDFC Top 100 Fund - Direct Plan - Growth,04-02-2020,155.35870
HDFC Top 100 Fund - Direct Plan - Growth,03-02-2020,155.24320
HDFC Top 100 Fund - Direct Plan - Growth,31-01-2020,154.93920
HDFC Top 100 Fund - Direct Plan - Growth,30-01-2020,154.91460
HDFC Top 100 Fund - Direct Plan - Growth,29-01-2020,154.89040
HDFC Top 100 Fund - Direct Plan - Growth,28-01-2020,154.92020
HDFC Top 100 Fund - Direct Plan - Growth,27-01-2020,154.87030
HDFC Top 100 Fund - Direct Plan - Growth,24-01-2020,154.74900
HDFC Top 100 Fund - Direct Plan - Growth,23-01-2020,154.67140
HDFC Top 100 Fund - Direct Plan - Growth,22-01-2020,154.59030
HDFC Top 100 Fund - Direct Plan - Growth,21-01-2020,154.47760
HDFC Top 100 Fund - Direct Plan - Growth,20-01-2020,154.42280
HDFC Top 100 Fund - Direct Plan - Growth,17-01-2020,154.32490
HDFC Top 100 Fund - Direct Plan - Growth,16-01-2020,154.27130
HDFC Top 100 Fund - Direct Plan - Growth,15-01-2020,154.18890
HDFC Top 100 Fund - Direct Plan - Growth,14-01-2020,154.11510
HDFC Top 100 Fund - Direct Plan - Growth,13-01-2020,154.23620
HDFC Top 100 Fund - Direct Plan - Growth,10-01-2020,154.16720
HDFC Top 100 Fund - Direct Plan - Growth,09-01-2020,154.22020
HDFC Top 100 Fund - Direct Plan - Growth,08-01-2020,154.12700
HDFC Top 100 Fund - Direct Plan - Growth,07-01-2020,154.07510
HDFC Top 100 Fund - Direct Plan - Growth,06-01-2020,154.00360
HDFC Top 100 Fund - Direct Plan - Growth,03-01-2020,154.03230
HDFC Top 100 Fund - Direct Plan - Growth,02-01-2020,153.87420
HDFC Top 100 Fund - Direct Plan - Growth,01-01-2020,153.81930
HDFC Top 100 Fund - Direct Plan - Growth,31-12-2019,153.70540
HDFC Top 100 Fund - Direct Plan - Growth,30-12-2019,153.70100
HDFC Top 100 Fund - Direct Plan - Growth,27-12-2019,153.63460
HDFC Top 100 Fund - Direct Plan - Growth,26-12-2019,153.55760
HDFC Top 100 Fund - Direct Plan - Growth,24-12-2019,153.56260
HDFC Top 100 Fund - Direct Plan - Growth,23-12-2019,153.55370
HDFC Top 100 Fund - Direct Plan - Growth,20-12-2019,153.45720
HDFC Top 100 Fund - Direct Plan - Growth,19-12-2019,153.15260
HDFC Top 100 Fund - Direct Plan - Growth,18-12-2019,153.13370
HDFC Top 100 Fund - Direct Plan - Growth,17-12-2019,153.03460
HDFC Top 100 Fund - Direct Plan - Growth,16-12-2019,152.98140
HDFC Top 100 Fund - Direct Plan - Growth,13-12-2019,152.85760
HDFC Top 100 Fund - Direct Plan - Growth,12-12-2019,152.96820
HDFC Top 100 Fund - Direct Plan - Growth,11-12-2019,152.98320
HDFC Top 100 Fund - Direct Plan - Growth,10-12-2019,153.07380
HDFC Top 100 Fund - Direct Plan - Growth,09-12-2019,153.11830
HDFC Top 100 Fund - Direct Plan - Growth,06-12-2019,153.14050
HDFC Top 100 Fund - Direct Plan - Growth,05-12-2019,153.24830
HDFC Top 100 Fund - Direct Plan - Growth,04-12-2019,153.74050
HDFC Top 100 Fund - Direct Plan - Growth,03-12-2019,153.62590
HDFC Top 100 Fund - Direct Plan - Growth,02-12-2019,153.60460
HDFC Top 100 Fund - Direct Plan - Growth,29-11-2019,153.53810
HDFC Top 100 Fund - Direct Plan - Growth,28-11-2019,153.49340
HDFC Top 100 Fund - Direct Plan - Growth,27-11-2019,153.39030
HDFC Top 100 Fund - Direct Plan - Growth,26-11-2019,153.34850
HDFC Top 100 Fund - Direct Plan - Growth,25-11-2019,153.29600
HDFC Top 100 Fund - Direct Plan - Growth,22-11-2019,153.14360
HDFC Top 100 Fund - Direct Plan - Growth,21-11-2019,153.09270
HDFC Top 100 Fund - Direct Plan - Growth,20-11-2019,153.07080
HDFC Top 100 Fund - Direct Plan - Growth,19-11-2019,152.98530
HDFC Top 100 Fund - Direct Plan - Growth,18-11-2019,152.93160
HDFC Top 100 Fund - Direct Plan - Growth,15-11-2019,152.79790
HDFC Top 100 Fund - Direct Plan - Growth,14-11-2019,152.69570
HDFC Top 100 Fund - Direct Plan - Growth,13-11-2019,152.55810
HDFC Top 100 Fund - Direct Plan - Growth,11-11-2019,152.42140
HDFC Top 100 Fund - Direct Plan - Growth,08-11-2019,152.39850
HDFC Top 100 Fund - Direct Plan - Growth,07-11-2019,152.49110
HDFC Top 100 Fund - Direct Plan - Growth,06-11-2019,152.46070
HDFC Top 100 Fund - Direct Plan - Growth,05-11-2019,152.46920
HDFC Top 100 Fund - Direct Plan - Growth,04-11-2019,152.49010
HDFC Top 100 Fund - Direct Plan - Growth,01-11-2019,152.42850
HDFC Top 100 Fund - Direct Plan - Growth,31-10-2019,152.33240
HDFC Top 100 Fund - Direct Plan - Growth,30-10-2019,152.10720
HDFC Top 100 Fund - Direct Plan - Growth,29-10-2019,151.96500
HDFC Top 100 Fund - Direct Plan - Growth,25-10-2019,151.84330
HDFC Top 100 Fund - Direct Plan - Growth,24-10-2019,151.78960
HDFC Top 100 Fund - Direct Plan - Growth,23-10-2019,151.69740
HDFC Top 100 Fund - Direct Plan - Growth,22-10-2019,151.56320
HDFC Top 100 Fund - Direct Plan - Growth,18-10-2019,151.40290
HDFC Top 100 Fund - Direct Plan - Growth,17-10-2019,151.26600
HDFC Top 100 Fund - Direct Plan - Growth,16-10-2019,151.22890
HDFC Top 100 Fund - Direct Plan - Growth,15-10-2019,151.12940
HDFC Top 100 Fund - Direct Plan - Growth,14-10-2019,151.06760
HDFC Top 100 Fund - Direct Plan - Growth,11-10-2019,150.93800
HDFC Top 100 Fund - Direct Plan - Growth,10-10-2019,150.89650
HDFC Top 100 Fund - Direct Plan - Growth,09-10-2019,150.86100
HDFC Top 100 Fund - Direct Plan - Growth,07-10-2019,150.80640
HDFC Top 100 Fund - Direct Plan - Growth,04-10-2019,150.72870
HDFC Top 100 Fund - Direct Plan - Growth,03-10-2019,150.79360
HDFC Top 100 Fund - Direct Plan - Growth,01-10-2019,150.58120
HDFC Top 100 Fund - Direct Plan - Growth,30-09-2019,150.45390
HDFC Top 100 Fund - Direct Plan - Growth,27-09-2019,150.22310
HDFC Top 100 Fund - Direct Plan - Growth,26-09-2019,150.20390
HDFC Top 100 Fund - Direct Plan - Growth,25-09-2019,150.17310
HDFC Top 100 Fund - Direct Plan - Growth,24-09-2019,150.15030
HDFC Top 100 Fund - Direct Plan - Growth,23-09-2019,150.17780
HDFC Top 100 Fund - Direct Plan - Growth,20-09-2019,150.09930
HDFC Top 100 Fund - Direct Plan - Growth,19-09-2019,150.68280
HDFC Top 100 Fund - Direct Plan - Growth,18-09-2019,150.61910
HDFC Top 100 Fund - Direct Plan - Growth,17-09-2019,150.36880
HDFC Top 100 Fund - Direct Plan - Growth,16-09-2019,150.44760
HDFC Top 100 Fund - Direct Plan - Growth,13-09-2019,150.49370
HDFC Top 100 Fund - Direct Plan - Growth,12-09-2019,150.38280
HDFC Top 100 Fund - Direct Plan - Growth,11-09-2019,150.47970
HDFC Top 100 Fund - Direct Plan - Growth,09-09-2019,150.57780
HDFC Top 100 Fund - Direct Plan - Growth,06-09-2019,150.34140
HDFC Top 100 Fund - Direct Plan - Growth,05-09-2019,150.40760
HDFC Top 100 Fund - Direct Plan - Growth,04-09-2019,150.49060
HDFC Top 100 Fund - Direct Plan - Growth,03-09-2019,150.40880
HDFC Top 100 Fund - Direct Plan - Growth,30-08-2019,150.10760
HDFC Top 100 Fund - Direct Plan - Growth,29-08-2019,150.06250
HDFC Top 100 Fund - Direct Plan - Growth,28-08-2019,150.19140
HDFC Top 100 Fund - Direct Plan - Growth,27-08-2019,150.24960
HDFC Top 100 Fund - Direct Plan - Growth,26-08-2019,150.24180
HDFC Top 100 Fund - Direct Plan - Growth,23-08-2019,149.93470
HDFC Top 100 Fund - Direct Plan - Growth,22-08-2019,149.84040
HDFC Top 100 Fund - Direct Plan - Growth,21-08-2019,149.67650
HDFC Top 100 Fund - Direct Plan - Growth,20-08-2019,149.48640
HDFC Top 100 Fund - Direct Plan - Growth,19-08-2019,149.37300
HDFC Top 100 Fund - Direct Plan - Growth,16-08-2019,149.33110
HDFC Top 100 Fund - Direct Plan - Growth,14-08-2019,149.08090
HDFC Top 100 Fund - Direct Plan - Growth,13-08-2019,149.45110
HDFC Top 100 Fund - Direct Plan - Growth,09-08-2019,149.42480
HDFC Top 100 Fund - Direct Plan - Growth,08-08-2019,149.68430
HDFC Top 100 Fund - Direct Plan - Growth,07-08-2019,149.55770
HDFC Top 100 Fund - Direct Plan - Growth,06-08-2019,149.41470
HDFC Top 100 Fund - Direct Plan - Growth,05-08-2019,149.21550
HDFC Top 100 Fund - Direct Plan - Growth,02-08-2019,149.37240
HDFC Top 100 Fund - Direct Plan - Growth,01-08-2019,149.03670
HDFC Top 100 Fund - Direct Plan - Growth,31-07-2019,149.05120
HDFC Top 100 Fund - Direct Plan - Growth,30-07-2019,148.89200
HDFC Top 100 Fund - Direct Plan - Growth,29-07-2019,148.74870
HDFC Top 100 Fund - Direct Plan - Growth,26-07-2019,148.37040
HDFC Top 100 Fund - Direct Plan - Growth,25-07-2019,148.34130
HDFC Top 100 Fund - Direct Plan - Growth,24-07-2019,148.68580
HDFC Top 100 Fund - Direct Plan - Growth,23-07-2019,148.60970
HDFC Top 100 Fund - Direct Plan - Growth,22-07-2019,148.71740
HDFC Top 100 Fund - Direct Plan - Growth,19-07-2019,148.85420
HDFC Top 100 Fund - Direct Plan - Growth,18-07-2019,148.81090
HDFC Top 100 Fund - Direct Plan - Growth,17-07-2019,148.87780
HDFC Top 100 Fund - Direct Plan - Growth,16-07-2019,148.91020
HDFC Top 100 Fund - Direct Plan - Growth,15-07-2019,148.56780
HDFC Top 100 Fund - Direct Plan - Growth,12-07-2019,148.29440
HDFC Top 100 Fund - Direct Plan - Growth,11-07-2019,148.21660
HDFC Top 100 Fund - Direct Plan - Growth,10-07-2019,148.00340
HDFC Top 100 Fund - Direct Plan - Growth,09-07-2019,147.82280
HDFC Top 100 Fund - Direct Plan - Growth,08-07-2019,147.82770
HDFC Top 100 Fund - Direct Plan - Growth,05-07-2019,147.29720
HDFC Top 100 Fund - Direct Plan - Growth,04-07-2019,146.91340
HDFC Top 100 Fund - Direct Plan - Growth,03-07-2019,146.67800
HDFC Top 100 Fund - Direct Plan - Growth,02-07-2019,146.48170
HDFC Top 100 Fund - Direct Plan - Growth,01-07-2019,146.39030
HDFC Top 100 Fund - Direct Plan - Growth,28-06-2019,146.37970
HDFC Top 100 Fund - Direct Plan - Growth,27-06-2019,146.30610
HDFC Top 100 Fund - Direct Plan - Growth,26-06-2019,146.21510
HDFC Top 100 Fund - Direct Plan - Growth,25-06-2019,146.36630
HDFC Top 100 Fund - Direct Plan - Growth,24-06-2019,146.47710
HDFC Top 100 Fund - Direct Plan - Growth,21-06-2019,146.47450
HDFC Top 100 Fund - Direct Plan - Growth,20-06-2019,146.67960
HDFC Top 100 Fund - Direct Plan - Growth,19-06-2019,146.50250
HDFC Top 100 Fund - Direct Plan - Growth,18-06-2019,146.46540
HDFC Top 100 Fund - Direct Plan - Growth,17-06-2019,146.12230
HDFC Top 100 Fund - Direct Plan - Growth,14-06-2019,146.08700
HDFC Top 100 Fund - Direct Plan - Growth,13-06-2019,145.85170
HDFC Top 100 Fund - Direct Plan - Growth,12-06-2019,145.77500
HDFC Top 100 Fund - Direct Plan - Growth,11-06-2019,145.64040
HDFC Top 100 Fund - Direct Plan - Growth,10-06-2019,145.59550
HDFC Top 100 Fund - Direct Plan - Growth,07-06-2019,145.80350
HDFC Top 100 Fund - Direct Plan - Growth,06-06-2019,146.02950
HDFC Top 100 Fund - Direct Plan - Growth,04-06-2019,145.68430
HDFC Top 100 Fund - Direct Plan - Growth,03-06-2019,145.75480
HDFC Top 100 Fund - Direct Plan - Growth,31-05-2019,145.50410
HDFC Top 100 Fund - Direct Plan - Growth,30-05-2019,145.13120
HDFC Top 100 Fund - Direct Plan - Growth,29-05-2019,145.15870
HDFC Top 100 Fund - Direct Plan - Growth,28-05-2019,145.14180
HDFC Top 100 Fund - Direct Plan - Growth,27-05-2019,145.00110
HDFC Top 100 Fund - Direct Plan - Growth,24-05-2019,144.51000
HDFC Top 100 Fund - Direct Plan - Growth,23-05-2019,144.35380
HDFC Top 100 Fund - Direct Plan - Growth,22-05-2019,144.06460
HDFC Top 100 Fund - Direct Plan - Growth,21-05-2019,144.00030
HDFC Top 100 Fund - Direct Plan - Growth,20-05-2019,143.99760
HDFC Top 100 Fund - Direct Plan - Growth,17-05-2019,143.68870
HDFC Top 100 Fund - Direct Plan - Growth,16-05-2019,143.55460
HDFC Top 100 Fund - Direct Plan - Growth,15-05-2019,143.50380
HDFC Top 100 Fund - Direct Plan - Growth,14-05-2019,143.47830
HDFC Top 100 Fund - Direct Plan - Growth,13-05-2019,143.33460
HDFC Top 100 Fund - Direct Plan - Growth,10-05-2019,143.20790
HDFC Top 100 Fund - Direct Plan - Growth,09-05-2019,143.18000
HDFC Top 100 Fund - Direct Plan - Growth,08-05-2019,143.15040
HDFC Top 100 Fund - Direct Plan - Growth,07-05-2019,143.07870
HDFC Top 100 Fund - Direct Plan - Growth,06-05-2019,143.02010
HDFC Top 100 Fund - Direct Plan - Growth,03-05-2019,142.91620
HDFC Top 100 Fund - Direct Plan - Growth,02-05-2019,142.96690
HDFC Top 100 Fund - Direct Plan - Growth,30-04-2019,142.94620
HDFC Top 100 Fund - Direct Plan - Growth,26-04-2019,142.81160
HDFC Top 100 Fund - Direct Plan - Growth,25-04-2019,142.72540
HDFC Top 100 Fund - Direct Plan - Growth,24-04-2019,142.81700
HDFC Top 100 Fund - Direct Plan - Growth,23-04-2019,142.71700
HDFC Top 100 Fund - Direct Plan - Growth,22-04-2019,142.70990
HDFC Top 100 Fund - Direct Plan - Growth,18-04-2019,142.80030
HDFC Top 100 Fund - Direct Plan - Growth,16-04-2019,142.77550
HDFC Top 100 Fund - Direct Plan - Growth,15-04-2019,142.76280
HDFC Top 100 Fund - Direct Plan - Growth,12-04-2019,142.80540
HDFC Top 100 Fund - Direct Plan - Growth,11-04-2019,142.84710
HDFC Top 100 Fund - Direct Plan - Growth,10-04-2019,142.90460
HDFC Top 100 Fund - Direct Plan - Growth,09-04-2019,142.82980
HDFC Top 100 Fund - Direct Plan - Growth,08-04-2019,142.82290
HDFC Top 100 Fund - Direct Plan - Growth,05-04-2019,142.95770
HDFC Top 100 Fund - Direct Plan - Growth,04-04-2019,143.09930
HDFC Top 100 Fund - Direct Plan - Growth,03-04-2019,143.21600
HDFC Top 100 Fund - Direct Plan - Growth,02-04-2019,143.24540
HDFC Top 100 Fund - Direct Plan - Growth,29-03-2019,142.81430
HDFC Top 100 Fund - Direct Plan - Growth,28-03-2019,142.44400
HDFC Top 100 Fund - Direct Plan - Growth,27-03-2019,142.42660
HDFC Top 100 Fund - Direct Plan - Growth,26-03-2019,142.40630
HDFC Top 100 Fund - Direct Plan - Growth,25-03-2019,142.41710
HDFC Top 100 Fund - Direct Plan - Growth,22-03-2019,152.90060
HDFC Top 100 Fund - Direct Plan - Growth,20-03-2019,152.76990
HDFC Top 100 Fund - Direct Plan - Growth,19-03-2019,152.70050
HDFC Top 100 Fund - Direct Plan - Growth,18-03-2019,152.74120
HDFC Top 100 Fund - Direct Plan - Growth,15-03-2019,152.58380
HDFC Top 100 Fund - Direct Plan - Growth,14-03-2019,152.45520
HDFC Top 100 Fund - Direct Plan - Growth,13-03-2019,152.28310
HDFC Top 100 Fund - Direct Plan - Growth,12-03-2019,152.26620
HDFC Top 100 Fund - Direct Plan - Growth,11-03-2019,152.15240
HDFC Top 100 Fund - Direct Plan - Growth,08-03-2019,151.97350
HDFC Top 100 Fund - Direct Plan - Growth,07-03-2019,151.85510
HDFC Top 100 Fund - Direct Plan - Growth,06-03-2019,151.72850
HDFC Top 100 Fund - Direct Plan - Growth,05-03-2019,151.63570
HDFC Top 100 Fund - Direct Plan - Growth,01-03-2019,151.44300
HDFC Top 100 Fund - Direct Plan - Growth,28-02-2019,151.35700
HDFC Top 100 Fund - Direct Plan - Growth,27-02-2019,151.29910
HDFC Top 100 Fund - Direct Plan - Growth,26-02-2019,151.36200
HDFC Top 100 Fund - Direct Plan - Growth,25-02-2019,151.35990
HDFC Top 100 Fund - Direct Plan - Growth,22-02-2019,151.25990
HDFC Top 100 Fund - Direct Plan - Growth,21-02-2019,151.22930
HDFC Top 100 Fund - Direct Plan - Growth,20-02-2019,151.21490
HDFC Top 100 Fund - Direct Plan - Growth,18-02-2019,151.13100
HDFC Top 100 Fund - Direct Plan - Growth,15-02-2019,151.19320
HDFC Top 100 Fund - Direct Plan - Growth,14-02-2019,151.26980
HDFC Top 100 Fund - Direct Plan - Growth,13-02-2019,151.34510
HDFC Top 100 Fund - Direct Plan - Growth,12-02-2019,151.05000
HDFC Top 100 Fund - Direct Plan - Growth,11-02-2019,151.09080
HDFC Top 100 Fund - Direct Plan - Growth,08-02-2019,151.00900
HDFC Top 100 Fund - Direct Plan - Growth,07-02-2019,150.90770
HDFC Top 100 Fund - Direct Plan - Growth,06-02-2019,150.66660
HDFC Top 100 Fund - Direct Plan - Growth,05-02-2019,150.59660
HDFC Top 100 Fund - Direct Plan - Growth,04-02-2019,150.56330
HDFC Top 100 Fund - Direct Plan - Growth,01-02-2019,150.54920
HDFC Top 100 Fund - Direct Plan - Growth,31-01-2019,150.70490
HDFC Top 100 Fund - Direct Plan - Growth,30-01-2019,150.66930
HDFC Top 100 Fund - Direct Plan - Growth,29-01-2019,150.68450
HDFC Top 100 Fund - Direct Plan - Growth,28-01-2019,150.65760
HDFC Top 100 Fund - Direct Plan - Growth,25-01-2019,150.55470
HDFC Top 100 Fund - Direct Plan - Growth,24-01-2019,150.53480
HDFC Top 100 Fund - Direct Plan - Growth,23-01-2019,150.51010
HDFC Top 100 Fund - Direct Plan - Growth,22-01-2019,150.50280
HDFC Top 100 Fund - Direct Plan - Growth,21-01-2019,150.39540
HDFC Top 100 Fund - Direct Plan - Growth,18-01-2019,150.47590
HDFC Top 100 Fund - Direct Plan - Growth,17-01-2019,150.47680
HDFC Top 100 Fund - Direct Plan - Growth,16-01-2019,150.45550
HDFC Top 100 Fund - Direct Plan - Growth,15-01-2019,150.48540
HDFC Top 100 Fund - Direct Plan - Growth,14-01-2019,150.45600
HDFC Top 100 Fund - Direct Plan - Growth,11-01-2019,150.27910
HDFC Top 100 Fund - Direct Plan - Growth,10-01-2019,150.18030
HDFC Top 100 Fund - Direct Plan - Growth,09-01-2019,150.13730
HDFC Top 100 Fund - Direct Plan - Growth,08-01-2019,150.09550
HDFC Top 100 Fund - Direct Plan - Growth,07-01-2019,149.92790
HDFC Top 100 Fund - Direct Plan - Growth,04-01-2019,149.89540
HDFC Top 100 Fund - Direct Plan - Growth,03-01-2019,149.88590
HDFC Top 100 Fund - Direct Plan - Growth,02-01-2019,149.94310
HDFC Top 100 Fund - Direct Plan - Growth,01-01-2019,149.84520
HDFC Top 100 Fund - Direct Plan - Growth,31-12-2018,149.92060
HDFC Top 100 Fund - Direct Plan - Growth,28-12-2018,149.78440
HDFC Top 100 Fund - Direct Plan - Growth,27-12-2018,149.92470
HDFC Top 100 Fund - Direct Plan - Growth,26-12-2018,149.85960
HDFC Top 100 Fund - Direct Plan - Growth,24-12-2018,149.65440
HDFC Top 100 Fund - Direct Plan - Growth,21-12-2018,149.56300
HDFC Top 100 Fund - Direct Plan - Growth,20-12-2018,149.54640
HDFC Top 100 Fund - Direct Plan - Growth,19-12-2018,149.52780
HDFC Top 100 Fund - Direct Plan - Growth,18-12-2018,149.19500
HDFC Top 100 Fund - Direct Plan - Growth,17-12-2018,149.02830
HDFC Top 100 Fund - Direct Plan - Growth,14-12-2018,148.95640
HDFC Top 100 Fund - Direct Plan - Growth,13-12-2018,149.01540
HDFC Top 100 Fund - Direct Plan - Growth,12-12-2018,149.02780
HDFC Top 100 Fund - Direct Plan - Growth,11-12-2018,148.80090
HDFC Top 100 Fund - Direct Plan - Growth,10-12-2018,148.76420
HDFC Top 100 Fund - Direct Plan - Growth,07-12-2018,149.00150
HDFC Top 100 Fund - Direct Plan - Growth,06-12-2018,149.05350
HDFC Top 100 Fund - Direct Plan - Growth,05-12-2018,148.84600
HDFC Top 100 Fund - Direct Plan - Growth,04-12-2018,148.54290
HDFC Top 100 Fund - Direct Plan - Growth,03-12-2018,148.41280
HDFC Top 100 Fund - Direct Plan - Growth,30-11-2018,148.35790
HDFC Top 100 Fund - Direct Plan - Growth,29-11-2018,148.27350
HDFC Top 100 Fund - Direct Plan - Growth,28-11-2018,148.14330
HDFC Top 100 Fund - Direct Plan - Growth,27-11-2018,147.96330
HDFC Top 100 Fund - Direct Plan - Growth,26-11-2018,147.93880
HDFC Top 100 Fund - Direct Plan - Growth,22-11-2018,147.86030
HDFC Top 100 Fund - Direct Plan - Growth,20-11-2018,147.63500
HDFC Top 100 Fund - Direct Plan - Growth,19-11-2018,147.59230
HDFC Top 100 Fund - Direct Plan - Growth,16-11-2018,147.46110
HDFC Top 100 Fund - Direct Plan - Growth,15-11-2018,147.53020
HDFC Top 100 Fund - Direct Plan - Growth,14-11-2018,147.49200
HDFC Top 100 Fund - Direct Plan - Growth,13-11-2018,147.37710
HDFC Top 100 Fund - Direct Plan - Growth,12-11-2018,147.25610
HDFC Top 100 Fund - Direct Plan - Growth,09-11-2018,147.22080
HDFC Top 100 Fund - Direct Plan - Growth,06-11-2018,147.07120
HDFC Top 100 Fund - Direct Plan - Growth,05-11-2018,147.02160
HDFC Top 100 Fund - Direct Plan - Growth,02-11-2018,146.95970
HDFC Top 100 Fund - Direct Plan - Growth,01-11-2018,146.81280
HDFC Top 100 Fund - Direct Plan - Growth,31-10-2018,146.73390
HDFC Top 100 Fund - Direct Plan - Growth,30-10-2018,146.74520
HDFC Top 100 Fund - Direct Plan - Growth,29-10-2018,146.74450
HDFC Top 100 Fund - Direct Plan - Growth,26-10-2018,146.59000
HDFC Top 100 Fund - Direct Plan - Growth,25-10-2018,146.60040
HDFC Top 100 Fund - Direct Plan - Growth,24-10-2018,146.60040
HDFC Top 100 Fund - Direct Plan - Growth,23-10-2018,146.54810
HDFC Top 100 Fund - Direct Plan - Growth,22-10-2018,146.50090
HDFC Top 100 Fund - Direct Plan - Growth,19-10-2018,146.43280
HDFC Top 100 Fund - Direct Plan - Growth,17-10-2018,146.37380
HDFC Top 100 Fund - Direct Plan - Growth,16-10-2018,146.38460
HDFC Top 100 Fund - Direct Plan - Growth,15-10-2018,146.28010
HDFC Top 100 Fund - Direct Plan - Growth,12-10-2018,146.08170
HDFC Top 100 Fund - Direct Plan - Growth,11-10-2018,146.04550
HDFC Top 100 Fund - Direct Plan - Growth,10-10-2018,145.99080
HDFC Top 100 Fund - Direct Plan - Growth,09-10-2018,145.93930
HDFC Top 100 Fund - Direct Plan - Growth,08-10-2018,146.07910
HDFC Top 100 Fund - Direct Plan - Growth,05-10-2018,145.94700
HDFC Top 100 Fund - Direct Plan - Growth,04-10-2018,145.59230
HDFC Top 100 Fund - Direct Plan - Growth,03-10-2018,145.72730
HDFC Top 100 Fund - Direct Plan - Growth,01-10-2018,145.82000
HDFC Top 100 Fund - Direct Plan - Growth,28-09-2018,145.63470
HDFC Top 100 Fund - Direct Plan - Growth,27-09-2018,145.50140
HDFC Top 100 Fund - Direct Plan - Growth,26-09-2018,145.13970
HDFC Top 100 Fund - Direct Plan - Growth,25-09-2018,145.04040
HDFC Top 100 Fund - Direct Plan - Growth,24-09-2018,145.12900
HDFC Top 100 Fund - Direct Plan - Growth,21-09-2018,145.27030
HDFC Top 100 Fund - Direct Plan - Growth,19-09-2018,145.25110
HDFC Top 100 Fund - Direct Plan - Growth,18-09-2018,145.17690
HDFC Top 100 Fund - Direct Plan - Growth,17-09-2018,145.15910
HDFC Top 100 Fund - Direct Plan - Growth,14-09-2018,145.07180
HDFC Top 100 Fund - Direct Plan - Growth,12-09-2018,144.99210
HDFC Top 100 Fund - Direct Plan - Growth,11-09-2018,144.97240
HDFC Top 100 Fund - Direct Plan - Growth,10-09-2018,145.00290
HDFC Top 100 Fund - Direct Plan - Growth,07-09-2018,145.15030
HDFC Top 100 Fund - Direct Plan - Growth,06-09-2018,145.07980
HDFC Top 100 Fund - Direct Plan - Growth,05-09-2018,145.06400
HDFC Top 100 Fund - Direct Plan - Growth,04-09-2018,145.09100
HDFC Top 100 Fund - Direct Plan - Growth,03-09-2018,145.19810
HDFC Top 100 Fund - Direct Plan - Growth,31-08-2018,145.15700
HDFC Top 100 Fund - Direct Plan - Growth,30-08-2018,145.15300
HDFC Top 100 Fund - Direct Plan - Growth,29-08-2018,145.17770
HDFC Top 100 Fund - Direct Plan - Growth,28-08-2018,145.17430
HDFC Top 100 Fund - Direct Plan - Growth,27-08-2018,145.14870
HDFC Top 100 Fund - Direct Plan - Growth,24-08-2018,145.07130
HDFC Top 100 Fund - Direct Plan - Growth,23-08-2018,145.06300
HDFC Top 100 Fund - Direct Plan - Growth,21-08-2018,145.07370
HDFC Top 100 Fund - Direct Plan - Growth,20-08-2018,145.03630
HDFC Top 100 Fund - Direct Plan - Growth,16-08-2018,144.88890
HDFC Top 100 Fund - Direct Plan - Growth,14-08-2018,144.89830
HDFC Top 100 Fund - Direct Plan - Growth,13-08-2018,144.86380
HDFC Top 100 Fund - Direct Plan - Growth,10-08-2018,144.88340
HDFC Top 100 Fund - Direct Plan - Growth,09-08-2018,144.85470
HDFC Top 100 Fund - Direct Plan - Growth,08-08-2018,144.77510
HDFC Top 100 Fund - Direct Plan - Growth,07-08-2018,144.73600
HDFC Top 100 Fund - Direct Plan - Growth,06-08-2018,144.72870
HDFC Top 100 Fund - Direct Plan - Growth,03-08-2018,144.68290
HDFC Top 100 Fund - Direct Plan - Growth,02-08-2018,144.71700
HDFC Top 100 Fund - Direct Plan - Growth,01-08-2018,144.68980
HDFC Top 100 Fund - Direct Plan - Growth,31-07-2018,144.54730
HDFC Top 100 Fund - Direct Plan - Growth,30-07-2018,144.47080
HDFC Top 100 Fund - Direct Plan - Growth,27-07-2018,144.39670
HDFC Top 100 Fund - Direct Plan - Growth,26-07-2018,144.35610
HDFC Top 100 Fund - Direct Plan - Growth,25-07-2018,144.28570
HDFC Top 100 Fund - Direct Plan - Growth,24-07-2018,144.25430
HDFC Top 100 Fund - Direct Plan - Growth,23-07-2018,144.22170
HDFC Top 100 Fund - Direct Plan - Growth,20-07-2018,144.16510
HDFC Top 100 Fund - Direct Plan - Growth,19-07-2018,144.16040
HDFC Top 100 Fund - Direct Plan - Growth,18-07-2018,144.17840
HDFC Top 100 Fund - Direct Plan - Growth,17-07-2018,144.15340
HDFC Top 100 Fund - Direct Plan - Growth,16-07-2018,144.03320
HDFC Top 100 Fund - Direct Plan - Growth,13-07-2018,143.99320
HDFC Top 100 Fund - Direct Plan - Growth,12-07-2018,143.91370
HDFC Top 100 Fund - Direct Plan - Growth,11-07-2018,143.76360
HDFC Top 100 Fund - Direct Plan - Growth,10-07-2018,143.71530
HDFC Top 100 Fund - Direct Plan - Growth,09-07-2018,143.66660
HDFC Top 100 Fund - Direct Plan - Growth,06-07-2018,143.56560
HDFC Top 100 Fund - Direct Plan - Growth,05-07-2018,143.52720
HDFC Top 100 Fund - Direct Plan - Growth,04-07-2018,143.52830
HDFC Top 100 Fund - Direct Plan - Growth,03-07-2018,143.41800
HDFC Top 100 Fund - Direct Plan - Growth,02-07-2018,143.37150
HDFC Top 100 Fund - Direct Plan - Growth,29-06-2018,143.24280
HDFC Top 100 Fund - Direct Plan - Growth,28-06-2018,143.19500
HDFC Top 100 Fund - Direct Plan - Growth,27-06-2018,143.25810
HDFC Top 100 Fund - Direct Plan - Growth,26-06-2018,143.30680
HDFC Top 100 Fund - Direct Plan - Growth,25-06-2018,143.28980
HDFC Top 100 Fund - Direct Plan - Growth,22-06-2018,143.21550
HDFC Top 100 Fund - Direct Plan - Growth,21-06-2018,143.21270
HDFC Top 100 Fund - Direct Plan - Growth,20-06-2018,143.07850
HDFC Top 100 Fund - Direct Plan - Growth,19-06-2018,142.99360
HDFC Top 100 Fund - Direct Plan - Growth,18-06-2018,142.93930
HDFC Top 100 Fund - Direct Plan - Growth,15-06-2018,142.78320
HDFC Top 100 Fund - Direct Plan - Growth,14-06-2018,142.68740
HDFC Top 100 Fund - Direct Plan - Growth,13-06-2018,142.59070
HDFC Top 100 Fund - Direct Plan - Growth,12-06-2018,142.48370
HDFC Top 100 Fund - Direct Plan - Growth,11-06-2018,142.45510
HDFC Top 100 Fund - Direct Plan - Growth,08-06-2018,142.40350
HDFC Top 100 Fund - Direct Plan - Growth,07-06-2018,142.28120
HDFC Top 100 Fund - Direct Plan - Growth,06-06-2018,142.39720
HDFC Top 100 Fund - Direct Plan - Growth,05-06-2018,142.46650
HDFC Top 100 Fund - Direct Plan - Growth,04-06-2018,142.39980
HDFC Top 100 Fund - Direct Plan - Growth,01-06-2018,142.36740
HDFC Top 100 Fund - Direct Plan - Growth,31-05-2018,142.42000
HDFC Top 100 Fund - Direct Plan - Growth,30-05-2018,142.52960
HDFC Top 100 Fund - Direct Plan - Growth,29-05-2018,142.47260
HDFC Top 100 Fund - Direct Plan - Growth,28-05-2018,142.42240
HDFC Top 100 Fund - Direct Plan - Growth,25-05-2018,142.24870
HDFC Top 100 Fund - Direct Plan - Growth,24-05-2018,142.11650
HDFC Top 100 Fund - Direct Plan - Growth,23-05-2018,142.13570
HDFC Top 100 Fund - Direct Plan - Growth,22-05-2018,142.14720
HDFC Top 100 Fund - Direct Plan - Growth,21-05-2018,142.11740
HDFC Top 100 Fund - Direct Plan - Growth,18-05-2018,142.08570
HDFC Top 100 Fund - Direct Plan - Growth,17-05-2018,141.90050
HDFC Top 100 Fund - Direct Plan - Growth,16-05-2018,141.95750
HDFC Top 100 Fund - Direct Plan - Growth,15-05-2018,142.09140
HDFC Top 100 Fund - Direct Plan - Growth,14-05-2018,142.23980
HDFC Top 100 Fund - Direct Plan - Growth,11-05-2018,142.28570
HDFC Top 100 Fund - Direct Plan - Growth,10-05-2018,142.30770
HDFC Top 100 Fund - Direct Plan - Growth,09-05-2018,142.35630
HDFC Top 100 Fund - Direct Plan - Growth,08-05-2018,142.51870
HDFC Top 100 Fund - Direct Plan - Growth,07-05-2018,142.48080
HDFC Top 100 Fund - Direct Plan - Growth,04-05-2018,142.31650
HDFC Top 100 Fund - Direct Plan - Growth,03-05-2018,142.31790
HDFC Top 100 Fund - Direct Plan - Growth,02-05-2018,142.30150
HDFC Top 100 Fund - Direct Plan - Growth,27-04-2018,142.07840
HDFC Top 100 Fund - Direct Plan - Growth,26-04-2018,142.11090
HDFC Top 100 Fund - Direct Plan - Growth,25-04-2018,142.21850
HDFC Top 100 Fund - Direct Plan - Growth,24-04-2018,142.35690
HDFC Top 100 Fund - Direct Plan - Growth,23-04-2018,142.37970
HDFC Top 100 Fund - Direct Plan - Growth,20-04-2018,142.38180
HDFC Top 100 Fund - Direct Plan - Growth,19-04-2018,142.58170
HDFC Top 100 Fund - Direct Plan - Growth,18-04-2018,142.80350
HDFC Top 100 Fund - Direct Plan - Growth,17-04-2018,142.90280
HDFC Top 100 Fund - Direct Plan - Growth,16-04-2018,142.90830
HDFC Top 100 Fund - Direct Plan - Growth,13-04-2018,142.85960
HDFC Top 100 Fund - Direct Plan - Growth,12-04-2018,142.81230
HDFC Top 100 Fund - Direct Plan - Growth,11-04-2018,142.78920
HDFC Top 100 Fund - Direct Plan - Growth,10-04-2018,142.98380
HDFC Top 100 Fund - Direct Plan - Growth,09-04-2018,143.18510
HDFC Top 100 Fund - Direct Plan - Growth,06-04-2018,143.15330
HDFC Top 100 Fund - Direct Plan - Growth,05-04-2018,143.12750
HDFC Top 100 Fund - Direct Plan - Growth,04-04-2018,142.73820
HDFC Top 100 Fund - Direct Plan - Growth,03-04-2018,142.74280
HDFC Top 100 Fund - Direct Plan - Growth,28-03-2018,142.43920
HDFC Top 100 Fund - Direct Plan - Growth,27-03-2018,142.35560
HDFC Top 100 Fund - Direct Plan - Growth,26-03-2018,141.85800
HDFC Top 100 Fund - Direct Plan - Growth,23-03-2018,141.82720
HDFC Top 100 Fund - Direct Plan - Growth,22-03-2018,141.78480
HDFC Top 100 Fund - Direct Plan - Growth,21-03-2018,141.73910
HDFC Top 100 Fund - Direct Plan - Growth,20-03-2018,141.72690
HDFC Top 100 Fund - Direct Plan - Growth,19-03-2018,141.71480
HDFC Top 100 Fund - Direct Plan - Growth,16-03-2018,141.69120
HDFC Top 100 Fund - Direct Plan - Growth,15-03-2018,141.48730
HDFC Top 100 Fund - Direct Plan - Growth,14-03-2018,141.36860
HDFC Top 100 Fund - Direct Plan - Growth,13-03-2018,141.35170
HDFC Top 100 Fund - Direct Plan - Growth,12-03-2018,141.27100
HDFC Top 100 Fund - Direct Plan - Growth,09-03-2018,141.09640
HDFC Top 100 Fund - Direct Plan - Growth,08-03-2018,141.08820
HDFC Top 100 Fund - Direct Plan - Growth,07-03-2018,140.98030
HDFC Top 100 Fund - Direct Plan - Growth,06-03-2018,140.77000
HDFC Top 100 Fund - Direct Plan - Growth,05-03-2018,140.72650
HDFC Top 100 Fund - Direct Plan - Growth,01-03-2018,140.62430
HDFC Top 100 Fund - Direct Plan - Growth,28-02-2018,140.64120
HDFC Top 100 Fund - Direct Plan - Growth,27-02-2018,140.64900
HDFC Top 100 Fund - Direct Plan - Growth,26-02-2018,149.99220
HDFC Top 100 Fund - Direct Plan - Growth,23-02-2018,149.94910
HDFC Top 100 Fund - Direct Plan - Growth,22-02-2018,149.81580
HDFC Top 100 Fund - Direct Plan - Growth,21-02-2018,149.93030
HDFC Top 100 Fund - Direct Plan - Growth,20-02-2018,149.96960
HDFC Top 100 Fund - Direct Plan - Growth,16-02-2018,150.00150
HDFC Top 100 Fund - Direct Plan - Growth,15-02-2018,149.97650
HDFC Top 100 Fund - Direct Plan - Growth,14-02-2018,150.07410
HDFC Top 100 Fund - Direct Plan - Growth,12-02-2018,149.99620
HDFC Top 100 Fund - Direct Plan - Growth,09-02-2018,149.91180
HDFC Top 100 Fund - Direct Plan - Growth,08-02-2018,149.89990
HDFC Top 100 Fund - Direct Plan - Growth,07-02-2018,149.75710
HDFC Top 100 Fund - Direct Plan - Growth,06-02-2018,149.61090
HDFC Top 100 Fund - Direct Plan - Growth,05-02-2018,149.54190
HDFC Top 100 Fund - Direct Plan - Growth,02-02-2018,149.47660
HDFC Top 100 Fund - Direct Plan - Growth,01-02-2018,149.43090
HDFC Top 100 Fund - Direct Plan - Growth,31-01-2018,149.73540
HDFC Top 100 Fund - Direct Plan - Growth,30-01-2018,149.69440
HDFC Top 100 Fund - Direct Plan - Growth,29-01-2018,149.72640
HDFC Top 100 Fund - Direct Plan - Growth,25-01-2018,149.74980
HDFC Top 100 Fund - Direct Plan - Growth,24-01-2018,149.78300
HDFC Top 100 Fund - Direct Plan - Growth,23-01-2018,149.80590
HDFC Top 100 Fund - Direct Plan - Growth,22-01-2018,149.69420
HDFC Top 100 Fund - Direct Plan - Growth,19-01-2018,149.62470
HDFC Top 100 Fund - Direct Plan - Growth,18-01-2018,149.60570
HDFC Top 100 Fund - Direct Plan - Growth,17-01-2018,149.65530
HDFC Top 100 Fund - Direct Plan - Growth,16-01-2018,149.44000
HDFC Top 100 Fund - Direct Plan - Growth,15-01-2018,149.60090
HDFC Top 100 Fund - Direct Plan - Growth,12-01-2018,149.48910
HDFC Top 100 Fund - Direct Plan - Growth,11-01-2018,149.47690
HDFC Top 100 Fund - Direct Plan - Growth,10-01-2018,149.49190
HDFC Top 100 Fund - Direct Plan - Growth,09-01-2018,149.63760
HDFC Top 100 Fund - Direct Plan - Growth,08-01-2018,149.66300
HDFC Top 100 Fund - Direct Plan - Growth,05-01-2018,149.61290
HDFC Top 100 Fund - Direct Plan - Growth,04-01-2018,149.45620
HDFC Top 100 Fund - Direct Plan - Growth,03-01-2018,149.50110
HDFC Top 100 Fund - Direct Plan - Growth,02-01-2018,149.47850
HDFC Top 100 Fund - Direct Plan - Growth,01-01-2018,149.46350
HDFC Top 100 Fund - Direct Plan - Growth,29-12-2017,149.45450
HDFC Top 100 Fund - Direct Plan - Growth,28-12-2017,149.11130
HDFC Top 100 Fund - Direct Plan - Growth,27-12-2017,149.31570
HDFC Top 100 Fund - Direct Plan - Growth,26-12-2017,149.28640
HDFC Top 100 Fund - Direct Plan - Growth,22-12-2017,149.27930
HDFC Top 100 Fund - Direct Plan - Growth,21-12-2017,149.36990
HDFC Top 100 Fund - Direct Plan - Growth,20-12-2017,149.44740
HDFC Top 100 Fund - Direct Plan - Growth,19-12-2017,149.55900
HDFC Top 100 Fund - Direct Plan - Growth,18-12-2017,149.52920
HDFC Top 100 Fund - Direct Plan - Growth,15-12-2017,149.48530
HDFC Top 100 Fund - Direct Plan - Growth,14-12-2017,149.50760
HDFC Top 100 Fund - Direct Plan - Growth,13-12-2017,149.49220
HDFC Top 100 Fund - Direct Plan - Growth,12-12-2017,149.54400
HDFC Top 100 Fund - Direct Plan - Growth,11-12-2017,149.59620
HDFC Top 100 Fund - Direct Plan - Growth,08-12-2017,149.67010
HDFC Top 100 Fund - Direct Plan - Growth,07-12-2017,149.66870
HDFC Top 100 Fund - Direct Plan - Growth,06-12-2017,149.66360
HDFC Top 100 Fund - Direct Plan - Growth,05-12-2017,149.60150
HDFC Top 100 Fund - Direct Plan - Growth,04-12-2017,149.57040
HDFC Top 100 Fund - Direct Plan - Growth,30-11-2017,149.49130
HDFC Top 100 Fund - Direct Plan - Growth,29-11-2017,149.47370
HDFC Top 100 Fund - Direct Plan - Growth,28-11-2017,149.43710
HDFC Top 100 Fund - Direct Plan - Growth,27-11-2017,149.41310
HDFC Top 100 Fund - Direct Plan - Growth,24-11-2017,149.37080
HDFC Top 100 Fund - Direct Plan - Growth,23-11-2017,149.35810
HDFC Top 100 Fund - Direct Plan - Growth,22-11-2017,149.42990
HDFC Top 100 Fund - Direct Plan - Growth,21-11-2017,149.57410
HDFC Top 100 Fund - Direct Plan - Growth,20-11-2017,149.56770
HDFC Top 100 Fund - Direct Plan - Growth,17-11-2017,149.22270
HDFC Top 100 Fund - Direct Plan - Growth,16-11-2017,149.13550
HDFC Top 100 Fund - Direct Plan - Growth,15-11-2017,149.26530
HDFC Top 100 Fund - Direct Plan - Growth,14-11-2017,149.20090
HDFC Top 100 Fund - Direct Plan - Growth,13-11-2017,149.39460
HDFC Top 100 Fund - Direct Plan - Growth,10-11-2017,149.34390
HDFC Top 100 Fund - Direct Plan - Growth,09-11-2017,149.33500
HDFC Top 100 Fund - Direct Plan - Growth,08-11-2017,149.29640
HDFC Top 100 Fund - Direct Plan - Growth,07-11-2017,149.28450
HDFC Top 100 Fund - Direct Plan - Growth,06-11-2017,149.33440
HDFC Top 100 Fund - Direct Plan - Growth,03-11-2017,149.29350
HDFC Top 100 Fund - Direct Plan - Growth,02-11-2017,149.24230
HDFC Top 100 Fund - Direct Plan - Growth,01-11-2017,149.18720
HDFC Top 100 Fund - Direct Plan - Growth,31-10-2017,149.16600
HDFC Top 100 Fund - Direct Plan - Growth,30-10-2017,149.10950
HDFC Top 100 Fund - Direct Plan - Growth,27-10-2017,149.11600
HDFC Top 100 Fund - Direct Plan - Growth,26-10-2017,149.10890
HDFC Top 100 Fund - Direct Plan - Growth,25-10-2017,149.07570
HDFC Top 100 Fund - Direct Plan - Growth,24-10-2017,149.08720
HDFC Top 100 Fund - Direct Plan - Growth,23-10-2017,149.02990
HDFC Top 100 Fund - Direct Plan - Growth,18-10-2017,148.99330
HDFC Top 100 Fund - Direct Plan - Growth,17-10-2017,148.97250
HDFC Top 100 Fund - Direct Plan - Growth,16-10-2017,148.95570
HDFC Top 100 Fund - Direct Plan - Growth,13-10-2017,148.84950
HDFC Top 100 Fund - Direct Plan - Growth,12-10-2017,148.72480
HDFC Top 100 Fund - Direct Plan - Growth,11-10-2017,148.69580
HDFC Top 100 Fund - Direct Plan - Growth,10-10-2017,148.65060
HDFC Top 100 Fund - Direct Plan - Growth,09-10-2017,148.61130
HDFC Top 100 Fund - Direct Plan - Growth,06-10-2017,148.57440
HDFC Top 100 Fund - Direct Plan - Growth,05-10-2017,148.57830
HDFC Top 100 Fund - Direct Plan - Growth,04-10-2017,148.63510
HDFC Top 100 Fund - Direct Plan - Growth,03-10-2017,148.72050
HDFC Top 100 Fund - Direct Plan - Growth,29-09-2017,148.49100
HDFC Top 100 Fund - Direct Plan - Growth,28-09-2017,148.48350
HDFC Top 100 Fund - Direct Plan - Growth,27-09-2017,148.37670
HDFC Top 100 Fund - Direct Plan - Growth,26-09-2017,148.36200
HDFC Top 100 Fund - Direct Plan - Growth,25-09-2017,148.43710
HDFC Top 100 Fund - Direct Plan - Growth,22-09-2017,148.26490
HDFC Top 100 Fund - Direct Plan - Growth,21-09-2017,148.28420
HDFC Top 100 Fund - Direct Plan - Growth,20-09-2017,148.53430
HDFC Top 100 Fund - Direct Plan - Growth,19-09-2017,148.48970
HDFC Top 100 Fund - Direct Plan - Growth,18-09-2017,148.44660
HDFC Top 100 Fund - Direct Plan - Growth,15-09-2017,148.43650
HDFC Top 100 Fund - Direct Plan - Growth,14-09-2017,148.46310
HDFC Top 100 Fund - Direct Plan - Growth,13-09-2017,148.44460
HDFC Top 100 Fund - Direct Plan - Growth,12-09-2017,148.48000
HDFC Top 100 Fund - Direct Plan - Growth,11-09-2017,148.51330
HDFC Top 100 Fund - Direct Plan - Growth,08-09-2017,148.47060
HDFC Top 100 Fund - Direct Plan - Growth,07-09-2017,148.48210
HDFC Top 100 Fund - Direct Plan - Growth,06-09-2017,148.49730
HDFC Top 100 Fund - Direct Plan - Growth,05-09-2017,148.44610
HDFC Top 100 Fund - Direct Plan - Growth,04-09-2017,148.44190
HDFC Top 100 Fund - Direct Plan - Growth,01-09-2017,148.35900
HDFC Top 100 Fund - Direct Plan - Growth,31-08-2017,148.18100
HDFC Top 100 Fund - Direct Plan - Growth,30-08-2017,148.10910
HDFC Top 100 Fund - Direct Plan - Growth,29-08-2017,148.09330
HDFC Top 100 Fund - Direct Plan - Growth,28-08-2017,148.02220
HDFC Top 100 Fund - Direct Plan - Growth,24-08-2017,147.94500
HDFC Top 100 Fund - Direct Plan - Growth,23-08-2017,147.91460
HDFC Top 100 Fund - Direct Plan - Growth,22-08-2017,147.90180
HDFC Top 100 Fund - Direct Plan - Growth,21-08-2017,147.90300
HDFC Top 100 Fund - Direct Plan - Growth,18-08-2017,147.81820
HDFC Top 100 Fund - Direct Plan - Growth,16-08-2017,147.70530
HDFC Top 100 Fund - Direct Plan - Growth,14-08-2017,147.70870
HDFC Top 100 Fund - Direct Plan - Growth,11-08-2017,147.65610
HDFC Top 100 Fund - Direct Plan - Growth,10-08-2017,147.67440
HDFC Top 100 Fund - Direct Plan - Growth,09-08-2017,147.72440
HDFC Top 100 Fund - Direct Plan - Growth,08-08-2017,147.70570
HDFC Top 100 Fund - Direct Plan - Growth,07-08-2017,147.68210
HDFC Top 100 Fund - Direct Plan - Growth,04-08-2017,147.64950
HDFC Top 100 Fund - Direct Plan - Growth,03-08-2017,147.62120
HDFC Top 100 Fund - Direct Plan - Growth,02-08-2017,147.33590
HDFC Top 100 Fund - Direct Plan - Growth,01-08-2017,147.26540
HDFC Top 100 Fund - Direct Plan - Growth,31-07-2017,147.19810
HDFC Top 100 Fund - Direct Plan - Growth,28-07-2017,147.16040
HDFC Top 100 Fund - Direct Plan - Growth,27-07-2017,147.17080
HDFC Top 100 Fund - Direct Plan - Growth,26-07-2017,147.09970
HDFC Top 100 Fund - Direct Plan - Growth,25-07-2017,147.13730
HDFC Top 100 Fund - Direct Plan - Growth,24-07-2017,147.13280
HDFC Top 100 Fund - Direct Plan - Growth,21-07-2017,146.98210
HDFC Top 100 Fund - Direct Plan - Growth,20-07-2017,146.81570
HDFC Top 100 Fund - Direct Plan - Growth,19-07-2017,146.76680
HDFC Top 100 Fund - Direct Plan - Growth,18-07-2017,146.67890
HDFC Top 100 Fund - Direct Plan - Growth,17-07-2017,146.61410
HDFC Top 100 Fund - Direct Plan - Growth,14-07-2017,146.48020
HDFC Top 100 Fund - Direct Plan - Growth,13-07-2017,146.45680
HDFC Top 100 Fund - Direct Plan - Growth,12-07-2017,146.38240
HDFC Top 100 Fund - Direct Plan - Growth,11-07-2017,146.31050
HDFC Top 100 Fund - Direct Plan - Growth,10-07-2017,146.24430
HDFC Top 100 Fund - Direct Plan - Growth,07-07-2017,145.98880
HDFC Top 100 Fund - Direct Plan - Growth,06-07-2017,145.93710
HDFC Top 100 Fund - Direct Plan - Growth,05-07-2017,145.84980
HDFC Top 100 Fund - Direct Plan - Growth,04-07-2017,145.75820
HDFC Top 100 Fund - Direct Plan - Growth,03-07-2017,145.66630
HDFC Top 100 Fund - Direct Plan - Growth,30-06-2017,145.83940
HDFC Top 100 Fund - Direct Plan - Growth,29-06-2017,145.84760
HDFC Top 100 Fund - Direct Plan - Growth,28-06-2017,145.84910
HDFC Top 100 Fund - Direct Plan - Growth,27-06-2017,145.94490
HDFC Top 100 Fund - Direct Plan - Growth,23-06-2017,145.88130
HDFC Top 100 Fund - Direct Plan - Growth,22-06-2017,145.87350
HDFC Top 100 Fund - Direct Plan - Growth,21-06-2017,145.88890
HDFC Top 100 Fund - Direct Plan - Growth,20-06-2017,145.80160
HDFC Top 100 Fund - Direct Plan - Growth,19-06-2017,145.77420
HDFC Top 100 Fund - Direct Plan - Growth,16-06-2017,145.67980
HDFC Top 100 Fund - Direct Plan - Growth,15-06-2017,145.69790
HDFC Top 100 Fund - Direct Plan - Growth,14-06-2017,145.66070
HDFC Top 100 Fund - Direct Plan - Growth,13-06-2017,145.64030
HDFC Top 100 Fund - Direct Plan - Growth,12-06-2017,145.53410
HDFC Top 100 Fund - Direct Plan - Growth,09-06-2017,145.44470
HDFC Top 100 Fund - Direct Plan - Growth,08-06-2017,145.33160
HDFC Top 100 Fund - Direct Plan - Growth,07-06-2017,144.95070
HDFC Top 100 Fund - Direct Plan - Growth,06-06-2017,144.57010
HDFC Top 100 Fund - Direct Plan - Growth,05-06-2017,144.54090
HDFC Top 100 Fund - Direct Plan - Growth,02-06-2017,144.49500
HDFC Top 100 Fund - Direct Plan - Growth,01-06-2017,144.43770
HDFC Top 100 Fund - Direct Plan - Growth,31-05-2017,144.25260
HDFC Top 100 Fund - Direct Plan - Growth,30-05-2017,144.16950
HDFC Top 100 Fund - Direct Plan - Growth,29-05-2017,144.13900
HDFC Top 100 Fund - Direct Plan - Growth,26-05-2017,144.13900
HDFC Top 100 Fund - Direct Plan - Growth,25-05-2017,144.01820
HDFC Top 100 Fund - Direct Plan - Growth,24-05-2017,143.90930
HDFC Top 100 Fund - Direct Plan - Growth,23-05-2017,143.86820
HDFC Top 100 Fund - Direct Plan - Growth,22-05-2017,143.78990
HDFC Top 100 Fund - Direct Plan - Growth,19-05-2017,143.61110
HDFC Top 100 Fund - Direct Plan - Growth,18-05-2017,143.59920
HDFC Top 100 Fund - Direct Plan - Growth,17-05-2017,143.56830
HDFC Top 100 Fund - Direct Plan - Growth,16-05-2017,143.54360
HDFC Top 100 Fund - Direct Plan - Growth,15-05-2017,143.57180
HDFC Top 100 Fund - Direct Plan - Growth,12-05-2017,143.19100
HDFC Top 100 Fund - Direct Plan - Growth,11-05-2017,143.07820
HDFC Top 100 Fund - Direct Plan - Growth,09-05-2017,143.02250
HDFC Top 100 Fund - Direct Plan - Growth,08-05-2017,143.01710
HDFC Top 100 Fund - Direct Plan - Growth,05-05-2017,142.88810
HDFC Top 100 Fund - Direct Plan - Growth,04-05-2017,142.78100
HDFC Top 100 Fund - Direct Plan - Growth,03-05-2017,142.78040
HDFC Top 100 Fund - Direct Plan - Growth,02-05-2017,142.72610
HDFC Top 100 Fund - Direct Plan - Growth,28-04-2017,142.70910
HDFC Top 100 Fund - Direct Plan - Growth,27-04-2017,142.71180
HDFC Top 100 Fund - Direct Plan - Growth,26-04-2017,142.70880
HDFC Top 100 Fund - Direct Plan - Growth,25-04-2017,142.83760
HDFC Top 100 Fund - Direct Plan - Growth,24-04-2017,142.70630
HDFC Top 100 Fund - Direct Plan - Growth,21-04-2017,142.63450
HDFC Top 100 Fund - Direct Plan - Growth,20-04-2017,142.79910
HDFC Top 100 Fund - Direct Plan - Growth,19-04-2017,142.79660
HDFC Top 100 Fund - Direct Plan - Growth,18-04-2017,142.65250
HDFC Top 100 Fund - Direct Plan - Growth,17-04-2017,142.63170
HDFC Top 100 Fund - Direct Plan - Growth,13-04-2017,142.58440
HDFC Top 100 Fund - Direct Plan - Growth,12-04-2017,142.41960
HDFC Top 100 Fund - Direct Plan - Growth,11-04-2017,142.25570
HDFC Top 100 Fund - Direct Plan - Growth,10-04-2017,142.07210
HDFC Top 100 Fund - Direct Plan - Growth,07-04-2017,141.97490
HDFC Top 100 Fund - Direct Plan - Growth,06-04-2017,142.03440
HDFC Top 100 Fund - Direct Plan - Growth,05-04-2017,142.45600
HDFC Top 100 Fund - Direct Plan - Growth,03-04-2017,142.49100
HDFC Top 100 Fund - Direct Plan - Growth,31-03-2017,142.33650
HDFC Top 100 Fund - Direct Plan - Growth,30-03-2017,142.27010
HDFC Top 100 Fund - Direct Plan - Growth,29-03-2017,142.14050
HDFC Top 100 Fund - Direct Plan - Growth,27-03-2017,142.17020
HDFC Top 100 Fund - Direct Plan - Growth,24-03-2017,141.77960
HDFC Top 100 Fund - Direct Plan - Growth,23-03-2017,141.73410
HDFC Top 100 Fund - Direct Plan - Growth,22-03-2017,141.64410
HDFC Top 100 Fund - Direct Plan - Growth,21-03-2017,141.15670
HDFC Top 100 Fund - Direct Plan - Growth,20-03-2017,141.04270
HDFC Top 100 Fund - Direct Plan - Growth,17-03-2017,141.01340
HDFC Top 100 Fund - Direct Plan - Growth,16-03-2017,141.01100
HDFC Top 100 Fund - Direct Plan - Growth,15-03-2017,140.88030
HDFC Top 100 Fund - Direct Plan - Growth,14-03-2017,140.44760
HDFC Top 100 Fund - Direct Plan - Growth,10-03-2017,140.36020
HDFC Top 100 Fund - Direct Plan - Growth,09-03-2017,140.59250
HDFC Top 100 Fund - Direct Plan - Growth,08-03-2017,140.62170
HDFC Top 100 Fund - Direct Plan - Growth,07-03-2017,140.67150
HDFC Top 100 Fund - Direct Plan - Growth,06-03-2017,140.72140
HDFC Top 100 Fund - Direct Plan - Growth,03-03-2017,140.89390
HDFC Top 100 Fund - Direct Plan - Growth,02-03-2017,140.69310
HDFC Top 100 Fund - Direct Plan - Growth,01-03-2017,140.62910
HDFC Top 100 Fund - Direct Plan - Growth,28-02-2017,140.87850
HDFC Top 100 Fund - Direct Plan - Growth,27-02-2017,140.86120
HDFC Top 100 Fund - Direct Plan - Growth,23-02-2017,140.65600
HDFC Top 100 Fund - Direct Plan - Growth,22-02-2017,140.54820
HDFC Top 100 Fund - Direct Plan - Growth,20-02-2017,140.72010
HDFC Top 100 Fund - Direct Plan - Growth,17-02-2017,140.85440
HDFC Top 100 Fund - Direct Plan - Growth,16-02-2017,140.85500
HDFC Top 100 Fund - Direct Plan - Growth,15-02-2017,140.74250
HDFC Top 100 Fund - Direct Plan - Growth,14-02-2017,140.67690
HDFC Top 100 Fund - Direct Plan - Growth,13-02-2017,140.77410
HDFC Top 100 Fund - Direct Plan - Growth,10-02-2017,140.69580
HDFC Top 100 Fund - Direct Plan - Growth,09-02-2017,140.39610
HDFC Top 100 Fund - Direct Plan - Growth,08-02-2017,141.04980
HDFC Top 100 Fund - Direct Plan - Growth,07-02-2017,142.84260
HDFC Top 100 Fund - Direct Plan - Growth,06-02-2017,142.86730
HDFC Top 100 Fund - Direct Plan - Growth,03-02-2017,142.84110
HDFC Top 100 Fund - Direct Plan - Growth,02-02-2017,142.84980
HDFC Top 100 Fund - Direct Plan - Growth,01-02-2017,142.70800
HDFC Top 100 Fund - Direct Plan - Growth,31-01-2017,142.65130
HDFC Top 100 Fund - Direct Plan - Growth,30-01-2017,142.64240
HDFC Top 100 Fund - Direct Plan - Growth,27-01-2017,142.58030
HDFC Top 100 Fund - Direct Plan - Growth,25-01-2017,142.50210
HDFC Top 100 Fund - Direct Plan - Growth,24-01-2017,142.42360
HDFC Top 100 Fund - Direct Plan - Growth,23-01-2017,142.36200
HDFC Top 100 Fund - Direct Plan - Growth,20-01-2017,142.29400
HDFC Top 100 Fund - Direct Plan - Growth,19-01-2017,142.25840
HDFC Top 100 Fund - Direct Plan - Growth,18-01-2017,142.34670
HDFC Top 100 Fund - Direct Plan - Growth,17-01-2017,142.40580
HDFC Top 100 Fund - Direct Plan - Growth,16-01-2017,142.32470
HDFC Top 100 Fund - Direct Plan - Growth,13-01-2017,142.34550
HDFC Top 100 Fund - Direct Plan - Growth,12-01-2017,142.43830
HDFC Top 100 Fund - Direct Plan - Growth,11-01-2017,142.25590
HDFC Top 100 Fund - Direct Plan - Growth,10-01-2017,142.22260
HDFC Top 100 Fund - Direct Plan - Growth,09-01-2017,142.19570
HDFC Top 100 Fund - Direct Plan - Growth,06-01-2017,142.16450
HDFC Top 100 Fund - Direct Plan - Growth,05-01-2017,142.16620
HDFC Top 100 Fund - Direct Plan - Growth,04-01-2017,142.18840
HDFC Top 100 Fund - Direct Plan - Growth,03-01-2017,141.86370
HDFC Top 100 Fund - Direct Plan - Growth,02-01-2017,142.01280
HDFC Top 100 Fund - Direct Plan - Growth,30-12-2016,141.06530
HDFC Top 100 Fund - Direct Plan - Growth,29-12-2016,140.85390
HDFC Top 100 Fund - Direct Plan - Growth,28-12-2016,140.47990
HDFC Top 100 Fund - Direct Plan - Growth,27-12-2016,140.46350
HDFC Top 100 Fund - Direct Plan - Growth,26-12-2016,140.57630
HDFC Top 100 Fund - Direct Plan - Growth,23-12-2016,140.75400
HDFC Top 100 Fund - Direct Plan - Growth,22-12-2016,140.89220
HDFC Top 100 Fund - Direct Plan - Growth,21-12-2016,141.11870
HDFC Top 100 Fund - Direct Plan - Growth,20-12-2016,141.05140
HDFC Top 100 Fund - Direct Plan - Growth,19-12-2016,140.97310
HDFC Top 100 Fund - Direct Plan - Growth,16-12-2016,140.91440
HDFC Top 100 Fund - Direct Plan - Growth,15-12-2016,140.95430
HDFC Top 100 Fund - Direct Plan - Growth,14-12-2016,141.49950
HDFC Top 100 Fund - Direct Plan - Growth,13-12-2016,141.41490
HDFC Top 100 Fund - Direct Plan - Growth,09-12-2016,141.26740
HDFC Top 100 Fund - Direct Plan - Growth,08-12-2016,141.32800
HDFC Top 100 Fund - Direct Plan - Growth,07-12-2016,141.47590
HDFC Top 100 Fund - Direct Plan - Growth,06-12-2016,142.77470
HDFC Top 100 Fund - Direct Plan - Growth,05-12-2016,142.67270
HDFC Top 100 Fund - Direct Plan - Growth,02-12-2016,142.55390
HDFC Top 100 Fund - Direct Plan - Growth,01-12-2016,142.66780
HDFC Top 100 Fund - Direct Plan - Growth,30-11-2016,142.54170
HDFC Top 100 Fund - Direct Plan - Growth,29-11-2016,142.22120
HDFC Top 100 Fund - Direct Plan - Growth,28-11-2016,142.32860
HDFC Top 100 Fund - Direct Plan - Growth,25-11-2016,142.79660
HDFC Top 100 Fund - Direct Plan - Growth,24-11-2016,142.94180
HDFC Top 100 Fund - Direct Plan - Growth,23-11-2016,142.37940
HDFC Top 100 Fund - Direct Plan - Growth,22-11-2016,142.06140
HDFC Top 100 Fund - Direct Plan - Growth,21-11-2016,142.00130
HDFC Top 100 Fund - Direct Plan - Growth,18-11-2016,141.21160
HDFC Top 100 Fund - Direct Plan - Growth,17-11-2016,141.29570
HDFC Top 100 Fund - Direct Plan - Growth,16-11-2016,141.21510
HDFC Top 100 Fund - Direct Plan - Growth,15-11-2016,140.63120
HDFC Top 100 Fund - Direct Plan - Growth,11-11-2016,139.58130
HDFC Top 100 Fund - Direct Plan - Growth,10-11-2016,139.76690
HDFC Top 100 Fund - Direct Plan - Growth,09-11-2016,139.53530
HDFC Top 100 Fund - Direct Plan - Growth,08-11-2016,139.02890
HDFC Top 100 Fund - Direct Plan - Growth,07-11-2016,138.93420
HDFC Top 100 Fund - Direct Plan - Growth,04-11-2016,138.84350
HDFC Top 100 Fund - Direct Plan - Growth,03-11-2016,138.90470
HDFC Top 100 Fund - Direct Plan - Growth,02-11-2016,138.92010
HDFC Top 100 Fund - Direct Plan - Growth,01-11-2016,138.92850
HDFC Top 100 Fund - Direct Plan - Growth,28-10-2016,138.90020
HDFC Top 100 Fund - Direct Plan - Growth,27-10-2016,138.89320
HDFC Top 100 Fund - Direct Plan - Growth,26-10-2016,138.93240
HDFC Top 100 Fund - Direct Plan - Growth,25-10-2016,138.91700
HDFC Top 100 Fund - Direct Plan - Growth,24-10-2016,138.98920
HDFC Top 100 Fund - Direct Plan - Growth,21-10-2016,138.92520
HDFC Top 100 Fund - Direct Plan - Growth,20-10-2016,138.92000
HDFC Top 100 Fund - Direct Plan - Growth,19-10-2016,138.96860
HDFC Top 100 Fund - Direct Plan - Growth,18-10-2016,138.97710
HDFC Top 100 Fund - Direct Plan - Growth,17-10-2016,138.86960
HDFC Top 100 Fund - Direct Plan - Growth,14-10-2016,138.85840
HDFC Top 100 Fund - Direct Plan - Growth,13-10-2016,138.97110
HDFC Top 100 Fund - Direct Plan - Growth,10-10-2016,139.00350
HDFC Top 100 Fund - Direct Plan - Growth,07-10-2016,138.77640
HDFC Top 100 Fund - Direct Plan - Growth,06-10-2016,138.89240
HDFC Top 100 Fund - Direct Plan - Growth,05-10-2016,138.92680
HDFC Top 100 Fund - Direct Plan - Growth,04-10-2016,138.50070
HDFC Top 100 Fund - Direct Plan - Growth,03-10-2016,138.24150
HDFC Top 100 Fund - Direct Plan - Growth,30-09-2016,137.86650
HDFC Top 100 Fund - Direct Plan - Growth,29-09-2016,137.73070
HDFC Top 100 Fund - Direct Plan - Growth,28-09-2016,138.02840
HDFC Top 100 Fund - Direct Plan - Growth,27-09-2016,137.94700
HDFC Top 100 Fund - Direct Plan - Growth,26-09-2016,137.83240
HDFC Top 100 Fund - Direct Plan - Growth,23-09-2016,137.56010
HDFC Top 100 Fund - Direct Plan - Growth,22-09-2016,137.42410
HDFC Top 100 Fund - Direct Plan - Growth,21-09-2016,137.09700
HDFC Top 100 Fund - Direct Plan - Growth,20-09-2016,136.99860
HDFC Top 100 Fund - Direct Plan - Growth,19-09-2016,137.01390
HDFC Top 100 Fund - Direct Plan - Growth,16-09-2016,136.97100
HDFC Top 100 Fund - Direct Plan - Growth,15-09-2016,136.89260
HDFC Top 100 Fund - Direct Plan - Growth,14-09-2016,136.82190
HDFC Top 100 Fund - Direct Plan - Growth,12-09-2016,136.85000
HDFC Top 100 Fund - Direct Plan - Growth,09-09-2016,136.90630
HDFC Top 100 Fund - Direct Plan - Growth,08-09-2016,136.85890
HDFC Top 100 Fund - Direct Plan - Growth,07-09-2016,136.79790
HDFC Top 100 Fund - Direct Plan - Growth,06-09-2016,136.54100
HDFC Top 100 Fund - Direct Plan - Growth,02-09-2016,136.35170
HDFC Top 100 Fund - Direct Plan - Growth,01-09-2016,136.35840
HDFC Top 100 Fund - Direct Plan - Growth,31-08-2016,136.35150
HDFC Top 100 Fund - Direct Plan - Growth,30-08-2016,136.31200
HDFC Top 100 Fund - Direct Plan - Growth,29-08-2016,136.22050
HDFC Top 100 Fund - Direct Plan - Growth,26-08-2016,136.07430
HDFC Top 100 Fund - Direct Plan - Growth,25-08-2016,136.02960
HDFC Top 100 Fund - Direct Plan - Growth,24-08-2016,135.91120
HDFC Top 100 Fund - Direct Plan - Growth,23-08-2016,135.75060
HDFC Top 100 Fund - Direct Plan - Growth,22-08-2016,135.71830
HDFC Top 100 Fund - Direct Plan - Growth,19-08-2016,135.86870
HDFC Top 100 Fund - Direct Plan - Growth,18-08-2016,135.73430
HDFC Top 100 Fund - Direct Plan - Growth,16-08-2016,135.89020
HDFC Top 100 Fund - Direct Plan - Growth,12-08-2016,135.81820
HDFC Top 100 Fund - Direct Plan - Growth,11-08-2016,135.82910
HDFC Top 100 Fund - Direct Plan - Growth,10-08-2016,135.58380
HDFC Top 100 Fund - Direct Plan - Growth,09-08-2016,135.36060
HDFC Top 100 Fund - Direct Plan - Growth,08-08-2016,135.03870
HDFC Top 100 Fund - Direct Plan - Growth,05-08-2016,134.93770
HDFC Top 100 Fund - Direct Plan - Growth,04-08-2016,134.86550
HDFC Top 100 Fund - Direct Plan - Growth,03-08-2016,134.73770
HDFC Top 100 Fund - Direct Plan - Growth,02-08-2016,134.84880
HDFC Top 100 Fund - Direct Plan - Growth,01-08-2016,134.97120
HDFC Top 100 Fund - Direct Plan - Growth,29-07-2016,134.73250
HDFC Top 100 Fund - Direct Plan - Growth,28-07-2016,134.59850
HDFC Top 100 Fund - Direct Plan - Growth,27-07-2016,134.17880
HDFC Top 100 Fund - Direct Plan - Growth,26-07-2016,134.15310
HDFC Top 100 Fund - Direct Plan - Growth,25-07-2016,134.09890
HDFC Top 100 Fund - Direct Plan - Growth,22-07-2016,133.96220
HDFC Top 100 Fund - Direct Plan - Growth,21-07-2016,133.85440
HDFC Top 100 Fund - Direct Plan - Growth,20-07-2016,133.74950
HDFC Top 100 Fund - Direct Plan - Growth,19-07-2016,133.61340
HDFC Top 100 Fund - Direct Plan - Growth,18-07-2016,133.48250
HDFC Top 100 Fund - Direct Plan - Growth,15-07-2016,133.46580
HDFC Top 100 Fund - Direct Plan - Growth,14-07-2016,133.39270
HDFC Top 100 Fund - Direct Plan - Growth,13-07-2016,133.32120
HDFC Top 100 Fund - Direct Plan - Growth,12-07-2016,133.01560
HDFC Top 100 Fund - Direct Plan - Growth,11-07-2016,132.68350
HDFC Top 100 Fund - Direct Plan - Growth,08-07-2016,132.56790
HDFC Top 100 Fund - Direct Plan - Growth,07-07-2016,132.51120
HDFC Top 100 Fund - Direct Plan - Growth,05-07-2016,132.38580
HDFC Top 100 Fund - Direct Plan - Growth,04-07-2016,132.14920
HDFC Top 100 Fund - Direct Plan - Growth,01-07-2016,132.04590
HDFC Top 100 Fund - Direct Plan - Growth,30-06-2016,131.86460
HDFC Top 100 Fund - Direct Plan - Growth,29-06-2016,131.80080
HDFC Top 100 Fund - Direct Plan - Growth,28-06-2016,131.70770
HDFC Top 100 Fund - Direct Plan - Growth,27-06-2016,131.66530
HDFC Top 100 Fund - Direct Plan - Growth,24-06-2016,131.48750
HDFC Top 100 Fund - Direct Plan - Growth,23-06-2016,131.46810
HDFC Top 100 Fund - Direct Plan - Growth,22-06-2016,131.40240
HDFC Top 100 Fund - Direct Plan - Growth,21-06-2016,131.31680
HDFC Top 100 Fund - Direct Plan - Growth,20-06-2016,131.24550
HDFC Top 100 Fund - Direct Plan - Growth,17-06-2016,131.19830
HDFC Top 100 Fund - Direct Plan - Growth,16-06-2016,131.16480
HDFC Top 100 Fund - Direct Plan - Growth,15-06-2016,131.08800
HDFC Top 100 Fund - Direct Plan - Growth,14-06-2016,131.04720
HDFC Top 100 Fund - Direct Plan - Growth,13-06-2016,131.01260
HDFC Top 100 Fund - Direct Plan - Growth,10-06-2016,131.03280
HDFC Top 100 Fund - Direct Plan - Growth,09-06-2016,131.00600
HDFC Top 100 Fund - Direct Plan - Growth,08-06-2016,130.97130
HDFC Top 100 Fund - Direct Plan - Growth,07-06-2016,130.94980
HDFC Top 100 Fund - Direct Plan - Growth,06-06-2016,130.94180
HDFC Top 100 Fund - Direct Plan - Growth,03-06-2016,130.80970
HDFC Top 100 Fund - Direct Plan - Growth,02-06-2016,130.77460
HDFC Top 100 Fund - Direct Plan - Growth,01-06-2016,130.73440
HDFC Top 100 Fund - Direct Plan - Growth,31-05-2016,130.75490
HDFC Top 100 Fund - Direct Plan - Growth,30-05-2016,130.74410
HDFC Top 100 Fund - Direct Plan - Growth,27-05-2016,130.66150
HDFC Top 100 Fund - Direct Plan - Growth,26-05-2016,130.63260
HDFC Top 100 Fund - Direct Plan - Growth,25-05-2016,130.63250
HDFC Top 100 Fund - Direct Plan - Growth,24-05-2016,130.60430
HDFC Top 100 Fund - Direct Plan - Growth,23-05-2016,130.57550
HDFC Top 100 Fund - Direct Plan - Growth,20-05-2016,130.46140
HDFC Top 100 Fund - Direct Plan - Growth,19-05-2016,130.48210
HDFC Top 100 Fund - Direct Plan - Growth,18-05-2016,130.42250
HDFC Top 100 Fund - Direct Plan - Growth,17-05-2016,130.44130
HDFC Top 100 Fund - Direct Plan - Growth,16-05-2016,130.42600
HDFC Top 100 Fund - Direct Plan - Growth,13-05-2016,130.35280
HDFC Top 100 Fund - Direct Plan - Growth,12-05-2016,130.37100
HDFC Top 100 Fund - Direct Plan - Growth,11-05-2016,130.30160
HDFC Top 100 Fund - Direct Plan - Growth,10-05-2016,130.26170
HDFC Top 100 Fund - Direct Plan - Growth,09-05-2016,130.21630
HDFC Top 100 Fund - Direct Plan - Growth,06-05-2016,130.09720
HDFC Top 100 Fund - Direct Plan - Growth,05-05-2016,130.07020
HDFC Top 100 Fund - Direct Plan - Growth,04-05-2016,130.03530
HDFC Top 100 Fund - Direct Plan - Growth,03-05-2016,129.97190
HDFC Top 100 Fund - Direct Plan - Growth,02-05-2016,129.97650
HDFC Top 100 Fund - Direct Plan - Growth,29-04-2016,129.91190
HDFC Top 100 Fund - Direct Plan - Growth,28-04-2016,129.84050
HDFC Top 100 Fund - Direct Plan - Growth,27-04-2016,129.79930
HDFC Top 100 Fund - Direct Plan - Growth,26-04-2016,129.77970
HDFC Top 100 Fund - Direct Plan - Growth,25-04-2016,129.77230
HDFC Top 100 Fund - Direct Plan - Growth,22-04-2016,129.71550
HDFC Top 100 Fund - Direct Plan - Growth,21-04-2016,129.63560
HDFC Top 100 Fund - Direct Plan - Growth,20-04-2016,129.76010
HDFC Top 100 Fund - Direct Plan - Growth,18-04-2016,129.75200
HDFC Top 100 Fund - Direct Plan - Growth,13-04-2016,129.55950
HDFC Top 100 Fund - Direct Plan - Growth,12-04-2016,129.68580
HDFC Top 100 Fund - Direct Plan - Growth,11-04-2016,129.60380
HDFC Top 100 Fund - Direct Plan - Growth,07-04-2016,129.34940
HDFC Top 100 Fund - Direct Plan - Growth,06-04-2016,129.19030
HDFC Top 100 Fund - Direct Plan - Growth,05-04-2016,129.08310
HDFC Top 100 Fund - Direct Plan - Growth,04-04-2016,129.03800
HDFC Top 100 Fund - Direct Plan - Growth,31-03-2016,128.57890
HDFC Top 100 Fund - Direct Plan - Growth,30-03-2016,128.26530
HDFC Top 100 Fund - Direct Plan - Growth,29-03-2016,128.23410
HDFC Top 100 Fund - Direct Plan - Growth,28-03-2016,128.31030
HDFC Top 100 Fund - Direct Plan - Growth,23-03-2016,128.06750
HDFC Top 100 Fund - Direct Plan - Growth,22-03-2016,128.05790
HDFC Top 100 Fund - Direct Plan - Growth,21-03-2016,128.05430
HDFC Top 100 Fund - Direct Plan - Growth,18-03-2016,127.76730
HDFC Top 100 Fund - Direct Plan - Growth,17-03-2016,127.71240
HDFC Top 100 Fund - Direct Plan - Growth,16-03-2016,127.37190
HDFC Top 100 Fund - Direct Plan - Growth,15-03-2016,127.18870
HDFC Top 100 Fund - Direct Plan - Growth,14-03-2016,127.03520
HDFC Top 100 Fund - Direct Plan - Growth,11-03-2016,126.76530
HDFC Top 100 Fund - Direct Plan - Growth,10-03-2016,126.72300
HDFC Top 100 Fund - Direct Plan - Growth,09-03-2016,126.66950
HDFC Top 100 Fund - Direct Plan - Growth,08-03-2016,126.61890
HDFC Top 100 Fund - Direct Plan - Growth,04-03-2016,126.49230
HDFC Top 100 Fund - Direct Plan - Growth,03-03-2016,126.26710
HDFC Top 100 Fund - Direct Plan - Growth,02-03-2016,126.32900
HDFC Top 100 Fund - Direct Plan - Growth,01-03-2016,126.32150
HDFC Top 100 Fund - Direct Plan - Growth,29-02-2016,126.22030
HDFC Top 100 Fund - Direct Plan - Growth,26-02-2016,125.12140
HDFC Top 100 Fund - Direct Plan - Growth,25-02-2016,124.94900
HDFC Top 100 Fund - Direct Plan - Growth,24-02-2016,125.25910
HDFC Top 100 Fund - Direct Plan - Growth,23-02-2016,125.34080
HDFC Top 100 Fund - Direct Plan - Growth,22-02-2016,125.62620
HDFC Top 100 Fund - Direct Plan - Growth,18-02-2016,125.69480
HDFC Top 100 Fund - Direct Plan - Growth,17-02-2016,125.62370
HDFC Top 100 Fund - Direct Plan - Growth,16-02-2016,125.71490
HDFC Top 100 Fund - Direct Plan - Growth,15-02-2016,125.87460
HDFC Top 100 Fund - Direct Plan - Growth,12-02-2016,125.92540
HDFC Top 100 Fund - Direct Plan - Growth,11-02-2016,125.95170
HDFC Top 100 Fund - Direct Plan - Growth,10-02-2016,125.95920
HDFC Top 100 Fund - Direct Plan - Growth,09-02-2016,125.93700
HDFC Top 100 Fund - Direct Plan - Growth,08-02-2016,125.95960
HDFC Top 100 Fund - Direct Plan - Growth,05-02-2016,125.92070
HDFC Top 100 Fund - Direct Plan - Growth,04-02-2016,125.84280
HDFC Top 100 Fund - Direct Plan - Growth,03-02-2016,125.74660
HDFC Top 100 Fund - Direct Plan - Growth,02-02-2016,125.80900
HDFC Top 100 Fund - Direct Plan - Growth,01-02-2016,125.99330
HDFC Top 100 Fund - Direct Plan - Growth,29-01-2016,125.96320
HDFC Top 100 Fund - Direct Plan - Growth,28-01-2016,125.85120
HDFC Top 100 Fund - Direct Plan - Growth,27-01-2016,125.89250
HDFC Top 100 Fund - Direct Plan - Growth,25-01-2016,125.80710
HDFC Top 100 Fund - Direct Plan - Growth,22-01-2016,125.81760
HDFC Top 100 Fund - Direct Plan - Growth,21-01-2016,125.88650
HDFC Top 100 Fund - Direct Plan - Growth,20-01-2016,125.73540
HDFC Top 100 Fund - Direct Plan - Growth,19-01-2016,125.63690
HDFC Top 100 Fund - Direct Plan - Growth,18-01-2016,125.49310
HDFC Top 100 Fund - Direct Plan - Growth,15-01-2016,125.44980
HDFC Top 100 Fund - Direct Plan - Growth,14-01-2016,125.55270
HDFC Top 100 Fund - Direct Plan - Growth,13-01-2016,125.60790
HDFC Top 100 Fund - Direct Plan - Growth,12-01-2016,125.65910
HDFC Top 100 Fund - Direct Plan - Growth,11-01-2016,125.72590
HDFC Top 100 Fund - Direct Plan - Growth,08-01-2016,125.71460
HDFC Top 100 Fund - Direct Plan - Growth,07-01-2016,125.66480
HDFC Top 100 Fund - Direct Plan - Growth,06-01-2016,125.58420
HDFC Top 100 Fund - Direct Plan - Growth,05-01-2016,125.53800
HDFC Top 100 Fund - Direct Plan - Growth,04-01-2016,125.46950
HDFC Top 100 Fund - Direct Plan - Growth,01-01-2016,125.33590
HDFC Top 100 Fund - Direct Plan - Growth,31-12-2015,125.20200
HDFC Top 100 Fund - Direct Plan - Growth,30-12-2015,125.18000
HDFC Top 100 Fund - Direct Plan - Growth,29-12-2015,125.09700
HDFC Top 100 Fund - Direct Plan - Growth,28-12-2015,125.10040
HDFC Top 100 Fund - Direct Plan - Growth,23-12-2015,125.01510
HDFC Top 100 Fund - Direct Plan - Growth,22-12-2015,124.89580
HDFC Top 100 Fund - Direct Plan - Growth,21-12-2015,124.82600
HDFC Top 100 Fund - Direct Plan - Growth,18-12-2015,124.87840
HDFC Top 100 Fund - Direct Plan - Growth,17-12-2015,124.93780
HDFC Top 100 Fund - Direct Plan - Growth,16-12-2015,124.85200
HDFC Top 100 Fund - Direct Plan - Growth,15-12-2015,124.67360
HDFC Top 100 Fund - Direct Plan - Growth,14-12-2015,124.66570
HDFC Top 100 Fund - Direct Plan - Growth,11-12-2015,124.70110
HDFC Top 100 Fund - Direct Plan - Growth,10-12-2015,124.67870
HDFC Top 100 Fund - Direct Plan - Growth,09-12-2015,124.65780
HDFC Top 100 Fund - Direct Plan - Growth,08-12-2015,124.63560
HDFC Top 100 Fund - Direct Plan - Growth,07-12-2015,124.71850
HDFC Top 100 Fund - Direct Plan - Growth,04-12-2015,124.67200
HDFC Top 100 Fund - Direct Plan - Growth,03-12-2015,124.79280
HDFC Top 100 Fund - Direct Plan - Growth,02-12-2015,124.62930
HDFC Top 100 Fund - Direct Plan - Growth,01-12-2015,124.62880
HDFC Top 100 Fund - Direct Plan - Growth,30-11-2015,124.44190
HDFC Top 100 Fund - Direct Plan - Growth,27-11-2015,124.42300
HDFC Top 100 Fund - Direct Plan - Growth,26-11-2015,124.51720
HDFC Top 100 Fund - Direct Plan - Growth,24-11-2015,124.52150
HDFC Top 100 Fund - Direct Plan - Growth,23-11-2015,124.45230
HDFC Top 100 Fund - Direct Plan - Growth,20-11-2015,124.42880
HDFC Top 100 Fund - Direct Plan - Growth,19-11-2015,124.50050
HDFC Top 100 Fund - Direct Plan - Growth,18-11-2015,124.47310
HDFC Top 100 Fund - Direct Plan - Growth,17-11-2015,124.47100
HDFC Top 100 Fund - Direct Plan - Growth,16-11-2015,124.50390
HDFC Top 100 Fund - Direct Plan - Growth,13-11-2015,124.41460
HDFC Top 100 Fund - Direct Plan - Growth,10-11-2015,124.23600
HDFC Top 100 Fund - Direct Plan - Growth,09-11-2015,124.13460
HDFC Top 100 Fund - Direct Plan - Growth,06-11-2015,124.19270
HDFC Top 100 Fund - Direct Plan - Growth,05-11-2015,124.19020
HDFC Top 100 Fund - Direct Plan - Growth,04-11-2015,124.23330
HDFC Top 100 Fund - Direct Plan - Growth,03-11-2015,124.28940
HDFC Top 100 Fund - Direct Plan - Growth,02-11-2015,124.27710
HDFC Top 100 Fund - Direct Plan - Growth,30-10-2015,124.15710
HDFC Top 100 Fund - Direct Plan - Growth,29-10-2015,124.15960
HDFC Top 100 Fund - Direct Plan - Growth,28-10-2015,124.21620
HDFC Top 100 Fund - Direct Plan - Growth,27-10-2015,124.14430
HDFC Top 100 Fund - Direct Plan - Growth,26-10-2015,124.08840
HDFC Top 100 Fund - Direct Plan - Growth,23-10-2015,124.10650
HDFC Top 100 Fund - Direct Plan - Growth,21-10-2015,124.04590
HDFC Top 100 Fund - Direct Plan - Growth,20-10-2015,124.05610
HDFC Top 100 Fund - Direct Plan - Growth,19-10-2015,124.01580
HDFC Top 100 Fund - Direct Plan - Growth,16-10-2015,123.94230
HDFC Top 100 Fund - Direct Plan - Growth,15-10-2015,123.92720
HDFC Top 100 Fund - Direct Plan - Growth,14-10-2015,123.86120
HDFC Top 100 Fund - Direct Plan - Growth,13-10-2015,123.79510
HDFC Top 100 Fund - Direct Plan - Growth,12-10-2015,123.75320
HDFC Top 100 Fund - Direct Plan - Growth,09-10-2015,123.80760
HDFC Top 100 Fund - Direct Plan - Growth,08-10-2015,123.75080
HDFC Top 100 Fund - Direct Plan - Growth,07-10-2015,123.67030
HDFC Top 100 Fund - Direct Plan - Growth,06-10-2015,123.70490
HDFC Top 100 Fund - Direct Plan - Growth,05-10-2015,123.71020
HDFC Top 100 Fund - Direct Plan - Growth,01-10-2015,123.42360
HDFC Top 100 Fund - Direct Plan - Growth,30-09-2015,123.48890
HDFC Top 100 Fund - Direct Plan - Growth,29-09-2015,123.10530
HDFC Top 100 Fund - Direct Plan - Growth,28-09-2015,122.45580
HDFC Top 100 Fund - Direct Plan - Growth,24-09-2015,122.36720
HDFC Top 100 Fund - Direct Plan - Growth,23-09-2015,122.32060
HDFC Top 100 Fund - Direct Plan - Growth,22-09-2015,122.31740
HDFC Top 100 Fund - Direct Plan - Growth,21-09-2015,122.33800
HDFC Top 100 Fund - Direct Plan - Growth,18-09-2015,122.26480
HDFC Top 100 Fund - Direct Plan - Growth,16-09-2015,121.97890
HDFC Top 100 Fund - Direct Plan - Growth,15-09-2015,121.98580
HDFC Top 100 Fund - Direct Plan - Growth,14-09-2015,121.95310
HDFC Top 100 Fund - Direct Plan - Growth,11-09-2015,121.84020
HDFC Top 100 Fund - Direct Plan - Growth,10-09-2015,121.81090
HDFC Top 100 Fund - Direct Plan - Growth,09-09-2015,121.88330
HDFC Top 100 Fund - Direct Plan - Growth,08-09-2015,121.82810
HDFC Top 100 Fund - Direct Plan - Growth,07-09-2015,121.74020
HDFC Top 100 Fund - Direct Plan - Growth,04-09-2015,121.79760
HDFC Top 100 Fund - Direct Plan - Growth,03-09-2015,121.83440
HDFC Top 100 Fund - Direct Plan - Growth,02-09-2015,121.85920
HDFC Top 100 Fund - Direct Plan - Growth,01-09-2015,121.85450
HDFC Top 100 Fund - Direct Plan - Growth,31-08-2015,121.72550
HDFC Top 100 Fund - Direct Plan - Growth,28-08-2015,121.68800
HDFC Top 100 Fund - Direct Plan - Growth,27-08-2015,121.68480
HDFC Top 100 Fund - Direct Plan - Growth,26-08-2015,121.57380
HDFC Top 100 Fund - Direct Plan - Growth,25-08-2015,121.47630
HDFC Top 100 Fund - Direct Plan - Growth,24-08-2015,121.28770
HDFC Top 100 Fund - Direct Plan - Growth,21-08-2015,121.54750
HDFC Top 100 Fund - Direct Plan - Growth,20-08-2015,121.65680
HDFC Top 100 Fund - Direct Plan - Growth,19-08-2015,121.60680
HDFC Top 100 Fund - Direct Plan - Growth,17-08-2015,121.54070
HDFC Top 100 Fund - Direct Plan - Growth,14-08-2015,121.47230
HDFC Top 100 Fund - Direct Plan - Growth,13-08-2015,121.39350
HDFC Top 100 Fund - Direct Plan - Growth,12-08-2015,121.18460
HDFC Top 100 Fund - Direct Plan - Growth,11-08-2015,121.15020
HDFC Top 100 Fund - Direct Plan - Growth,10-08-2015,121.12340
HDFC Top 100 Fund - Direct Plan - Growth,07-08-2015,120.99620
HDFC Top 100 Fund - Direct Plan - Growth,06-08-2015,120.97920
HDFC Top 100 Fund - Direct Plan - Growth,05-08-2015,120.86400
HDFC Top 100 Fund - Direct Plan - Growth,04-08-2015,120.84810
HDFC Top 100 Fund - Direct Plan - Growth,03-08-2015,120.91920
HDFC Top 100 Fund - Direct Plan - Growth,31-07-2015,120.85800
HDFC Top 100 Fund - Direct Plan - Growth,30-07-2015,120.77730
HDFC Top 100 Fund - Direct Plan - Growth,29-07-2015,120.77680
HDFC Top 100 Fund - Direct Plan - Growth,28-07-2015,120.70530
HDFC Top 100 Fund - Direct Plan - Growth,27-07-2015,120.50740
HDFC Top 100 Fund - Direct Plan - Growth,24-07-2015,120.41100
HDFC Top 100 Fund - Direct Plan - Growth,23-07-2015,120.41420
HDFC Top 100 Fund - Direct Plan - Growth,22-07-2015,120.32860
HDFC Top 100 Fund - Direct Plan - Growth,21-07-2015,120.27420
HDFC Top 100 Fund - Direct Plan - Growth,20-07-2015,120.22700
HDFC Top 100 Fund - Direct Plan - Growth,17-07-2015,120.19740
HDFC Top 100 Fund - Direct Plan - Growth,16-07-2015,120.14740
HDFC Top 100 Fund - Direct Plan - Growth,15-07-2015,120.13710
HDFC Top 100 Fund - Direct Plan - Growth,14-07-2015,120.09990
HDFC Top 100 Fund - Direct Plan - Growth,13-07-2015,119.95440
HDFC Top 100 Fund - Direct Plan - Growth,10-07-2015,120.14840
HDFC Top 100 Fund - Direct Plan - Growth,09-07-2015,120.09640
HDFC Top 100 Fund - Direct Plan - Growth,08-07-2015,120.07590
HDFC Top 100 Fund - Direct Plan - Growth,07-07-2015,120.04190
HDFC Top 100 Fund - Direct Plan - Growth,06-07-2015,120.05810
HDFC Top 100 Fund - Direct Plan - Growth,03-07-2015,119.86120
HDFC Top 100 Fund - Direct Plan - Growth,02-07-2015,119.75380
HDFC Top 100 Fund - Direct Plan - Growth,01-07-2015,119.64280
HDFC Top 100 Fund - Direct Plan - Growth,30-06-2015,119.46280
HDFC Top 100 Fund - Direct Plan - Growth,29-06-2015,119.33890
HDFC Top 100 Fund - Direct Plan - Growth,26-06-2015,119.51920
HDFC Top 100 Fund - Direct Plan - Growth,25-06-2015,119.45680
HDFC Top 100 Fund - Direct Plan - Growth,24-06-2015,119.58600
HDFC Top 100 Fund - Direct Plan - Growth,23-06-2015,119.72420
HDFC Top 100 Fund - Direct Plan - Growth,22-06-2015,119.76310
HDFC Top 100 Fund - Direct Plan - Growth,19-06-2015,119.76100
HDFC Top 100 Fund - Direct Plan - Growth,18-06-2015,119.50560
HDFC Top 100 Fund - Direct Plan - Growth,17-06-2015,119.15690
HDFC Top 100 Fund - Direct Plan - Growth,16-06-2015,118.93960
HDFC Top 100 Fund - Direct Plan - Growth,15-06-2015,119.02900
HDFC Top 100 Fund - Direct Plan - Growth,12-06-2015,118.85570
HDFC Top 100 Fund - Direct Plan - Growth,11-06-2015,118.89860
HDFC Top 100 Fund - Direct Plan - Growth,10-06-2015,119.09100
HDFC Top 100 Fund - Direct Plan - Growth,09-06-2015,119.19890
HDFC Top 100 Fund - Direct Plan - Growth,08-06-2015,119.06290
HDFC Top 100 Fund - Direct Plan - Growth,05-06-2015,119.03470
HDFC Top 100 Fund - Direct Plan - Growth,04-06-2015,118.91510
HDFC Top 100 Fund - Direct Plan - Growth,03-06-2015,119.09940
HDFC Top 100 Fund - Direct Plan - Growth,02-06-2015,119.19820
HDFC Top 100 Fund - Direct Plan - Growth,01-06-2015,119.54160
HDFC Top 100 Fund - Direct Plan - Growth,29-05-2015,119.44590
HDFC Top 100 Fund - Direct Plan - Growth,28-05-2015,119.33670
HDFC Top 100 Fund - Direct Plan - Growth,27-05-2015,119.23610
HDFC Top 100 Fund - Direct Plan - Growth,26-05-2015,119.19810
HDFC Top 100 Fund - Direct Plan - Growth,25-05-2015,119.21950
HDFC Top 100 Fund - Direct Plan - Growth,22-05-2015,119.16410
HDFC Top 100 Fund - Direct Plan - Growth,21-05-2015,119.09620
HDFC Top 100 Fund - Direct Plan - Growth,20-05-2015,119.06250
HDFC Top 100 Fund - Direct Plan - Growth,19-05-2015,119.00420
HDFC Top 100 Fund - Direct Plan - Growth,18-05-2015,118.82770
HDFC Top 100 Fund - Direct Plan - Growth,15-05-2015,118.63800
HDFC Top 100 Fund - Direct Plan - Growth,14-05-2015,118.59840
HDFC Top 100 Fund - Direct Plan - Growth,13-05-2015,118.57960
HDFC Top 100 Fund - Direct Plan - Growth,12-05-2015,118.59490
HDFC Top 100 Fund - Direct Plan - Growth,11-05-2015,118.67100
HDFC Top 100 Fund - Direct Plan - Growth,08-05-2015,118.38580
HDFC Top 100 Fund - Direct Plan - Growth,07-05-2015,118.37600
HDFC Top 100 Fund - Direct Plan - Growth,06-05-2015,118.61480
HDFC Top 100 Fund - Direct Plan - Growth,05-05-2015,118.73490
HDFC Top 100 Fund - Direct Plan - Growth,30-04-2015,118.63870
HDFC Top 100 Fund - Direct Plan - Growth,29-04-2015,118.76760
HDFC Top 100 Fund - Direct Plan - Growth,28-04-2015,118.82140
HDFC Top 100 Fund - Direct Plan - Growth,27-04-2015,118.79810
HDFC Top 100 Fund - Direct Plan - Growth,24-04-2015,118.74240
HDFC Top 100 Fund - Direct Plan - Growth,23-04-2015,118.75520
HDFC Top 100 Fund - Direct Plan - Growth,22-04-2015,118.78330
HDFC Top 100 Fund - Direct Plan - Growth,21-04-2015,118.71990
HDFC Top 100 Fund - Direct Plan - Growth,20-04-2015,118.66960
HDFC Top 100 Fund - Direct Plan - Growth,17-04-2015,118.60160
HDFC Top 100 Fund - Direct Plan - Growth,16-04-2015,118.60220
HDFC Top 100 Fund - Direct Plan - Growth,15-04-2015,118.58480
HDFC Top 100 Fund - Direct Plan - Growth,13-04-2015,118.53030
HDFC Top 100 Fund - Direct Plan - Growth,10-04-2015,118.44270
HDFC Top 100 Fund - Direct Plan - Growth,09-04-2015,118.42020
HDFC Top 100 Fund - Direct Plan - Growth,08-04-2015,118.32010
HDFC Top 100 Fund - Direct Plan - Growth,07-04-2015,118.34260
HDFC Top 100 Fund - Direct Plan - Growth,06-04-2015,118.33590
HDFC Top 100 Fund - Direct Plan - Growth,31-03-2015,118.05380
HDFC Top 100 Fund - Direct Plan - Growth,30-03-2015,117.87810
HDFC Top 100 Fund - Direct Plan - Growth,27-03-2015,117.78880
HDFC Top 100 Fund - Direct Plan - Growth,26-03-2015,117.73660
HDFC Top 100 Fund - Direct Plan - Growth,25-03-2015,117.72100
HDFC Top 100 Fund - Direct Plan - Growth,24-03-2015,117.70140
HDFC Top 100 Fund - Direct Plan - Growth,23-03-2015,117.66340
HDFC Top 100 Fund - Direct Plan - Growth,20-03-2015,117.61670
HDFC Top 100 Fund - Direct Plan - Growth,19-03-2015,117.54220
HDFC Top 100 Fund - Direct Plan - Growth,18-03-2015,117.47130
HDFC Top 100 Fund - Direct Plan - Growth,17-03-2015,117.48120
HDFC Top 100 Fund - Direct Plan - Growth,16-03-2015,117.42570
HDFC Top 100 Fund - Direct Plan - Growth,13-03-2015,117.35570
HDFC Top 100 Fund - Direct Plan - Growth,12-03-2015,117.47670
HDFC Top 100 Fund - Direct Plan - Growth,11-03-2015,117.41200
HDFC Top 100 Fund - Direct Plan - Growth,10-03-2015,117.42240
HDFC Top 100 Fund - Direct Plan - Growth,09-03-2015,117.44900
HDFC Top 100 Fund - Direct Plan - Growth,05-03-2015,117.48220
HDFC Top 100 Fund - Direct Plan - Growth,04-03-2015,117.44920
HDFC Top 100 Fund - Direct Plan - Growth,03-03-2015,117.21020
HDFC Top 100 Fund - Direct Plan - Growth,02-03-2015,117.25850
HDFC Top 100 Fund - Direct Plan - Growth,27-02-2015,117.18730
HDFC Top 100 Fund - Direct Plan - Growth,26-02-2015,117.13160
HDFC Top 100 Fund - Direct Plan - Growth,25-02-2015,117.13600
HDFC Top 100 Fund - Direct Plan - Growth,24-02-2015,117.07140
HDFC Top 100 Fund - Direct Plan - Growth,23-02-2015,116.99840
HDFC Top 100 Fund - Direct Plan - Growth,20-02-2015,116.92740
HDFC Top 100 Fund - Direct Plan - Growth,18-02-2015,116.85880
HDFC Top 100 Fund - Direct Plan - Growth,16-02-2015,116.82230
HDFC Top 100 Fund - Direct Plan - Growth,13-02-2015,116.74520
HDFC Top 100 Fund - Direct Plan - Growth,12-02-2015,116.65460
HDFC Top 100 Fund - Direct Plan - Growth,11-02-2015,116.66900
HDFC Top 100 Fund - Direct Plan - Growth,10-02-2015,116.66390
HDFC Top 100 Fund - Direct Plan - Growth,09-02-2015,116.64280
HDFC Top 100 Fund - Direct Plan - Growth,06-02-2015,116.63820
HDFC Top 100 Fund - Direct Plan - Growth,05-02-2015,116.63970
HDFC Top 100 Fund - Direct Plan - Growth,04-02-2015,116.64010
HDFC Top 100 Fund - Direct Plan - Growth,03-02-2015,116.69520
HDFC Top 100 Fund - Direct Plan - Growth,02-02-2015,116.77160
HDFC Top 100 Fund - Direct Plan - Growth,30-01-2015,116.59220
HDFC Top 100 Fund - Direct Plan - Growth,29-01-2015,116.58300
HDFC Top 100 Fund - Direct Plan - Growth,28-01-2015,116.54740
HDFC Top 100 Fund - Direct Plan - Growth,27-01-2015,116.48960
HDFC Top 100 Fund - Direct Plan - Growth,23-01-2015,116.41460
HDFC Top 100 Fund - Direct Plan - Growth,22-01-2015,116.38110
HDFC Top 100 Fund - Direct Plan - Growth,21-01-2015,116.34560
HDFC Top 100 Fund - Direct Plan - Growth,20-01-2015,116.25270
HDFC Top 100 Fund - Direct Plan - Growth,19-01-2015,116.24300
HDFC Top 100 Fund - Direct Plan - Growth,16-01-2015,116.15790
HDFC Top 100 Fund - Direct Plan - Growth,15-01-2015,115.99380
HDFC Top 100 Fund - Direct Plan - Growth,14-01-2015,115.61120
HDFC Top 100 Fund - Direct Plan - Growth,13-01-2015,115.58740
HDFC Top 100 Fund - Direct Plan - Growth,12-01-2015,115.42150
HDFC Top 100 Fund - Direct Plan - Growth,09-01-2015,115.21790
HDFC Top 100 Fund - Direct Plan - Growth,08-01-2015,115.15340
HDFC Top 100 Fund - Direct Plan - Growth,07-01-2015,115.09640
HDFC Top 100 Fund - Direct Plan - Growth,06-01-2015,115.00980
HDFC Top 100 Fund - Direct Plan - Growth,05-01-2015,115.06970
HDFC Top 100 Fund - Direct Plan - Growth,02-01-2015,115.02980
HDFC Top 100 Fund - Direct Plan - Growth,01-01-2015,115.06220
HDFC Top 100 Fund - Direct Plan - Growth,31-12-2014,115.02560
HDFC Top 100 Fund - Direct Plan - Growth,30-12-2014,114.91080
HDFC Top 100 Fund - Direct Plan - Growth,29-12-2014,114.75350
HDFC Top 100 Fund - Direct Plan - Growth,26-12-2014,114.59730
HDFC Top 100 Fund - Direct Plan - Growth,24-12-2014,114.57590
HDFC Top 100 Fund - Direct Plan - Growth,23-12-2014,114.60220
HDFC Top 100 Fund - Direct Plan - Growth,22-12-2014,114.50610
HDFC Top 100 Fund - Direct Plan - Growth,19-12-2014,114.41160
HDFC Top 100 Fund - Direct Plan - Growth,18-12-2014,114.49560
HDFC Top 100 Fund - Direct Plan - Growth,17-12-2014,114.33810
HDFC Top 100 Fund - Direct Plan - Growth,16-12-2014,114.34270
HDFC Top 100 Fund - Direct Plan - Growth,15-12-2014,114.88480
HDFC Top 100 Fund - Direct Plan - Growth,12-12-2014,114.79090
HDFC Top 100 Fund - Direct Plan - Growth,11-12-2014,114.65190
HDFC Top 100 Fund - Direct Plan - Growth,10-12-2014,114.55320
HDFC Top 100 Fund - Direct Plan - Growth,09-12-2014,114.60750
HDFC Top 100 Fund - Direct Plan - Growth,08-12-2014,114.52290
HDFC Top 100 Fund - Direct Plan - Growth,05-12-2014,114.42920
HDFC Top 100 Fund - Direct Plan - Growth,04-12-2014,114.37500
HDFC Top 100 Fund - Direct Plan - Growth,03-12-2014,114.37390
HDFC Top 100 Fund - Direct Plan - Growth,02-12-2014,114.33390
HDFC Top 100 Fund - Direct Plan - Growth,01-12-2014,114.03670
HDFC Top 100 Fund - Direct Plan - Growth,28-11-2014,113.88380
HDFC Top 100 Fund - Direct Plan - Growth,27-11-2014,113.68670
HDFC Top 100 Fund - Direct Plan - Growth,26-11-2014,113.66320
HDFC Top 100 Fund - Direct Plan - Growth,25-11-2014,113.63790
HDFC Top 100 Fund - Direct Plan - Growth,24-11-2014,113.57940
HDFC Top 100 Fund - Direct Plan - Growth,21-11-2014,113.50650
HDFC Top 100 Fund - Direct Plan - Growth,20-11-2014,113.48230
HDFC Top 100 Fund - Direct Plan - Growth,19-11-2014,113.44180
HDFC Top 100 Fund - Direct Plan - Growth,18-11-2014,113.41020
HDFC Top 100 Fund - Direct Plan - Growth,17-11-2014,113.33740
HDFC Top 100 Fund - Direct Plan - Growth,14-11-2014,113.18210
HDFC Top 100 Fund - Direct Plan - Growth,13-11-2014,113.16620
HDFC Top 100 Fund - Direct Plan - Growth,12-11-2014,113.28630
HDFC Top 100 Fund - Direct Plan - Growth,11-11-2014,113.23300
HDFC Top 100 Fund - Direct Plan - Growth,10-11-2014,113.21580
HDFC Top 100 Fund - Direct Plan - Growth,07-11-2014,113.06310
HDFC Top 100 Fund - Direct Plan - Growth,05-11-2014,113.00000
HDFC Top 100 Fund - Direct Plan - Growth,03-11-2014,112.74130
HDFC Top 100 Fund - Direct Plan - Growth,31-10-2014,112.54900
HDFC Top 100 Fund - Direct Plan - Growth,30-10-2014,112.38740
HDFC Top 100 Fund - Direct Plan - Growth,29-10-2014,112.25630
HDFC Top 100 Fund - Direct Plan - Growth,28-10-2014,112.18000
HDFC Top 100 Fund - Direct Plan - Growth,27-10-2014,112.08150
HDFC Top 100 Fund - Direct Plan - Growth,22-10-2014,111.86280
HDFC Top 100 Fund - Direct Plan - Growth,21-10-2014,111.78590
HDFC Top 100 Fund - Direct Plan - Growth,20-10-2014,111.67530
HDFC Top 100 Fund - Direct Plan - Growth,17-10-2014,111.51840
HDFC Top 100 Fund - Direct Plan - Growth,16-10-2014,111.49890
HDFC Top 100 Fund - Direct Plan - Growth,14-10-2014,111.30320
HDFC Top 100 Fund - Direct Plan - Growth,13-10-2014,111.16500
HDFC Top 100 Fund - Direct Plan - Growth,10-10-2014,111.07320
HDFC Top 100 Fund - Direct Plan - Growth,09-10-2014,110.94220
HDFC Top 100 Fund - Direct Plan - Growth,08-10-2014,110.98170
HDFC Top 100 Fund - Direct Plan - Growth,07-10-2014,110.87800
HDFC Top 100 Fund - Direct Plan - Growth,01-10-2014,110.63790
HDFC Top 100 Fund - Direct Plan - Growth,30-09-2014,110.60840
HDFC Top 100 Fund - Direct Plan - Growth,29-09-2014,110.60580
HDFC Top 100 Fund - Direct Plan - Growth,26-09-2014,110.58130
HDFC Top 100 Fund - Direct Plan - Growth,25-09-2014,110.44430
HDFC Top 100 Fund - Direct Plan - Growth,24-09-2014,110.40040
HDFC Top 100 Fund - Direct Plan - Growth,23-09-2014,110.36100
HDFC Top 100 Fund - Direct Plan - Growth,22-09-2014,110.33060
HDFC Top 100 Fund - Direct Plan - Growth,19-09-2014,110.20160
HDFC Top 100 Fund - Direct Plan - Growth,18-09-2014,110.15370
HDFC Top 100 Fund - Direct Plan - Growth,17-09-2014,110.04950
HDFC Top 100 Fund - Direct Plan - Growth,16-09-2014,109.99020
HDFC Top 100 Fund - Direct Plan - Growth,15-09-2014,109.96410
HDFC Top 100 Fund - Direct Plan - Growth,12-09-2014,109.89220
HDFC Top 100 Fund - Direct Plan - Growth,11-09-2014,109.85460
HDFC Top 100 Fund - Direct Plan - Growth,10-09-2014,109.82440
HDFC Top 100 Fund - Direct Plan - Growth,09-09-2014,109.72100
HDFC Top 100 Fund - Direct Plan - Growth,08-09-2014,109.81630
HDFC Top 100 Fund - Direct Plan - Growth,05-09-2014,109.69850
HDFC Top 100 Fund - Direct Plan - Growth,04-09-2014,109.64730
HDFC Top 100 Fund - Direct Plan - Growth,03-09-2014,109.61660
HDFC Top 100 Fund - Direct Plan - Growth,02-09-2014,109.54480
HDFC Top 100 Fund - Direct Plan - Growth,01-09-2014,109.51160
HDFC Top 100 Fund - Direct Plan - Growth,28-08-2014,109.39340
HDFC Top 100 Fund - Direct Plan - Growth,27-08-2014,109.36550
HDFC Top 100 Fund - Direct Plan - Growth,26-08-2014,109.29610
HDFC Top 100 Fund - Direct Plan - Growth,25-08-2014,109.25960
HDFC Top 100 Fund - Direct Plan - Growth,22-08-2014,109.21920
HDFC Top 100 Fund - Direct Plan - Growth,21-08-2014,109.17910
HDFC Top 100 Fund - Direct Plan - Growth,20-08-2014,109.19900
HDFC Top 100 Fund - Direct Plan - Growth,19-08-2014,109.13810
HDFC Top 100 Fund - Direct Plan - Growth,14-08-2014,108.98880
HDFC Top 100 Fund - Direct Plan - Growth,13-08-2014,108.94530
HDFC Top 100 Fund - Direct Plan - Growth,12-08-2014,108.85410
HDFC Top 100 Fund - Direct Plan - Growth,11-08-2014,108.82970
HDFC Top 100 Fund - Direct Plan - Growth,08-08-2014,108.72790
HDFC Top 100 Fund - Direct Plan - Growth,07-08-2014,108.74860
HDFC Top 100 Fund - Direct Plan - Growth,06-08-2014,108.69270
HDFC Top 100 Fund - Direct Plan - Growth,05-08-2014,108.77450
HDFC Top 100 Fund - Direct Plan - Growth,04-08-2014,108.86730
HDFC Top 100 Fund - Direct Plan - Growth,01-08-2014,108.78490
HDFC Top 100 Fund - Direct Plan - Growth,31-07-2014,108.80840
HDFC Top 100 Fund - Direct Plan - Growth,30-07-2014,108.75810
HDFC Top 100 Fund - Direct Plan - Growth,28-07-2014,108.76960
HDFC Top 100 Fund - Direct Plan - Growth,25-07-2014,108.71790
HDFC Top 100 Fund - Direct Plan - Growth,24-07-2014,108.69620
HDFC Top 100 Fund - Direct Plan - Growth,23-07-2014,108.57460
HDFC Top 100 Fund - Direct Plan - Growth,22-07-2014,108.47120
HDFC Top 100 Fund - Direct Plan - Growth,21-07-2014,108.37940
HDFC Top 100 Fund - Direct Plan - Growth,18-07-2014,108.25550
HDFC Top 100 Fund - Direct Plan - Growth,17-07-2014,108.21750
HDFC Top 100 Fund - Direct Plan - Growth,16-07-2014,108.13620
HDFC Top 100 Fund - Direct Plan - Growth,15-07-2014,108.06040
HDFC Top 100 Fund - Direct Plan - Growth,14-07-2014,107.98540
HDFC Top 100 Fund - Direct Plan - Growth,11-07-2014,108.11370
HDFC Top 100 Fund - Direct Plan - Growth,10-07-2014,108.42490
HDFC Top 100 Fund - Direct Plan - Growth,09-07-2014,108.41510
HDFC Top 100 Fund - Direct Plan - Growth,08-07-2014,108.38780
HDFC Top 100 Fund - Direct Plan - Growth,07-07-2014,108.38980
HDFC Top 100 Fund - Direct Plan - Growth,04-07-2014,108.33240
HDFC Top 100 Fund - Direct Plan - Growth,03-07-2014,108.27740
HDFC Top 100 Fund - Direct Plan - Growth,02-07-2014,108.25100
HDFC Top 100 Fund - Direct Plan - Growth,30-06-2014,108.12110
HDFC Top 100 Fund - Direct Plan - Growth,27-06-2014,108.02110
HDFC Top 100 Fund - Direct Plan - Growth,26-06-2014,108.01950
HDFC Top 100 Fund - Direct Plan - Growth,25-06-2014,107.95520
HDFC Top 100 Fund - Direct Plan - Growth,24-06-2014,107.90860
HDFC Top 100 Fund - Direct Plan - Growth,23-06-2014,107.87910
HDFC Top 100 Fund - Direct Plan - Growth,20-06-2014,107.85020
HDFC Top 100 Fund - Direct Plan - Growth,19-06-2014,107.90160
HDFC Top 100 Fund - Direct Plan - Growth,18-06-2014,107.94890
HDFC Top 100 Fund - Direct Plan - Growth,17-06-2014,107.94260
HDFC Top 100 Fund - Direct Plan - Growth,16-06-2014,107.95360
HDFC Top 100 Fund - Direct Plan - Growth,13-06-2014,107.97600
HDFC Top 100 Fund - Direct Plan - Growth,12-06-2014,107.92280
HDFC Top 100 Fund - Direct Plan - Growth,11-06-2014,107.87610
HDFC Top 100 Fund - Direct Plan - Growth,10-06-2014,107.87800
HDFC Top 100 Fund - Direct Plan - Growth,09-06-2014,107.87670
HDFC Top 100 Fund - Direct Plan - Growth,06-06-2014,107.74080
HDFC Top 100 Fund - Direct Plan - Growth,05-06-2014,107.65290
HDFC Top 100 Fund - Direct Plan - Growth,04-06-2014,107.52220
HDFC Top 100 Fund - Direct Plan - Growth,03-06-2014,107.42310
HDFC Top 100 Fund - Direct Plan - Growth,02-06-2014,107.23600
HDFC Top 100 Fund - Direct Plan - Growth,30-05-2014,107.19050
HDFC Top 100 Fund - Direct Plan - Growth,29-05-2014,107.10210
HDFC Top 100 Fund - Direct Plan - Growth,28-05-2014,107.04960
HDFC Top 100 Fund - Direct Plan - Growth,27-05-2014,107.03650
HDFC Top 100 Fund - Direct Plan - Growth,26-05-2014,106.97840
HDFC Top 100 Fund - Direct Plan - Growth,23-05-2014,106.93160
HDFC Top 100 Fund - Direct Plan - Growth,22-05-2014,106.75370
HDFC Top 100 Fund - Direct Plan - Growth,21-05-2014,106.66860
HDFC Top 100 Fund - Direct Plan - Growth,20-05-2014,106.58990
HDFC Top 100 Fund - Direct Plan - Growth,19-05-2014,106.58390
HDFC Top 100 Fund - Direct Plan - Growth,16-05-2014,106.57800
HDFC Top 100 Fund - Direct Plan - Growth,15-05-2014,106.37100
HDFC Top 100 Fund - Direct Plan - Growth,13-05-2014,106.27730
HDFC Top 100 Fund - Direct Plan - Growth,12-05-2014,106.28300
HDFC Top 100 Fund - Direct Plan - Growth,09-05-2014,106.15080
HDFC Top 100 Fund - Direct Plan - Growth,08-05-2014,106.04860
HDFC Top 100 Fund - Direct Plan - Growth,07-05-2014,106.02970
HDFC Top 100 Fund - Direct Plan - Growth,06-05-2014,106.00900
HDFC Top 100 Fund - Direct Plan - Growth,05-05-2014,105.98590
HDFC Top 100 Fund - Direct Plan - Growth,02-05-2014,105.79090
HDFC Top 100 Fund - Direct Plan - Growth,30-04-2014,105.69580
HDFC Top 100 Fund - Direct Plan - Growth,29-04-2014,105.60080
HDFC Top 100 Fund - Direct Plan - Growth,28-04-2014,105.51570
HDFC Top 100 Fund - Direct Plan - Growth,25-04-2014,105.45190
HDFC Top 100 Fund - Direct Plan - Growth,23-04-2014,105.38950
HDFC Top 100 Fund - Direct Plan - Growth,22-04-2014,105.32310
HDFC Top 100 Fund - Direct Plan - Growth,21-04-2014,105.15030
HDFC Top 100 Fund - Direct Plan - Growth,17-04-2014,104.97280
HDFC Top 100 Fund - Direct Plan - Growth,16-04-2014,104.97900
HDFC Top 100 Fund - Direct Plan - Growth,15-04-2014,104.89730
HDFC Top 100 Fund - Direct Plan - Growth,11-04-2014,104.79610
HDFC Top 100 Fund - Direct Plan - Growth,10-04-2014,104.70790
HDFC Top 100 Fund - Direct Plan - Growth,09-04-2014,104.69260
HDFC Top 100 Fund - Direct Plan - Growth,07-04-2014,104.67080
HDFC Top 100 Fund - Direct Plan - Growth,04-04-2014,104.61730
HDFC Top 100 Fund - Direct Plan - Growth,03-04-2014,104.66130
HDFC Top 100 Fund - Direct Plan - Growth,02-04-2014,104.64590
HDFC Top 100 Fund - Direct Plan - Growth,31-03-2014,104.74030
HDFC Top 100 Fund - Direct Plan - Growth,28-03-2014,104.64080
HDFC Top 100 Fund - Direct Plan - Growth,27-03-2014,104.42450
HDFC Top 100 Fund - Direct Plan - Growth,26-03-2014,104.39340
HDFC Top 100 Fund - Direct Plan - Growth,25-03-2014,104.43190
HDFC Top 100 Fund - Direct Plan - Growth,24-03-2014,104.30350
HDFC Top 100 Fund - Direct Plan - Growth,21-03-2014,104.20690
HDFC Top 100 Fund - Direct Plan - Growth,20-03-2014,104.09720
HDFC Top 100 Fund - Direct Plan - Growth,19-03-2014,104.09160
HDFC Top 100 Fund - Direct Plan - Growth,18-03-2014,104.06190
HDFC Top 100 Fund - Direct Plan - Growth,14-03-2014,103.95640
HDFC Top 100 Fund - Direct Plan - Growth,13-03-2014,103.92020
HDFC Top 100 Fund - Direct Plan - Growth,12-03-2014,103.85630
HDFC Top 100 Fund - Direct Plan - Growth,11-03-2014,103.85330
HDFC Top 100 Fund - Direct Plan - Growth,10-03-2014,103.74600
HDFC Top 100 Fund - Direct Plan - Growth,07-03-2014,103.63530
HDFC Top 100 Fund - Direct Plan - Growth,06-03-2014,103.58590
HDFC Top 100 Fund - Direct Plan - Growth,05-03-2014,103.55150
HDFC Top 100 Fund - Direct Plan - Growth,04-03-2014,103.49220
HDFC Top 100 Fund - Direct Plan - Growth,03-03-2014,103.48790
HDFC Top 100 Fund - Direct Plan - Growth,28-02-2014,103.76460
HDFC Top 100 Fund - Direct Plan - Growth,26-02-2014,103.70810
HDFC Top 100 Fund - Direct Plan - Growth,25-02-2014,103.68700
HDFC Top 100 Fund - Direct Plan - Growth,24-02-2014,103.66260
HDFC Top 100 Fund - Direct Plan - Growth,21-02-2014,103.59270
HDFC Top 100 Fund - Direct Plan - Growth,20-02-2014,103.56670
HDFC Top 100 Fund - Direct Plan - Growth,18-02-2014,103.50590
HDFC Top 100 Fund - Direct Plan - Growth,17-02-2014,103.48210
HDFC Top 100 Fund - Direct Plan - Growth,14-02-2014,103.78500
HDFC Top 100 Fund - Direct Plan - Growth,13-02-2014,103.75940
HDFC Top 100 Fund - Direct Plan - Growth,12-02-2014,103.74870
HDFC Top 100 Fund - Direct Plan - Growth,11-02-2014,103.72730
HDFC Top 100 Fund - Direct Plan - Growth,10-02-2014,103.70390
HDFC Top 100 Fund - Direct Plan - Growth,07-02-2014,103.63640
HDFC Top 100 Fund - Direct Plan - Growth,06-02-2014,103.61570
HDFC Top 100 Fund - Direct Plan - Growth,05-02-2014,103.58060
HDFC Top 100 Fund - Direct Plan - Growth,04-02-2014,103.55330
HDFC Top 100 Fund - Direct Plan - Growth,03-02-2014,103.52230
HDFC Top 100 Fund - Direct Plan - Growth,31-01-2014,103.44290
HDFC Top 100 Fund - Direct Plan - Growth,30-01-2014,103.42590
HDFC Top 100 Fund - Direct Plan - Growth,29-01-2014,103.41180
HDFC Top 100 Fund - Direct Plan - Growth,28-01-2014,103.67570
HDFC Top 100 Fund - Direct Plan - Growth,27-01-2014,103.67180
HDFC Top 100 Fund - Direct Plan - Growth,24-01-2014,103.60080
HDFC Top 100 Fund - Direct Plan - Growth,23-01-2014,103.57920
HDFC Top 100 Fund - Direct Plan - Growth,22-01-2014,103.55320
HDFC Top 100 Fund - Direct Plan - Growth,21-01-2014,103.53050
HDFC Top 100 Fund - Direct Plan - Growth,20-01-2014,103.48950
HDFC Top 100 Fund - Direct Plan - Growth,17-01-2014,103.41340
HDFC Top 100 Fund - Direct Plan - Growth,16-01-2014,103.39420
HDFC Top 100 Fund - Direct Plan - Growth,15-01-2014,103.77520
HDFC Top 100 Fund - Direct Plan - Growth,13-01-2014,103.72100
HDFC Top 100 Fund - Direct Plan - Growth,10-01-2014,103.64770
HDFC Top 100 Fund - Direct Plan - Growth,09-01-2014,103.59890
HDFC Top 100 Fund - Direct Plan - Growth,08-01-2014,103.59450
HDFC Top 100 Fund - Direct Plan - Growth,07-01-2014,103.58810
HDFC Top 100 Fund - Direct Plan - Growth,06-01-2014,103.58150
HDFC Top 100 Fund - Direct Plan - Growth,03-01-2014,103.50600
HDFC Top 100 Fund - Direct Plan - Growth,02-01-2014,103.48080
HDFC Top 100 Fund - Direct Plan - Growth,01-01-2014,103.44600
HDFC Top 100 Fund - Direct Plan - Growth,31-12-2013,103.39410
HDFC Top 100 Fund - Direct Plan - Growth,30-12-2013,103.64290
HDFC Top 100 Fund - Direct Plan - Growth,27-12-2013,103.58930
HDFC Top 100 Fund - Direct Plan - Growth,26-12-2013,103.57630
HDFC Top 100 Fund - Direct Plan - Growth,24-12-2013,103.53400
HDFC Top 100 Fund - Direct Plan - Growth,23-12-2013,103.52360
HDFC Top 100 Fund - Direct Plan - Growth,20-12-2013,103.45840
HDFC Top 100 Fund - Direct Plan - Growth,19-12-2013,103.43360
HDFC Top 100 Fund - Direct Plan - Growth,18-12-2013,103.40750
HDFC Top 100 Fund - Direct Plan - Growth,17-12-2013,103.36990
HDFC Top 100 Fund - Direct Plan - Growth,16-12-2013,103.80190
HDFC Top 100 Fund - Direct Plan - Growth,13-12-2013,103.72470
HDFC Top 100 Fund - Direct Plan - Growth,12-12-2013,103.73510
HDFC Top 100 Fund - Direct Plan - Growth,11-12-2013,103.66430
HDFC Top 100 Fund - Direct Plan - Growth,10-12-2013,103.63080
HDFC Top 100 Fund - Direct Plan - Growth,09-12-2013,103.61800
HDFC Top 100 Fund - Direct Plan - Growth,06-12-2013,103.55930
HDFC Top 100 Fund - Direct Plan - Growth,05-12-2013,103.55450
HDFC Top 100 Fund - Direct Plan - Growth,04-12-2013,103.49620
HDFC Top 100 Fund - Direct Plan - Growth,03-12-2013,103.46930
HDFC Top 100 Fund - Direct Plan - Growth,02-12-2013,103.42840
HDFC Top 100 Fund - Direct Plan - Growth,29-11-2013,103.34360
HDFC Top 100 Fund - Direct Plan - Growth,28-11-2013,103.73460
HDFC Top 100 Fund - Direct Plan - Growth,27-11-2013,103.72590
HDFC Top 100 Fund - Direct Plan - Growth,26-11-2013,103.64020
HDFC Top 100 Fund - Direct Plan - Growth,25-11-2013,103.60010
HDFC Top 100 Fund - Direct Plan - Growth,22-11-2013,103.50410
HDFC Top 100 Fund - Direct Plan - Growth,21-11-2013,103.47400
HDFC Top 100 Fund - Direct Plan - Growth,20-11-2013,103.46810
HDFC Top 100 Fund - Direct Plan - Growth,19-11-2013,103.43550
HDFC Top 100 Fund - Direct Plan - Growth,18-11-2013,103.39600
HDFC Top 100 Fund - Direct Plan - Growth,14-11-2013,103.67010
HDFC Top 100 Fund - Direct Plan - Growth,13-11-2013,103.63140
HDFC Top 100 Fund - Direct Plan - Growth,12-11-2013,103.60680
HDFC Top 100 Fund - Direct Plan - Growth,11-11-2013,103.59750
HDFC Top 100 Fund - Direct Plan - Growth,08-11-2013,103.53260
HDFC Top 100 Fund - Direct Plan - Growth,07-11-2013,103.50730
HDFC Top 100 Fund - Direct Plan - Growth,06-11-2013,103.52390
HDFC Top 100 Fund - Direct Plan - Growth,05-11-2013,103.49620
HDFC Top 100 Fund - Direct Plan - Growth,01-11-2013,103.39660
HDFC Top 100 Fund - Direct Plan - Growth,31-10-2013,103.38580
HDFC Top 100 Fund - Direct Plan - Growth,30-10-2013,103.35710
HDFC Top 100 Fund - Direct Plan - Growth,29-10-2013,103.33200
HDFC Top 100 Fund - Direct Plan - Growth,28-10-2013,103.63750
HDFC Top 100 Fund - Direct Plan - Growth,25-10-2013,103.55690
HDFC Top 100 Fund - Direct Plan - Growth,24-10-2013,103.52480
HDFC Top 100 Fund - Direct Plan - Growth,23-10-2013,103.49860
HDFC Top 100 Fund - Direct Plan - Growth,22-10-2013,103.48590
HDFC Top 100 Fund - Direct Plan - Growth,21-10-2013,103.45160
HDFC Top 100 Fund - Direct Plan - Growth,18-10-2013,103.36720
HDFC Top 100 Fund - Direct Plan - Growth,17-10-2013,103.33260
HDFC Top 100 Fund - Direct Plan - Growth,15-10-2013,103.25890
HDFC Top 100 Fund - Direct Plan - Growth,14-10-2013,103.83030
HDFC Top 100 Fund - Direct Plan - Growth,11-10-2013,103.75720
HDFC Top 100 Fund - Direct Plan - Growth,10-10-2013,103.73960
HDFC Top 100 Fund - Direct Plan - Growth,09-10-2013,103.71910
HDFC Top 100 Fund - Direct Plan - Growth,08-10-2013,103.71220
HDFC Top 100 Fund - Direct Plan - Growth,07-10-2013,103.52110
HDFC Top 100 Fund - Direct Plan - Growth,04-10-2013,103.40920
HDFC Top 100 Fund - Direct Plan - Growth,03-10-2013,103.34430
HDFC Top 100 Fund - Direct Plan - Growth,01-10-2013,103.26550
HDFC Top 100 Fund - Direct Plan - Growth,30-09-2013,103.75950
HDFC Top 100 Fund - Direct Plan - Growth,27-09-2013,103.72400
HDFC Top 100 Fund - Direct Plan - Growth,26-09-2013,103.68660
HDFC Top 100 Fund - Direct Plan - Growth,25-09-2013,103.65340
HDFC Top 100 Fund - Direct Plan - Growth,24-09-2013,103.60000
HDFC Top 100 Fund - Direct Plan - Growth,23-09-2013,103.59400
HDFC Top 100 Fund - Direct Plan - Growth,20-09-2013,103.53460
HDFC Top 100 Fund - Direct Plan - Growth,19-09-2013,103.45450
HDFC Top 100 Fund - Direct Plan - Growth,18-09-2013,103.31080
HDFC Top 100 Fund - Direct Plan - Growth,17-09-2013,103.22610
HDFC Top 100 Fund - Direct Plan - Growth,16-09-2013,103.89490
HDFC Top 100 Fund - Direct Plan - Growth,13-09-2013,103.80360
HDFC Top 100 Fund - Direct Plan - Growth,12-09-2013,103.78310
HDFC Top 100 Fund - Direct Plan - Growth,11-09-2013,103.74620
HDFC Top 100 Fund - Direct Plan - Growth,10-09-2013,103.71330
HDFC Top 100 Fund - Direct Plan - Growth,06-09-2013,103.57780
HDFC Top 100 Fund - Direct Plan - Growth,05-09-2013,103.54450
HDFC Top 100 Fund - Direct Plan - Growth,04-09-2013,103.44080
HDFC Top 100 Fund - Direct Plan - Growth,03-09-2013,103.38150
HDFC Top 100 Fund - Direct Plan - Growth,02-09-2013,103.32530
HDFC Top 100 Fund - Direct Plan - Growth,30-08-2013,103.21400
HDFC Top 100 Fund - Direct Plan - Growth,29-08-2013,103.15880
HDFC Top 100 Fund - Direct Plan - Growth,28-08-2013,103.47130
HDFC Top 100 Fund - Direct Plan - Growth,27-08-2013,103.48810
HDFC Top 100 Fund - Direct Plan - Growth,26-08-2013,103.47760
HDFC Top 100 Fund - Direct Plan - Growth,23-08-2013,103.37680
HDFC Top 100 Fund - Direct Plan - Growth,22-08-2013,103.33450
HDFC Top 100 Fund - Direct Plan - Growth,21-08-2013,103.31350
HDFC Top 100 Fund - Direct Plan - Growth,20-08-2013,103.20860
HDFC Top 100 Fund - Direct Plan - Growth,19-08-2013,103.20700
HDFC Top 100 Fund - Direct Plan - Growth,16-08-2013,103.15580
HDFC Top 100 Fund - Direct Plan - Growth,14-08-2013,103.36400
HDFC Top 100 Fund - Direct Plan - Growth,13-08-2013,103.31520
HDFC Top 100 Fund - Direct Plan - Growth,12-08-2013,103.29580
HDFC Top 100 Fund - Direct Plan - Growth,08-08-2013,103.21160
HDFC Top 100 Fund - Direct Plan - Growth,07-08-2013,103.17850
HDFC Top 100 Fund - Direct Plan - Growth,06-08-2013,103.14710
HDFC Top 100 Fund - Direct Plan - Growth,05-08-2013,103.13890
HDFC Top 100 Fund - Direct Plan - Growth,02-08-2013,103.01010
HDFC Top 100 Fund - Direct Plan - Growth,01-08-2013,102.95960
HDFC Top 100 Fund - Direct Plan - Growth,31-07-2013,102.90550
HDFC Top 100 Fund - Direct Plan - Growth,30-07-2013,102.88750
HDFC Top 100 Fund - Direct Plan - Growth,29-07-2013,102.85540
HDFC Top 100 Fund - Direct Plan - Growth,26-07-2013,102.75730
HDFC Top 100 Fund - Direct Plan - Growth,25-07-2013,102.69910
HDFC Top 100 Fund - Direct Plan - Growth,24-07-2013,102.62440
HDFC Top 100 Fund - Direct Plan - Growth,23-07-2013,102.83440
HDFC Top 100 Fund - Direct Plan - Growth,22-07-2013,102.92740
HDFC Top 100 Fund - Direct Plan - Growth,19-07-2013,102.86720
HDFC Top 100 Fund - Direct Plan - Growth,18-07-2013,102.84960
HDFC Top 100 Fund - Direct Plan - Growth,17-07-2013,102.70230
HDFC Top 100 Fund - Direct Plan - Growth,16-07-2013,102.60460
HDFC Top 100 Fund - Direct Plan - Growth,15-07-2013,103.49950
HDFC Top 100 Fund - Direct Plan - Growth,12-07-2013,103.43140
HDFC Top 100 Fund - Direct Plan - Growth,11-07-2013,103.40830
HDFC Top 100 Fund - Direct Plan - Growth,10-07-2013,103.38860
HDFC Top 100 Fund - Direct Plan - Growth,09-07-2013,103.36800
HDFC Top 100 Fund - Direct Plan - Growth,08-07-2013,103.34310
HDFC Top 100 Fund - Direct Plan - Growth,05-07-2013,103.28540
HDFC Top 100 Fund - Direct Plan - Growth,04-07-2013,103.26500
HDFC Top 100 Fund - Direct Plan - Growth,03-07-2013,103.22670
HDFC Top 100 Fund - Direct Plan - Growth,02-07-2013,103.20750
HDFC Top 100 Fund - Direct Plan - Growth,28-06-2013,103.40720
HDFC Top 100 Fund - Direct Plan - Growth,27-06-2013,103.39570
HDFC Top 100 Fund - Direct Plan - Growth,26-06-2013,103.37720
HDFC Top 100 Fund - Direct Plan - Growth,25-06-2013,103.35950
HDFC Top 100 Fund - Direct Plan - Growth,24-06-2013,103.34690
HDFC Top 100 Fund - Direct Plan - Growth,21-06-2013,103.29920
HDFC Top 100 Fund - Direct Plan - Growth,20-06-2013,103.26420
HDFC Top 100 Fund - Direct Plan - Growth,19-06-2013,103.26020
HDFC Top 100 Fund - Direct Plan - Growth,18-06-2013,103.22100
HDFC Top 100 Fund - Direct Plan - Growth,17-06-2013,103.15400
HDFC Top 100 Fund - Direct Plan - Growth,14-06-2013,103.42670
HDFC Top 100 Fund - Direct Plan - Growth,13-06-2013,103.40560
HDFC Top 100 Fund - Direct Plan - Growth,12-06-2013,103.39130
HDFC Top 100 Fund - Direct Plan - Growth,11-06-2013,103.38320
HDFC Top 100 Fund - Direct Plan - Growth,10-06-2013,103.37040
HDFC Top 100 Fund - Direct Plan - Growth,07-06-2013,103.31940
HDFC Top 100 Fund - Direct Plan - Growth,06-06-2013,103.29570
HDFC Top 100 Fund - Direct Plan - Growth,05-06-2013,103.25980
HDFC Top 100 Fund - Direct Plan - Growth,04-06-2013,103.22500
HDFC Top 100 Fund - Direct Plan - Growth,03-06-2013,103.19840
HDFC Top 100 Fund - Direct Plan - Growth,31-05-2013,103.12960
HDFC Top 100 Fund - Direct Plan - Growth,30-05-2013,103.11520
HDFC Top 100 Fund - Direct Plan - Growth,29-05-2013,103.08770
HDFC Top 100 Fund - Direct Plan - Growth,28-05-2013,103.36170
HDFC Top 100 Fund - Direct Plan - Growth,27-05-2013,103.34900
HDFC Top 100 Fund - Direct Plan - Growth,24-05-2013,103.28340
HDFC Top 100 Fund - Direct Plan - Growth,23-05-2013,103.27050
HDFC Top 100 Fund - Direct Plan - Growth,22-05-2013,103.26980
HDFC Top 100 Fund - Direct Plan - Growth,21-05-2013,103.24440
HDFC Top 100 Fund - Direct Plan - Growth,20-05-2013,103.23560
HDFC Top 100 Fund - Direct Plan - Growth,17-05-2013,103.17450
HDFC Top 100 Fund - Direct Plan - Growth,16-05-2013,103.14100
HDFC Top 100 Fund - Direct Plan - Growth,15-05-2013,103.11300
HDFC Top 100 Fund - Direct Plan - Growth,14-05-2013,103.51590
HDFC Top 100 Fund - Direct Plan - Growth,13-05-2013,103.48240
HDFC Top 100 Fund - Direct Plan - Growth,10-05-2013,103.41570
HDFC Top 100 Fund - Direct Plan - Growth,09-05-2013,103.39490
HDFC Top 100 Fund - Direct Plan - Growth,08-05-2013,103.34040
HDFC Top 100 Fund - Direct Plan - Growth,07-05-2013,103.30870
HDFC Top 100 Fund - Direct Plan - Growth,06-05-2013,103.28210
HDFC Top 100 Fund - Direct Plan - Growth,03-05-2013,103.20820
HDFC Top 100 Fund - Direct Plan - Growth,02-05-2013,103.20570
HDFC Top 100 Fund - Direct Plan - Growth,30-04-2013,103.06550
HDFC Top 100 Fund - Direct Plan - Growth,29-04-2013,103.38450
HDFC Top 100 Fund - Direct Plan - Growth,26-04-2013,103.31390
HDFC Top 100 Fund - Direct Plan - Growth,25-04-2013,103.29470
HDFC Top 100 Fund - Direct Plan - Growth,23-04-2013,103.24810
HDFC Top 100 Fund - Direct Plan - Growth,22-04-2013,103.21600
HDFC Top 100 Fund - Direct Plan - Growth,18-04-2013,103.15890
HDFC Top 100 Fund - Direct Plan - Growth,17-04-2013,103.08660
HDFC Top 100 Fund - Direct Plan - Growth,16-04-2013,103.07190
HDFC Top 100 Fund - Direct Plan - Growth,15-04-2013,103.67110
HDFC Top 100 Fund - Direct Plan - Growth,12-04-2013,103.57040
HDFC Top 100 Fund - Direct Plan - Growth,10-04-2013,103.46530
HDFC Top 100 Fund - Direct Plan - Growth,09-04-2013,103.47160
HDFC Top 100 Fund - Direct Plan - Growth,08-04-2013,103.46200
HDFC Top 100 Fund - Direct Plan - Growth,05-04-2013,103.41640
HDFC Top 100 Fund - Direct Plan - Growth,04-04-2013,103.40960
HDFC Top 100 Fund - Direct Plan - Growth,03-04-2013,103.32740
HDFC Top 100 Fund - Direct Plan - Growth,02-04-2013,103.26260
HDFC Top 100 Fund - Direct Plan - Growth,28-03-2013,103.26330
HDFC Top 100 Fund - Direct Plan - Growth,26-03-2013,103.22850
HDFC Top 100 Fund - Direct Plan - Growth,25-03-2013,103.21140
HDFC Top 100 Fund - Direct Plan - Growth,22-03-2013,103.18910
HDFC Top 100 Fund - Direct Plan - Growth,21-03-2013,103.15700
HDFC Top 100 Fund - Direct Plan - Growth,20-03-2013,103.10160
HDFC Top 100 Fund - Direct Plan - Growth,19-03-2013,103.06320
HDFC Top 100 Fund - Direct Plan - Growth,18-03-2013,103.03550
HDFC Top 100 Fund - Direct Plan - Growth,15-03-2013,102.99750
HDFC Top 100 Fund - Direct Plan - Growth,14-03-2013,103.34000
HDFC Top 100 Fund - Direct Plan - Growth,13-03-2013,103.28840
HDFC Top 100 Fund - Direct Plan - Growth,12-03-2013,103.25100
HDFC Top 100 Fund - Direct Plan - Growth,11-03-2013,103.21990
HDFC Top 100 Fund - Direct Plan - Growth,08-03-2013,103.14620
HDFC Top 100 Fund - Direct Plan - Growth,07-03-2013,103.12900
HDFC Top 100 Fund - Direct Plan - Growth,06-03-2013,103.10120
HDFC Top 100 Fund - Direct Plan - Growth,05-03-2013,103.07860
HDFC Top 100 Fund - Direct Plan - Growth,04-03-2013,103.04780
HDFC Top 100 Fund - Direct Plan - Growth,01-03-2013,102.97140
HDFC Top 100 Fund - Direct Plan - Growth,28-02-2013,103.25400
HDFC Top 100 Fund - Direct Plan - Growth,27-02-2013,103.23220
HDFC Top 100 Fund - Direct Plan - Growth,26-02-2013,103.20970
HDFC Top 100 Fund - Direct Plan - Growth,25-02-2013,103.19190
HDFC Top 100 Fund - Direct Plan - Growth,22-02-2013,103.12260
HDFC Top 100 Fund - Direct Plan - Growth,21-02-2013,103.09650
HDFC Top 100 Fund - Direct Plan - Growth,20-02-2013,103.07250
HDFC Top 100 Fund - Direct Plan - Growth,18-02-2013,103.02290
HDFC Top 100 Fund - Direct Plan - Growth,15-02-2013,102.95220
HDFC Top 100 Fund - Direct Plan - Growth,14-02-2013,103.29370
HDFC Top 100 Fund - Direct Plan - Growth,13-02-2013,103.27450
HDFC Top 100 Fund - Direct Plan - Growth,12-02-2013,103.25230
HDFC Top 100 Fund - Direct Plan - Growth,11-02-2013,103.23030
HDFC Top 100 Fund - Direct Plan - Growth,08-02-2013,103.15940
HDFC Top 100 Fund - Direct Plan - Growth,07-02-2013,103.13560
HDFC Top 100 Fund - Direct Plan - Growth,06-02-2013,103.11190
HDFC Top 100 Fund - Direct Plan - Growth,05-02-2013,103.08860
HDFC Top 100 Fund - Direct Plan - Growth,04-02-2013,103.06590
HDFC Top 100 Fund - Direct Plan - Growth,01-02-2013,102.99760
HDFC Top 100 Fund - Direct Plan - Growth,31-01-2013,102.97780
HDFC Top 100 Fund - Direct Plan - Growth,30-01-2013,102.95900
HDFC Top 100 Fund - Direct Plan - Growth,29-01-2013,102.93840
HDFC Top 100 Fund - Direct Plan - Growth,28-01-2013,103.23510
HDFC Top 100 Fund - Direct Plan - Growth,24-01-2013,103.14110
HDFC Top 100 Fund - Direct Plan - Growth,23-01-2013,103.11450
HDFC Top 100 Fund - Direct Plan - Growth,22-01-2013,103.09090
HDFC Top 100 Fund - Direct Plan - Growth,21-01-2013,103.06620
HDFC Top 100 Fund - Direct Plan - Growth,18-01-2013,102.99320
HDFC Top 100 Fund - Direct Plan - Growth,17-01-2013,102.96910
HDFC Top 100 Fund - Direct Plan - Growth,16-01-2013,102.94210
HDFC Top 100 Fund - Direct Plan - Growth,15-01-2013,102.92230
HDFC Top 100 Fund - Direct Plan - Growth,14-01-2013,103.32250
HDFC Top 100 Fund - Direct Plan - Growth,11-01-2013,103.23850
HDFC Top 100 Fund - Direct Plan - Growth,10-01-2013,103.21320
HDFC Top 100 Fund - Direct Plan - Growth,09-01-2013,103.18970
HDFC Top 100 Fund - Direct Plan - Growth,08-01-2013,103.16630
HDFC Top 100 Fund - Direct Plan - Growth,07-01-2013,103.14080
HDFC Top 100 Fund - Direct Plan - Growth,04-01-2013,103.06190
HDFC Top 100 Fund - Direct Plan - Growth,03-01-2013,103.03060
HDFC Top 100 Fund - Direct Plan - Growth,02-01-2013,103.00590
Parag Parikh Flexi Cap Fund - Direct Growth,28-07-2026,90.37550
Parag Parikh Flexi Cap Fund - Direct Growth,27-07-2026,90.35120
Parag Parikh Flexi Cap Fund - Direct Growth,24-07-2026,89.78040
Parag Parikh Flexi Cap Fund - Direct Growth,23-07-2026,89.80090
Parag Parikh Flexi Cap Fund - Direct Growth,22-07-2026,90.38630
Parag Parikh Flexi Cap Fund - Direct Growth,21-07-2026,90.97430
Parag Parikh Flexi Cap Fund - Direct Growth,20-07-2026,91.21680
Parag Parikh Flexi Cap Fund - Direct Growth,17-07-2026,91.46030
Parag Parikh Flexi Cap Fund - Direct Growth,16-07-2026,91.02810
Parag Parikh Flexi Cap Fund - Direct Growth,15-07-2026,91.12620
Parag Parikh Flexi Cap Fund - Direct Growth,14-07-2026,90.86600
Parag Parikh Flexi Cap Fund - Direct Growth,13-07-2026,91.31660
Parag Parikh Flexi Cap Fund - Direct Growth,10-07-2026,90.94380
Parag Parikh Flexi Cap Fund - Direct Growth,09-07-2026,90.33580
Parag Parikh Flexi Cap Fund - Direct Growth,08-07-2026,90.03270
Parag Parikh Flexi Cap Fund - Direct Growth,07-07-2026,91.51900
Parag Parikh Flexi Cap Fund - Direct Growth,06-07-2026,91.40930
Parag Parikh Flexi Cap Fund - Direct Growth,03-07-2026,91.29570
Parag Parikh Flexi Cap Fund - Direct Growth,02-07-2026,90.86480
Parag Parikh Flexi Cap Fund - Direct Growth,01-07-2026,90.30120
Parag Parikh Flexi Cap Fund - Direct Growth,30-06-2026,89.83900
Parag Parikh Flexi Cap Fund - Direct Growth,29-06-2026,90.04300
Parag Parikh Flexi Cap Fund - Direct Growth,25-06-2026,89.71270
Parag Parikh Flexi Cap Fund - Direct Growth,24-06-2026,89.93300
Parag Parikh Flexi Cap Fund - Direct Growth,23-06-2026,89.57460
Parag Parikh Flexi Cap Fund - Direct Growth,22-06-2026,90.09220
Parag Parikh Flexi Cap Fund - Direct Growth,19-06-2026,90.14040
Parag Parikh Flexi Cap Fund - Direct Growth,18-06-2026,90.52200
Parag Parikh Flexi Cap Fund - Direct Growth,17-06-2026,90.29280
Parag Parikh Flexi Cap Fund - Direct Growth,16-06-2026,90.56050
Parag Parikh Flexi Cap Fund - Direct Growth,15-06-2026,90.04300
Parag Parikh Flexi Cap Fund - Direct Growth,12-06-2026,89.29450
Parag Parikh Flexi Cap Fund - Direct Growth,11-06-2026,88.48400
Parag Parikh Flexi Cap Fund - Direct Growth,10-06-2026,88.54470
Parag Parikh Flexi Cap Fund - Direct Growth,09-06-2026,88.86750
Parag Parikh Flexi Cap Fund - Direct Growth,08-06-2026,88.63240
Parag Parikh Flexi Cap Fund - Direct Growth,05-06-2026,89.14880
Parag Parikh Flexi Cap Fund - Direct Growth,04-06-2026,89.65950
Parag Parikh Flexi Cap Fund - Direct Growth,03-06-2026,89.33890
Parag Parikh Flexi Cap Fund - Direct Growth,02-06-2026,89.78870
Parag Parikh Flexi Cap Fund - Direct Growth,01-06-2026,89.67750
Parag Parikh Flexi Cap Fund - Direct Growth,29-05-2026,90.05890
Parag Parikh Flexi Cap Fund - Direct Growth,27-05-2026,90.98630
Parag Parikh Flexi Cap Fund - Direct Growth,26-05-2026,90.91890
Parag Parikh Flexi Cap Fund - Direct Growth,25-05-2026,91.15020
Parag Parikh Flexi Cap Fund - Direct Growth,22-05-2026,90.39270
Parag Parikh Flexi Cap Fund - Direct Growth,21-05-2026,90.61400
Parag Parikh Flexi Cap Fund - Direct Growth,20-05-2026,90.78620
Parag Parikh Flexi Cap Fund - Direct Growth,19-05-2026,90.59730
Parag Parikh Flexi Cap Fund - Direct Growth,18-05-2026,90.65790
Parag Parikh Flexi Cap Fund - Direct Growth,15-05-2026,90.64640
Parag Parikh Flexi Cap Fund - Direct Growth,14-05-2026,90.36360
Parag Parikh Flexi Cap Fund - Direct Growth,13-05-2026,89.75750
Parag Parikh Flexi Cap Fund - Direct Growth,12-05-2026,89.63750
Parag Parikh Flexi Cap Fund - Direct Growth,11-05-2026,90.83060
Parag Parikh Flexi Cap Fund - Direct Growth,08-05-2026,91.52450
Parag Parikh Flexi Cap Fund - Direct Growth,07-05-2026,91.80670
Parag Parikh Flexi Cap Fund - Direct Growth,06-05-2026,91.93670
Parag Parikh Flexi Cap Fund - Direct Growth,05-05-2026,91.15700
Parag Parikh Flexi Cap Fund - Direct Growth,04-05-2026,91.25710
Parag Parikh Flexi Cap Fund - Direct Growth,30-04-2026,91.29020
Parag Parikh Flexi Cap Fund - Direct Growth,29-04-2026,91.40260
Parag Parikh Flexi Cap Fund - Direct Growth,28-04-2026,90.72640
Parag Parikh Flexi Cap Fund - Direct Growth,27-04-2026,91.04180
Parag Parikh Flexi Cap Fund - Direct Growth,24-04-2026,90.56000
Parag Parikh Flexi Cap Fund - Direct Growth,23-04-2026,91.07850
Parag Parikh Flexi Cap Fund - Direct Growth,22-04-2026,91.48300
Parag Parikh Flexi Cap Fund - Direct Growth,21-04-2026,92.19130
Parag Parikh Flexi Cap Fund - Direct Growth,20-04-2026,91.67160
Parag Parikh Flexi Cap Fund - Direct Growth,17-04-2026,91.98520
Parag Parikh Flexi Cap Fund - Direct Growth,16-04-2026,91.44490
Parag Parikh Flexi Cap Fund - Direct Growth,15-04-2026,91.57290
Parag Parikh Flexi Cap Fund - Direct Growth,13-04-2026,90.15210
Parag Parikh Flexi Cap Fund - Direct Growth,10-04-2026,90.44250
Parag Parikh Flexi Cap Fund - Direct Growth,09-04-2026,90.07370
Parag Parikh Flexi Cap Fund - Direct Growth,08-04-2026,90.13250
Parag Parikh Flexi Cap Fund - Direct Growth,07-04-2026,88.05440
Parag Parikh Flexi Cap Fund - Direct Growth,06-04-2026,87.49050
Parag Parikh Flexi Cap Fund - Direct Growth,02-04-2026,86.51550
Parag Parikh Flexi Cap Fund - Direct Growth,01-04-2026,86.34390
Parag Parikh Flexi Cap Fund - Direct Growth,31-03-2026,85.67790
Parag Parikh Flexi Cap Fund - Direct Growth,30-03-2026,85.25990
Parag Parikh Flexi Cap Fund - Direct Growth,27-03-2026,86.44520
Parag Parikh Flexi Cap Fund - Direct Growth,25-03-2026,87.84100
Parag Parikh Flexi Cap Fund - Direct Growth,24-03-2026,87.00060
Parag Parikh Flexi Cap Fund - Direct Growth,23-03-2026,86.59180
Parag Parikh Flexi Cap Fund - Direct Growth,20-03-2026,87.79080
Parag Parikh Flexi Cap Fund - Direct Growth,19-03-2026,87.70720
Parag Parikh Flexi Cap Fund - Direct Growth,18-03-2026,89.37560
Parag Parikh Flexi Cap Fund - Direct Growth,17-03-2026,89.08650
Parag Parikh Flexi Cap Fund - Direct Growth,16-03-2026,88.70440
Parag Parikh Flexi Cap Fund - Direct Growth,13-03-2026,88.16320
Parag Parikh Flexi Cap Fund - Direct Growth,12-03-2026,89.27290
Parag Parikh Flexi Cap Fund - Direct Growth,11-03-2026,89.72700
Parag Parikh Flexi Cap Fund - Direct Growth,10-03-2026,90.42880
Parag Parikh Flexi Cap Fund - Direct Growth,09-03-2026,89.77130
Parag Parikh Flexi Cap Fund - Direct Growth,06-03-2026,90.74610
Parag Parikh Flexi Cap Fund - Direct Growth,05-03-2026,91.58970
Parag Parikh Flexi Cap Fund - Direct Growth,04-03-2026,91.03980
Parag Parikh Flexi Cap Fund - Direct Growth,02-03-2026,91.42200
Parag Parikh Flexi Cap Fund - Direct Growth,27-02-2026,91.95440
Parag Parikh Flexi Cap Fund - Direct Growth,26-02-2026,92.77180
Parag Parikh Flexi Cap Fund - Direct Growth,25-02-2026,93.08280
Parag Parikh Flexi Cap Fund - Direct Growth,24-02-2026,92.60940
Parag Parikh Flexi Cap Fund - Direct Growth,23-02-2026,93.24240
Parag Parikh Flexi Cap Fund - Direct Growth,20-02-2026,92.92990
Parag Parikh Flexi Cap Fund - Direct Growth,19-02-2026,92.50920
Parag Parikh Flexi Cap Fund - Direct Growth,18-02-2026,93.40810
Parag Parikh Flexi Cap Fund - Direct Growth,17-02-2026,93.13140
Parag Parikh Flexi Cap Fund - Direct Growth,16-02-2026,92.95840
Parag Parikh Flexi Cap Fund - Direct Growth,13-02-2026,92.06580
Parag Parikh Flexi Cap Fund - Direct Growth,12-02-2026,93.05070
Parag Parikh Flexi Cap Fund - Direct Growth,11-02-2026,93.80170
Parag Parikh Flexi Cap Fund - Direct Growth,10-02-2026,94.14210
Parag Parikh Flexi Cap Fund - Direct Growth,09-02-2026,94.15060
Parag Parikh Flexi Cap Fund - Direct Growth,06-02-2026,93.79110
Parag Parikh Flexi Cap Fund - Direct Growth,05-02-2026,93.56310
Parag Parikh Flexi Cap Fund - Direct Growth,04-02-2026,94.08670
Parag Parikh Flexi Cap Fund - Direct Growth,03-02-2026,94.19410
Parag Parikh Flexi Cap Fund - Direct Growth,02-02-2026,93.13730
Parag Parikh Flexi Cap Fund - Direct Growth,30-01-2026,93.52120
Parag Parikh Flexi Cap Fund - Direct Growth,29-01-2026,93.95980
Parag Parikh Flexi Cap Fund - Direct Growth,28-01-2026,93.75980
Parag Parikh Flexi Cap Fund - Direct Growth,27-01-2026,93.16530
Parag Parikh Flexi Cap Fund - Direct Growth,23-01-2026,92.94090
Parag Parikh Flexi Cap Fund - Direct Growth,22-01-2026,93.33870
Parag Parikh Flexi Cap Fund - Direct Growth,21-01-2026,92.66400
Parag Parikh Flexi Cap Fund - Direct Growth,20-01-2026,92.76000
Parag Parikh Flexi Cap Fund - Direct Growth,19-01-2026,93.85040
Parag Parikh Flexi Cap Fund - Direct Growth,16-01-2026,93.84690
Parag Parikh Flexi Cap Fund - Direct Growth,14-01-2026,93.85270
Parag Parikh Flexi Cap Fund - Direct Growth,13-01-2026,94.17830
Parag Parikh Flexi Cap Fund - Direct Growth,12-01-2026,94.32900
Parag Parikh Flexi Cap Fund - Direct Growth,09-01-2026,94.14390
Parag Parikh Flexi Cap Fund - Direct Growth,08-01-2026,94.71230
Parag Parikh Flexi Cap Fund - Direct Growth,07-01-2026,95.19420
Parag Parikh Flexi Cap Fund - Direct Growth,06-01-2026,95.32440
Parag Parikh Flexi Cap Fund - Direct Growth,05-01-2026,95.32290
Parag Parikh Flexi Cap Fund - Direct Growth,02-01-2026,95.29850
Parag Parikh Flexi Cap Fund - Direct Growth,01-01-2026,94.93350
Parag Parikh Flexi Cap Fund - Direct Growth,31-12-2025,95.17090
Parag Parikh Flexi Cap Fund - Direct Growth,30-12-2025,94.61160
Parag Parikh Flexi Cap Fund - Direct Growth,29-12-2025,94.73040
Parag Parikh Flexi Cap Fund - Direct Growth,26-12-2025,95.04820
Parag Parikh Flexi Cap Fund - Direct Growth,24-12-2025,95.34410
Parag Parikh Flexi Cap Fund - Direct Growth,23-12-2025,95.33050
Parag Parikh Flexi Cap Fund - Direct Growth,22-12-2025,94.94710
Parag Parikh Flexi Cap Fund - Direct Growth,19-12-2025,94.41620
Parag Parikh Flexi Cap Fund - Direct Growth,18-12-2025,94.17030
Parag Parikh Flexi Cap Fund - Direct Growth,17-12-2025,94.10260
Parag Parikh Flexi Cap Fund - Direct Growth,16-12-2025,94.43390
Parag Parikh Flexi Cap Fund - Direct Growth,15-12-2025,94.67420
Parag Parikh Flexi Cap Fund - Direct Growth,12-12-2025,94.75770
Parag Parikh Flexi Cap Fund - Direct Growth,11-12-2025,94.73500
Parag Parikh Flexi Cap Fund - Direct Growth,10-12-2025,94.51780
Parag Parikh Flexi Cap Fund - Direct Growth,09-12-2025,94.56660
Parag Parikh Flexi Cap Fund - Direct Growth,08-12-2025,94.80590
Parag Parikh Flexi Cap Fund - Direct Growth,05-12-2025,95.37180
Parag Parikh Flexi Cap Fund - Direct Growth,04-12-2025,94.94600
Parag Parikh Flexi Cap Fund - Direct Growth,03-12-2025,94.84730
Parag Parikh Flexi Cap Fund - Direct Growth,02-12-2025,94.75240
Parag Parikh Flexi Cap Fund - Direct Growth,01-12-2025,94.93980
Parag Parikh Flexi Cap Fund - Direct Growth,28-11-2025,95.00190
Parag Parikh Flexi Cap Fund - Direct Growth,27-11-2025,94.85640
Parag Parikh Flexi Cap Fund - Direct Growth,26-11-2025,94.99540
Parag Parikh Flexi Cap Fund - Direct Growth,25-11-2025,94.38840
Parag Parikh Flexi Cap Fund - Direct Growth,24-11-2025,94.42330
Parag Parikh Flexi Cap Fund - Direct Growth,21-11-2025,94.41090
Parag Parikh Flexi Cap Fund - Direct Growth,20-11-2025,94.41800
Parag Parikh Flexi Cap Fund - Direct Growth,19-11-2025,94.30860
Parag Parikh Flexi Cap Fund - Direct Growth,18-11-2025,94.06290
Parag Parikh Flexi Cap Fund - Direct Growth,17-11-2025,94.51010
Parag Parikh Flexi Cap Fund - Direct Growth,14-11-2025,94.28990
Parag Parikh Flexi Cap Fund - Direct Growth,13-11-2025,94.00580
Parag Parikh Flexi Cap Fund - Direct Growth,12-11-2025,94.17070
Parag Parikh Flexi Cap Fund - Direct Growth,11-11-2025,94.17980
Parag Parikh Flexi Cap Fund - Direct Growth,10-11-2025,94.07650
Parag Parikh Flexi Cap Fund - Direct Growth,07-11-2025,93.54280
Parag Parikh Flexi Cap Fund - Direct Growth,06-11-2025,93.77900
Parag Parikh Flexi Cap Fund - Direct Growth,04-11-2025,93.83410
Parag Parikh Flexi Cap Fund - Direct Growth,03-11-2025,94.45770
Parag Parikh Flexi Cap Fund - Direct Growth,31-10-2025,94.40650
Parag Parikh Flexi Cap Fund - Direct Growth,30-10-2025,94.80120
Parag Parikh Flexi Cap Fund - Direct Growth,29-10-2025,95.63240
Parag Parikh Flexi Cap Fund - Direct Growth,28-10-2025,95.50120
Parag Parikh Flexi Cap Fund - Direct Growth,27-10-2025,95.77320
Parag Parikh Flexi Cap Fund - Direct Growth,24-10-2025,95.25260
Parag Parikh Flexi Cap Fund - Direct Growth,23-10-2025,95.33620
Parag Parikh Flexi Cap Fund - Direct Growth,20-10-2025,94.80650
Parag Parikh Flexi Cap Fund - Direct Growth,17-10-2025,94.55320
Parag Parikh Flexi Cap Fund - Direct Growth,16-10-2025,94.12600
Parag Parikh Flexi Cap Fund - Direct Growth,15-10-2025,93.46550
Parag Parikh Flexi Cap Fund - Direct Growth,14-10-2025,93.20290
Parag Parikh Flexi Cap Fund - Direct Growth,13-10-2025,93.38670
Parag Parikh Flexi Cap Fund - Direct Growth,10-10-2025,93.21690
Parag Parikh Flexi Cap Fund - Direct Growth,09-10-2025,93.16630
Parag Parikh Flexi Cap Fund - Direct Growth,08-10-2025,93.03020
Parag Parikh Flexi Cap Fund - Direct Growth,07-10-2025,93.19780
Parag Parikh Flexi Cap Fund - Direct Growth,06-10-2025,93.00720
Parag Parikh Flexi Cap Fund - Direct Growth,03-10-2025,92.64040
Parag Parikh Flexi Cap Fund - Direct Growth,01-10-2025,92.47420
Parag Parikh Flexi Cap Fund - Direct Growth,30-09-2025,92.09560
Parag Parikh Flexi Cap Fund - Direct Growth,26-09-2025,92.60940
Parag Parikh Flexi Cap Fund - Direct Growth,25-09-2025,93.17630
Parag Parikh Flexi Cap Fund - Direct Growth,24-09-2025,93.79700
Parag Parikh Flexi Cap Fund - Direct Growth,23-09-2025,94.00970
Parag Parikh Flexi Cap Fund - Direct Growth,22-09-2025,94.09360
Parag Parikh Flexi Cap Fund - Direct Growth,19-09-2025,94.37600
Parag Parikh Flexi Cap Fund - Direct Growth,18-09-2025,94.70840
Parag Parikh Flexi Cap Fund - Direct Growth,17-09-2025,94.52230
Parag Parikh Flexi Cap Fund - Direct Growth,16-09-2025,94.39480
Parag Parikh Flexi Cap Fund - Direct Growth,15-09-2025,93.73450
Parag Parikh Flexi Cap Fund - Direct Growth,12-09-2025,93.61700
Parag Parikh Flexi Cap Fund - Direct Growth,11-09-2025,93.34680
Parag Parikh Flexi Cap Fund - Direct Growth,10-09-2025,93.08350
Parag Parikh Flexi Cap Fund - Direct Growth,09-09-2025,93.06300
Parag Parikh Flexi Cap Fund - Direct Growth,08-09-2025,92.52900
Parag Parikh Flexi Cap Fund - Direct Growth,05-09-2025,92.51300
Parag Parikh Flexi Cap Fund - Direct Growth,04-09-2025,92.48280
Parag Parikh Flexi Cap Fund - Direct Growth,03-09-2025,92.17820
Parag Parikh Flexi Cap Fund - Direct Growth,02-09-2025,91.34310
Parag Parikh Flexi Cap Fund - Direct Growth,01-09-2025,91.52070
Parag Parikh Flexi Cap Fund - Direct Growth,29-08-2025,91.07370
Parag Parikh Flexi Cap Fund - Direct Growth,28-08-2025,91.17340
Parag Parikh Flexi Cap Fund - Direct Growth,26-08-2025,91.59150
Parag Parikh Flexi Cap Fund - Direct Growth,25-08-2025,92.27070
Parag Parikh Flexi Cap Fund - Direct Growth,22-08-2025,92.16040
Parag Parikh Flexi Cap Fund - Direct Growth,21-08-2025,92.30560
Parag Parikh Flexi Cap Fund - Direct Growth,20-08-2025,92.30510
Parag Parikh Flexi Cap Fund - Direct Growth,19-08-2025,92.42070
Parag Parikh Flexi Cap Fund - Direct Growth,18-08-2025,92.94160
Parag Parikh Flexi Cap Fund - Direct Growth,14-08-2025,92.23370
Parag Parikh Flexi Cap Fund - Direct Growth,13-08-2025,92.01500
Parag Parikh Flexi Cap Fund - Direct Growth,12-08-2025,91.73070
Parag Parikh Flexi Cap Fund - Direct Growth,11-08-2025,91.62730
Parag Parikh Flexi Cap Fund - Direct Growth,08-08-2025,91.15630
Parag Parikh Flexi Cap Fund - Direct Growth,07-08-2025,91.50520
Parag Parikh Flexi Cap Fund - Direct Growth,06-08-2025,91.36800
Parag Parikh Flexi Cap Fund - Direct Growth,05-08-2025,91.51260
Parag Parikh Flexi Cap Fund - Direct Growth,04-08-2025,91.67510
Parag Parikh Flexi Cap Fund - Direct Growth,01-08-2025,91.33020
Parag Parikh Flexi Cap Fund - Direct Growth,31-07-2025,92.16020
Parag Parikh Flexi Cap Fund - Direct Growth,30-07-2025,91.91150
Parag Parikh Flexi Cap Fund - Direct Growth,29-07-2025,91.89160
Parag Parikh Flexi Cap Fund - Direct Growth,28-07-2025,91.58330
Parag Parikh Flexi Cap Fund - Direct Growth,25-07-2025,92.05590
Parag Parikh Flexi Cap Fund - Direct Growth,24-07-2025,92.50710
Parag Parikh Flexi Cap Fund - Direct Growth,23-07-2025,92.81290
Parag Parikh Flexi Cap Fund - Direct Growth,22-07-2025,92.47450
Parag Parikh Flexi Cap Fund - Direct Growth,21-07-2025,92.53540
Parag Parikh Flexi Cap Fund - Direct Growth,18-07-2025,91.94280
Parag Parikh Flexi Cap Fund - Direct Growth,17-07-2025,92.33430
Parag Parikh Flexi Cap Fund - Direct Growth,16-07-2025,92.40850
Parag Parikh Flexi Cap Fund - Direct Growth,15-07-2025,92.41870
Parag Parikh Flexi Cap Fund - Direct Growth,14-07-2025,92.31620
Parag Parikh Flexi Cap Fund - Direct Growth,11-07-2025,92.10210
Parag Parikh Flexi Cap Fund - Direct Growth,10-07-2025,92.43060
Parag Parikh Flexi Cap Fund - Direct Growth,09-07-2025,92.74400
Parag Parikh Flexi Cap Fund - Direct Growth,08-07-2025,92.48400
Parag Parikh Flexi Cap Fund - Direct Growth,07-07-2025,92.65360
Parag Parikh Flexi Cap Fund - Direct Growth,04-07-2025,92.61200
Parag Parikh Flexi Cap Fund - Direct Growth,03-07-2025,92.45530
Parag Parikh Flexi Cap Fund - Direct Growth,02-07-2025,92.53930
Parag Parikh Flexi Cap Fund - Direct Growth,01-07-2025,92.67860
Parag Parikh Flexi Cap Fund - Direct Growth,30-06-2025,92.90300
Parag Parikh Flexi Cap Fund - Direct Growth,27-06-2025,93.16600
Parag Parikh Flexi Cap Fund - Direct Growth,26-06-2025,92.67110
Parag Parikh Flexi Cap Fund - Direct Growth,25-06-2025,91.97890
Parag Parikh Flexi Cap Fund - Direct Growth,24-06-2025,91.48390
Parag Parikh Flexi Cap Fund - Direct Growth,23-06-2025,91.20910
Parag Parikh Flexi Cap Fund - Direct Growth,20-06-2025,91.42950
Parag Parikh Flexi Cap Fund - Direct Growth,19-06-2025,90.85460
Parag Parikh Flexi Cap Fund - Direct Growth,18-06-2025,90.99440
Parag Parikh Flexi Cap Fund - Direct Growth,17-06-2025,91.04340
Parag Parikh Flexi Cap Fund - Direct Growth,16-06-2025,91.29720
Parag Parikh Flexi Cap Fund - Direct Growth,13-06-2025,90.67250
Parag Parikh Flexi Cap Fund - Direct Growth,12-06-2025,91.05940
Parag Parikh Flexi Cap Fund - Direct Growth,11-06-2025,91.80340
Parag Parikh Flexi Cap Fund - Direct Growth,10-06-2025,91.99730
Parag Parikh Flexi Cap Fund - Direct Growth,09-06-2025,91.85720
Parag Parikh Flexi Cap Fund - Direct Growth,06-06-2025,91.40360
Parag Parikh Flexi Cap Fund - Direct Growth,05-06-2025,90.22150
Parag Parikh Flexi Cap Fund - Direct Growth,04-06-2025,89.89260
Parag Parikh Flexi Cap Fund - Direct Growth,03-06-2025,89.47010
Parag Parikh Flexi Cap Fund - Direct Growth,02-06-2025,89.98230
Parag Parikh Flexi Cap Fund - Direct Growth,30-05-2025,89.78410
Parag Parikh Flexi Cap Fund - Direct Growth,29-05-2025,89.91760
Parag Parikh Flexi Cap Fund - Direct Growth,28-05-2025,89.84490
Parag Parikh Flexi Cap Fund - Direct Growth,27-05-2025,90.13350
Parag Parikh Flexi Cap Fund - Direct Growth,26-05-2025,90.34890
Parag Parikh Flexi Cap Fund - Direct Growth,23-05-2025,90.06380
Parag Parikh Flexi Cap Fund - Direct Growth,22-05-2025,89.48350
Parag Parikh Flexi Cap Fund - Direct Growth,21-05-2025,89.86570
Parag Parikh Flexi Cap Fund - Direct Growth,20-05-2025,89.68350
Parag Parikh Flexi Cap Fund - Direct Growth,19-05-2025,90.69810
Parag Parikh Flexi Cap Fund - Direct Growth,16-05-2025,90.28960
Parag Parikh Flexi Cap Fund - Direct Growth,15-05-2025,89.99600
Parag Parikh Flexi Cap Fund - Direct Growth,14-05-2025,89.21760
Parag Parikh Flexi Cap Fund - Direct Growth,13-05-2025,88.87400
Parag Parikh Flexi Cap Fund - Direct Growth,12-05-2025,89.53670
Parag Parikh Flexi Cap Fund - Direct Growth,09-05-2025,86.86460
Parag Parikh Flexi Cap Fund - Direct Growth,08-05-2025,87.83100
Parag Parikh Flexi Cap Fund - Direct Growth,07-05-2025,88.04460
Parag Parikh Flexi Cap Fund - Direct Growth,06-05-2025,87.78500
Parag Parikh Flexi Cap Fund - Direct Growth,05-05-2025,88.06150
Parag Parikh Flexi Cap Fund - Direct Growth,02-05-2025,87.98470
Parag Parikh Flexi Cap Fund - Direct Growth,30-04-2025,87.41190
Parag Parikh Flexi Cap Fund - Direct Growth,29-04-2025,87.51960
Parag Parikh Flexi Cap Fund - Direct Growth,28-04-2025,87.81130
Parag Parikh Flexi Cap Fund - Direct Growth,25-04-2025,87.29340
Parag Parikh Flexi Cap Fund - Direct Growth,24-04-2025,87.86320
Parag Parikh Flexi Cap Fund - Direct Growth,23-04-2025,87.75170
Parag Parikh Flexi Cap Fund - Direct Growth,22-04-2025,87.12010
Parag Parikh Flexi Cap Fund - Direct Growth,21-04-2025,86.60290
Parag Parikh Flexi Cap Fund - Direct Growth,17-04-2025,85.98510
Parag Parikh Flexi Cap Fund - Direct Growth,16-04-2025,85.24560
Parag Parikh Flexi Cap Fund - Direct Growth,15-04-2025,85.40910
Parag Parikh Flexi Cap Fund - Direct Growth,11-04-2025,84.39870
Parag Parikh Flexi Cap Fund - Direct Growth,09-04-2025,83.59090
Parag Parikh Flexi Cap Fund - Direct Growth,08-04-2025,82.62080
Parag Parikh Flexi Cap Fund - Direct Growth,07-04-2025,82.05940
Parag Parikh Flexi Cap Fund - Direct Growth,04-04-2025,83.61710
Parag Parikh Flexi Cap Fund - Direct Growth,03-04-2025,84.58490
Parag Parikh Flexi Cap Fund - Direct Growth,02-04-2025,85.11590
Parag Parikh Flexi Cap Fund - Direct Growth,01-04-2025,84.96430
Parag Parikh Flexi Cap Fund - Direct Growth,31-03-2025,85.84340
Parag Parikh Flexi Cap Fund - Direct Growth,28-03-2025,85.83710
Parag Parikh Flexi Cap Fund - Direct Growth,27-03-2025,86.44710
Parag Parikh Flexi Cap Fund - Direct Growth,26-03-2025,86.38580
Parag Parikh Flexi Cap Fund - Direct Growth,25-03-2025,86.93780
Parag Parikh Flexi Cap Fund - Direct Growth,24-03-2025,86.93020
Parag Parikh Flexi Cap Fund - Direct Growth,21-03-2025,85.84830
Parag Parikh Flexi Cap Fund - Direct Growth,20-03-2025,85.22930
Parag Parikh Flexi Cap Fund - Direct Growth,19-03-2025,84.76780
Parag Parikh Flexi Cap Fund - Direct Growth,18-03-2025,84.29630
Parag Parikh Flexi Cap Fund - Direct Growth,17-03-2025,83.77860
Parag Parikh Flexi Cap Fund - Direct Growth,13-03-2025,83.04880
Parag Parikh Flexi Cap Fund - Direct Growth,12-03-2025,83.55790
Parag Parikh Flexi Cap Fund - Direct Growth,11-03-2025,83.26030
Parag Parikh Flexi Cap Fund - Direct Growth,10-03-2025,83.33700
Parag Parikh Flexi Cap Fund - Direct Growth,07-03-2025,83.81660
Parag Parikh Flexi Cap Fund - Direct Growth,06-03-2025,83.86740
Parag Parikh Flexi Cap Fund - Direct Growth,05-03-2025,83.73530
Parag Parikh Flexi Cap Fund - Direct Growth,04-03-2025,82.68430
Parag Parikh Flexi Cap Fund - Direct Growth,03-03-2025,82.89100
Parag Parikh Flexi Cap Fund - Direct Growth,28-02-2025,83.49130
Parag Parikh Flexi Cap Fund - Direct Growth,27-02-2025,84.19720
Parag Parikh Flexi Cap Fund - Direct Growth,25-02-2025,84.29280
Parag Parikh Flexi Cap Fund - Direct Growth,24-02-2025,84.56280
Parag Parikh Flexi Cap Fund - Direct Growth,21-02-2025,85.15730
Parag Parikh Flexi Cap Fund - Direct Growth,20-02-2025,85.92710
Parag Parikh Flexi Cap Fund - Direct Growth,19-02-2025,85.75170
Parag Parikh Flexi Cap Fund - Direct Growth,18-02-2025,85.89270
Parag Parikh Flexi Cap Fund - Direct Growth,17-02-2025,85.97200
Parag Parikh Flexi Cap Fund - Direct Growth,14-02-2025,85.81100
Parag Parikh Flexi Cap Fund - Direct Growth,13-02-2025,86.19790
Parag Parikh Flexi Cap Fund - Direct Growth,12-02-2025,85.95820
Parag Parikh Flexi Cap Fund - Direct Growth,11-02-2025,85.93130
Parag Parikh Flexi Cap Fund - Direct Growth,10-02-2025,86.86830
Parag Parikh Flexi Cap Fund - Direct Growth,07-02-2025,87.23600
Parag Parikh Flexi Cap Fund - Direct Growth,06-02-2025,87.74410
Parag Parikh Flexi Cap Fund - Direct Growth,05-02-2025,87.71540
Parag Parikh Flexi Cap Fund - Direct Growth,04-02-2025,87.99230
Parag Parikh Flexi Cap Fund - Direct Growth,03-02-2025,87.37900
Parag Parikh Flexi Cap Fund - Direct Growth,31-01-2025,87.43490
Parag Parikh Flexi Cap Fund - Direct Growth,30-01-2025,86.45480
Parag Parikh Flexi Cap Fund - Direct Growth,29-01-2025,86.32420
Parag Parikh Flexi Cap Fund - Direct Growth,28-01-2025,85.67370
Parag Parikh Flexi Cap Fund - Direct Growth,27-01-2025,85.27070
Parag Parikh Flexi Cap Fund - Direct Growth,24-01-2025,86.12020
Parag Parikh Flexi Cap Fund - Direct Growth,23-01-2025,86.41110
Parag Parikh Flexi Cap Fund - Direct Growth,22-01-2025,86.29970
Parag Parikh Flexi Cap Fund - Direct Growth,21-01-2025,85.72450
Parag Parikh Flexi Cap Fund - Direct Growth,20-01-2025,86.35610
Parag Parikh Flexi Cap Fund - Direct Growth,17-01-2025,85.92360
Parag Parikh Flexi Cap Fund - Direct Growth,16-01-2025,86.04190
Parag Parikh Flexi Cap Fund - Direct Growth,15-01-2025,86.01880
Parag Parikh Flexi Cap Fund - Direct Growth,14-01-2025,85.37840
Parag Parikh Flexi Cap Fund - Direct Growth,13-01-2025,85.09440
Parag Parikh Flexi Cap Fund - Direct Growth,10-01-2025,86.27770
Parag Parikh Flexi Cap Fund - Direct Growth,09-01-2025,86.99070
Parag Parikh Flexi Cap Fund - Direct Growth,08-01-2025,87.34220
Parag Parikh Flexi Cap Fund - Direct Growth,07-01-2025,87.29390
Parag Parikh Flexi Cap Fund - Direct Growth,06-01-2025,87.34650
Parag Parikh Flexi Cap Fund - Direct Growth,03-01-2025,88.49900
Parag Parikh Flexi Cap Fund - Direct Growth,02-01-2025,89.01060
Parag Parikh Flexi Cap Fund - Direct Growth,01-01-2025,87.94560
Parag Parikh Flexi Cap Fund - Direct Growth,31-12-2024,87.67300
Parag Parikh Flexi Cap Fund - Direct Growth,30-12-2024,87.96040
Parag Parikh Flexi Cap Fund - Direct Growth,27-12-2024,87.60150
Parag Parikh Flexi Cap Fund - Direct Growth,26-12-2024,87.61520
Parag Parikh Flexi Cap Fund - Direct Growth,24-12-2024,87.43920
Parag Parikh Flexi Cap Fund - Direct Growth,23-12-2024,87.43450
Parag Parikh Flexi Cap Fund - Direct Growth,20-12-2024,86.88240
Parag Parikh Flexi Cap Fund - Direct Growth,19-12-2024,87.95040
Parag Parikh Flexi Cap Fund - Direct Growth,18-12-2024,88.16240
Parag Parikh Flexi Cap Fund - Direct Growth,17-12-2024,89.13890
Parag Parikh Flexi Cap Fund - Direct Growth,16-12-2024,89.64410
Parag Parikh Flexi Cap Fund - Direct Growth,13-12-2024,89.43270
Parag Parikh Flexi Cap Fund - Direct Growth,12-12-2024,89.19920
Parag Parikh Flexi Cap Fund - Direct Growth,11-12-2024,89.40500
Parag Parikh Flexi Cap Fund - Direct Growth,10-12-2024,88.97470
Parag Parikh Flexi Cap Fund - Direct Growth,09-12-2024,88.79820
Parag Parikh Flexi Cap Fund - Direct Growth,06-12-2024,88.68880
Parag Parikh Flexi Cap Fund - Direct Growth,05-12-2024,88.38400
Parag Parikh Flexi Cap Fund - Direct Growth,04-12-2024,87.85600
Parag Parikh Flexi Cap Fund - Direct Growth,03-12-2024,87.80850
Parag Parikh Flexi Cap Fund - Direct Growth,02-12-2024,87.28420
Parag Parikh Flexi Cap Fund - Direct Growth,29-11-2024,86.76390
Parag Parikh Flexi Cap Fund - Direct Growth,28-11-2024,86.40250
Parag Parikh Flexi Cap Fund - Direct Growth,27-11-2024,86.92160
Parag Parikh Flexi Cap Fund - Direct Growth,26-11-2024,86.90170
Parag Parikh Flexi Cap Fund - Direct Growth,25-11-2024,86.92960
Parag Parikh Flexi Cap Fund - Direct Growth,22-11-2024,86.22030
Parag Parikh Flexi Cap Fund - Direct Growth,21-11-2024,85.23030
Parag Parikh Flexi Cap Fund - Direct Growth,19-11-2024,85.56990
Parag Parikh Flexi Cap Fund - Direct Growth,18-11-2024,85.24430
Parag Parikh Flexi Cap Fund - Direct Growth,14-11-2024,85.73710
Parag Parikh Flexi Cap Fund - Direct Growth,13-11-2024,85.59230
Parag Parikh Flexi Cap Fund - Direct Growth,12-11-2024,86.58640
Parag Parikh Flexi Cap Fund - Direct Growth,11-11-2024,87.26380
Parag Parikh Flexi Cap Fund - Direct Growth,08-11-2024,86.78470
Parag Parikh Flexi Cap Fund - Direct Growth,07-11-2024,86.87050
Parag Parikh Flexi Cap Fund - Direct Growth,06-11-2024,87.08480
Parag Parikh Flexi Cap Fund - Direct Growth,05-11-2024,86.37810
Parag Parikh Flexi Cap Fund - Direct Growth,04-11-2024,85.76450
Parag Parikh Flexi Cap Fund - Direct Growth,31-10-2024,85.98140
Parag Parikh Flexi Cap Fund - Direct Growth,30-10-2024,86.52630
Parag Parikh Flexi Cap Fund - Direct Growth,29-10-2024,86.85990
Parag Parikh Flexi Cap Fund - Direct Growth,28-10-2024,86.31520
Parag Parikh Flexi Cap Fund - Direct Growth,25-10-2024,86.15270
Parag Parikh Flexi Cap Fund - Direct Growth,24-10-2024,86.46180
Parag Parikh Flexi Cap Fund - Direct Growth,23-10-2024,86.48850
Parag Parikh Flexi Cap Fund - Direct Growth,22-10-2024,86.64050
Parag Parikh Flexi Cap Fund - Direct Growth,21-10-2024,87.37480
Parag Parikh Flexi Cap Fund - Direct Growth,18-10-2024,87.66830
Parag Parikh Flexi Cap Fund - Direct Growth,17-10-2024,87.24150
Parag Parikh Flexi Cap Fund - Direct Growth,16-10-2024,87.75780
Parag Parikh Flexi Cap Fund - Direct Growth,15-10-2024,88.09200
Parag Parikh Flexi Cap Fund - Direct Growth,14-10-2024,87.87320
Parag Parikh Flexi Cap Fund - Direct Growth,11-10-2024,87.53770
Parag Parikh Flexi Cap Fund - Direct Growth,10-10-2024,87.42920
Parag Parikh Flexi Cap Fund - Direct Growth,09-10-2024,86.95910
Parag Parikh Flexi Cap Fund - Direct Growth,08-10-2024,86.68210
Parag Parikh Flexi Cap Fund - Direct Growth,07-10-2024,85.97610
Parag Parikh Flexi Cap Fund - Direct Growth,04-10-2024,87.02330
Parag Parikh Flexi Cap Fund - Direct Growth,03-10-2024,87.46730
Parag Parikh Flexi Cap Fund - Direct Growth,01-10-2024,88.64650
Parag Parikh Flexi Cap Fund - Direct Growth,30-09-2024,88.61650
Parag Parikh Flexi Cap Fund - Direct Growth,27-09-2024,89.15070
Parag Parikh Flexi Cap Fund - Direct Growth,26-09-2024,89.59870
Parag Parikh Flexi Cap Fund - Direct Growth,25-09-2024,89.18770
Parag Parikh Flexi Cap Fund - Direct Growth,24-09-2024,88.90230
Parag Parikh Flexi Cap Fund - Direct Growth,23-09-2024,88.96900
Parag Parikh Flexi Cap Fund - Direct Growth,20-09-2024,88.71150
Parag Parikh Flexi Cap Fund - Direct Growth,19-09-2024,87.53260
Parag Parikh Flexi Cap Fund - Direct Growth,18-09-2024,87.29690
Parag Parikh Flexi Cap Fund - Direct Growth,17-09-2024,87.08230
Parag Parikh Flexi Cap Fund - Direct Growth,16-09-2024,87.03660
Parag Parikh Flexi Cap Fund - Direct Growth,13-09-2024,86.68940
Parag Parikh Flexi Cap Fund - Direct Growth,12-09-2024,86.69810
Parag Parikh Flexi Cap Fund - Direct Growth,11-09-2024,85.70290
Parag Parikh Flexi Cap Fund - Direct Growth,10-09-2024,85.65030
Parag Parikh Flexi Cap Fund - Direct Growth,09-09-2024,85.05350
Parag Parikh Flexi Cap Fund - Direct Growth,06-09-2024,85.13930
Parag Parikh Flexi Cap Fund - Direct Growth,05-09-2024,86.23230
Parag Parikh Flexi Cap Fund - Direct Growth,04-09-2024,86.20830
Parag Parikh Flexi Cap Fund - Direct Growth,03-09-2024,86.41390
Parag Parikh Flexi Cap Fund - Direct Growth,02-09-2024,86.38680
Parag Parikh Flexi Cap Fund - Direct Growth,30-08-2024,85.88680
Parag Parikh Flexi Cap Fund - Direct Growth,29-08-2024,85.62440
Parag Parikh Flexi Cap Fund - Direct Growth,28-08-2024,85.52510
Parag Parikh Flexi Cap Fund - Direct Growth,27-08-2024,85.71190
Parag Parikh Flexi Cap Fund - Direct Growth,26-08-2024,85.76220
Parag Parikh Flexi Cap Fund - Direct Growth,23-08-2024,85.41190
Parag Parikh Flexi Cap Fund - Direct Growth,22-08-2024,85.27760
Parag Parikh Flexi Cap Fund - Direct Growth,21-08-2024,85.31240
Parag Parikh Flexi Cap Fund - Direct Growth,20-08-2024,85.16070
Parag Parikh Flexi Cap Fund - Direct Growth,19-08-2024,84.68190
Parag Parikh Flexi Cap Fund - Direct Growth,16-08-2024,84.38080
Parag Parikh Flexi Cap Fund - Direct Growth,14-08-2024,82.99810
Parag Parikh Flexi Cap Fund - Direct Growth,13-08-2024,83.10290
Parag Parikh Flexi Cap Fund - Direct Growth,12-08-2024,83.71720
Parag Parikh Flexi Cap Fund - Direct Growth,09-08-2024,83.83880
Parag Parikh Flexi Cap Fund - Direct Growth,08-08-2024,83.28300
Parag Parikh Flexi Cap Fund - Direct Growth,07-08-2024,83.41860
Parag Parikh Flexi Cap Fund - Direct Growth,06-08-2024,82.18570
Parag Parikh Flexi Cap Fund - Direct Growth,05-08-2024,82.24790
Parag Parikh Flexi Cap Fund - Direct Growth,02-08-2024,84.44660
Parag Parikh Flexi Cap Fund - Direct Growth,01-08-2024,85.34070
Parag Parikh Flexi Cap Fund - Direct Growth,31-07-2024,84.90130
Parag Parikh Flexi Cap Fund - Direct Growth,30-07-2024,84.45490
Parag Parikh Flexi Cap Fund - Direct Growth,29-07-2024,84.23030
Parag Parikh Flexi Cap Fund - Direct Growth,26-07-2024,84.01060
Parag Parikh Flexi Cap Fund - Direct Growth,25-07-2024,82.95650
Parag Parikh Flexi Cap Fund - Direct Growth,24-07-2024,83.31110
Parag Parikh Flexi Cap Fund - Direct Growth,23-07-2024,83.84040
Parag Parikh Flexi Cap Fund - Direct Growth,22-07-2024,83.78290
Parag Parikh Flexi Cap Fund - Direct Growth,19-07-2024,83.26190
Parag Parikh Flexi Cap Fund - Direct Growth,18-07-2024,84.00020
Parag Parikh Flexi Cap Fund - Direct Growth,16-07-2024,84.30590
Parag Parikh Flexi Cap Fund - Direct Growth,15-07-2024,84.31180
Parag Parikh Flexi Cap Fund - Direct Growth,12-07-2024,84.10680
Parag Parikh Flexi Cap Fund - Direct Growth,11-07-2024,84.00950
Parag Parikh Flexi Cap Fund - Direct Growth,10-07-2024,84.19740
Parag Parikh Flexi Cap Fund - Direct Growth,09-07-2024,84.36400
Parag Parikh Flexi Cap Fund - Direct Growth,08-07-2024,83.97840
Parag Parikh Flexi Cap Fund - Direct Growth,05-07-2024,83.92050
Parag Parikh Flexi Cap Fund - Direct Growth,04-07-2024,83.81900
Parag Parikh Flexi Cap Fund - Direct Growth,03-07-2024,83.28790
Parag Parikh Flexi Cap Fund - Direct Growth,02-07-2024,82.52550
Parag Parikh Flexi Cap Fund - Direct Growth,01-07-2024,82.50540
Parag Parikh Flexi Cap Fund - Direct Growth,28-06-2024,81.93850
Parag Parikh Flexi Cap Fund - Direct Growth,27-06-2024,82.05570
Parag Parikh Flexi Cap Fund - Direct Growth,26-06-2024,81.76900
Parag Parikh Flexi Cap Fund - Direct Growth,25-06-2024,81.77420
Parag Parikh Flexi Cap Fund - Direct Growth,24-06-2024,81.49830
Parag Parikh Flexi Cap Fund - Direct Growth,21-06-2024,81.25420
Parag Parikh Flexi Cap Fund - Direct Growth,20-06-2024,81.33510
Parag Parikh Flexi Cap Fund - Direct Growth,19-06-2024,81.00750
Parag Parikh Flexi Cap Fund - Direct Growth,18-06-2024,80.96220
Parag Parikh Flexi Cap Fund - Direct Growth,14-06-2024,80.75980
Parag Parikh Flexi Cap Fund - Direct Growth,13-06-2024,80.58390
Parag Parikh Flexi Cap Fund - Direct Growth,12-06-2024,80.74480
Parag Parikh Flexi Cap Fund - Direct Growth,11-06-2024,80.25860
Parag Parikh Flexi Cap Fund - Direct Growth,10-06-2024,80.15000
Parag Parikh Flexi Cap Fund - Direct Growth,07-06-2024,79.76530
Parag Parikh Flexi Cap Fund - Direct Growth,06-06-2024,78.81550
Parag Parikh Flexi Cap Fund - Direct Growth,05-06-2024,78.08960
Parag Parikh Flexi Cap Fund - Direct Growth,04-06-2024,76.03380
Parag Parikh Flexi Cap Fund - Direct Growth,03-06-2024,79.35740
Parag Parikh Flexi Cap Fund - Direct Growth,31-05-2024,77.76960
Parag Parikh Flexi Cap Fund - Direct Growth,30-05-2024,77.72590
Parag Parikh Flexi Cap Fund - Direct Growth,29-05-2024,78.38170
Parag Parikh Flexi Cap Fund - Direct Growth,28-05-2024,78.65720
Parag Parikh Flexi Cap Fund - Direct Growth,27-05-2024,78.93290
Parag Parikh Flexi Cap Fund - Direct Growth,24-05-2024,78.97490
Parag Parikh Flexi Cap Fund - Direct Growth,23-05-2024,78.90770
Parag Parikh Flexi Cap Fund - Direct Growth,22-05-2024,78.60820
Parag Parikh Flexi Cap Fund - Direct Growth,21-05-2024,78.58870
Parag Parikh Flexi Cap Fund - Direct Growth,17-05-2024,78.11730
Parag Parikh Flexi Cap Fund - Direct Growth,16-05-2024,77.82700
Parag Parikh Flexi Cap Fund - Direct Growth,15-05-2024,77.69770
Parag Parikh Flexi Cap Fund - Direct Growth,14-05-2024,77.27810
Parag Parikh Flexi Cap Fund - Direct Growth,13-05-2024,76.99650
Parag Parikh Flexi Cap Fund - Direct Growth,10-05-2024,76.80000
Parag Parikh Flexi Cap Fund - Direct Growth,09-05-2024,76.41330
Parag Parikh Flexi Cap Fund - Direct Growth,08-05-2024,77.44990
Parag Parikh Flexi Cap Fund - Direct Growth,07-05-2024,77.25930
Parag Parikh Flexi Cap Fund - Direct Growth,06-05-2024,77.76230
Parag Parikh Flexi Cap Fund - Direct Growth,03-05-2024,77.65790
Parag Parikh Flexi Cap Fund - Direct Growth,02-05-2024,77.53630
Parag Parikh Flexi Cap Fund - Direct Growth,30-04-2024,76.96420
Parag Parikh Flexi Cap Fund - Direct Growth,29-04-2024,77.31080
Parag Parikh Flexi Cap Fund - Direct Growth,26-04-2024,77.41820
Parag Parikh Flexi Cap Fund - Direct Growth,25-04-2024,76.98900
Parag Parikh Flexi Cap Fund - Direct Growth,24-04-2024,76.86510
Parag Parikh Flexi Cap Fund - Direct Growth,23-04-2024,76.58850
Parag Parikh Flexi Cap Fund - Direct Growth,22-04-2024,76.06420
Parag Parikh Flexi Cap Fund - Direct Growth,19-04-2024,75.40040
Parag Parikh Flexi Cap Fund - Direct Growth,18-04-2024,75.32900
Parag Parikh Flexi Cap Fund - Direct Growth,16-04-2024,75.79070
Parag Parikh Flexi Cap Fund - Direct Growth,15-04-2024,75.83010
Parag Parikh Flexi Cap Fund - Direct Growth,12-04-2024,76.70690
Parag Parikh Flexi Cap Fund - Direct Growth,10-04-2024,77.24770
Parag Parikh Flexi Cap Fund - Direct Growth,09-04-2024,76.97610
Parag Parikh Flexi Cap Fund - Direct Growth,08-04-2024,76.72860
Parag Parikh Flexi Cap Fund - Direct Growth,05-04-2024,76.32820
Parag Parikh Flexi Cap Fund - Direct Growth,04-04-2024,75.78660
Parag Parikh Flexi Cap Fund - Direct Growth,03-04-2024,75.74760
Parag Parikh Flexi Cap Fund - Direct Growth,02-04-2024,75.66720
Parag Parikh Flexi Cap Fund - Direct Growth,01-04-2024,75.73310
Parag Parikh Flexi Cap Fund - Direct Growth,31-03-2024,74.86850
Parag Parikh Flexi Cap Fund - Direct Growth,28-03-2024,74.86590
Parag Parikh Flexi Cap Fund - Direct Growth,27-03-2024,74.46170
Parag Parikh Flexi Cap Fund - Direct Growth,26-03-2024,74.59430
Parag Parikh Flexi Cap Fund - Direct Growth,22-03-2024,74.89840
Parag Parikh Flexi Cap Fund - Direct Growth,21-03-2024,74.47380
Parag Parikh Flexi Cap Fund - Direct Growth,20-03-2024,73.79000
Parag Parikh Flexi Cap Fund - Direct Growth,19-03-2024,73.45260
Parag Parikh Flexi Cap Fund - Direct Growth,18-03-2024,73.84820
Parag Parikh Flexi Cap Fund - Direct Growth,15-03-2024,73.60880
Parag Parikh Flexi Cap Fund - Direct Growth,14-03-2024,74.08990
Parag Parikh Flexi Cap Fund - Direct Growth,13-03-2024,73.64810
Parag Parikh Flexi Cap Fund - Direct Growth,12-03-2024,74.84380
Parag Parikh Flexi Cap Fund - Direct Growth,11-03-2024,74.63670
Parag Parikh Flexi Cap Fund - Direct Growth,07-03-2024,75.46660
Parag Parikh Flexi Cap Fund - Direct Growth,06-03-2024,75.32570
Parag Parikh Flexi Cap Fund - Direct Growth,05-03-2024,75.28900
Parag Parikh Flexi Cap Fund - Direct Growth,04-03-2024,75.64580
Parag Parikh Flexi Cap Fund - Direct Growth,01-03-2024,75.43100
Parag Parikh Flexi Cap Fund - Direct Growth,29-02-2024,74.79010
Parag Parikh Flexi Cap Fund - Direct Growth,28-02-2024,74.13580
Parag Parikh Flexi Cap Fund - Direct Growth,27-02-2024,75.03180
Parag Parikh Flexi Cap Fund - Direct Growth,26-02-2024,74.86840
Parag Parikh Flexi Cap Fund - Direct Growth,23-02-2024,75.12580
Parag Parikh Flexi Cap Fund - Direct Growth,22-02-2024,75.14180
Parag Parikh Flexi Cap Fund - Direct Growth,21-02-2024,74.39690
Parag Parikh Flexi Cap Fund - Direct Growth,20-02-2024,75.02430
Parag Parikh Flexi Cap Fund - Direct Growth,19-02-2024,74.85440
Parag Parikh Flexi Cap Fund - Direct Growth,16-02-2024,74.80050
Parag Parikh Flexi Cap Fund - Direct Growth,15-02-2024,74.71370
Parag Parikh Flexi Cap Fund - Direct Growth,14-02-2024,74.36500
Parag Parikh Flexi Cap Fund - Direct Growth,13-02-2024,73.75020
Parag Parikh Flexi Cap Fund - Direct Growth,12-02-2024,73.47450
Parag Parikh Flexi Cap Fund - Direct Growth,09-02-2024,74.27990
Parag Parikh Flexi Cap Fund - Direct Growth,08-02-2024,74.19610
Parag Parikh Flexi Cap Fund - Direct Growth,07-02-2024,74.32940
Parag Parikh Flexi Cap Fund - Direct Growth,06-02-2024,74.08250
Parag Parikh Flexi Cap Fund - Direct Growth,05-02-2024,73.69520
Parag Parikh Flexi Cap Fund - Direct Growth,02-02-2024,73.75640
Parag Parikh Flexi Cap Fund - Direct Growth,01-02-2024,72.53460
Parag Parikh Flexi Cap Fund - Direct Growth,31-01-2024,71.97460
Parag Parikh Flexi Cap Fund - Direct Growth,30-01-2024,71.71060
Parag Parikh Flexi Cap Fund - Direct Growth,29-01-2024,72.17040
Parag Parikh Flexi Cap Fund - Direct Growth,25-01-2024,71.20650
Parag Parikh Flexi Cap Fund - Direct Growth,24-01-2024,71.39100
Parag Parikh Flexi Cap Fund - Direct Growth,23-01-2024,70.46620
Parag Parikh Flexi Cap Fund - Direct Growth,19-01-2024,71.31500
Parag Parikh Flexi Cap Fund - Direct Growth,18-01-2024,70.34660
Parag Parikh Flexi Cap Fund - Direct Growth,17-01-2024,70.52890
Parag Parikh Flexi Cap Fund - Direct Growth,16-01-2024,71.62190
Parag Parikh Flexi Cap Fund - Direct Growth,15-01-2024,71.85770
Parag Parikh Flexi Cap Fund - Direct Growth,12-01-2024,71.27890
Parag Parikh Flexi Cap Fund - Direct Growth,11-01-2024,71.03660
Parag Parikh Flexi Cap Fund - Direct Growth,10-01-2024,70.78910
Parag Parikh Flexi Cap Fund - Direct Growth,09-01-2024,70.55270
Parag Parikh Flexi Cap Fund - Direct Growth,08-01-2024,70.34160
Parag Parikh Flexi Cap Fund - Direct Growth,05-01-2024,70.49030
Parag Parikh Flexi Cap Fund - Direct Growth,04-01-2024,70.45730
Parag Parikh Flexi Cap Fund - Direct Growth,03-01-2024,70.22620
Parag Parikh Flexi Cap Fund - Direct Growth,02-01-2024,70.32780
Parag Parikh Flexi Cap Fund - Direct Growth,01-01-2024,70.46210
Parag Parikh Flexi Cap Fund - Direct Growth,29-12-2023,70.24350
Parag Parikh Flexi Cap Fund - Direct Growth,28-12-2023,70.35240
Parag Parikh Flexi Cap Fund - Direct Growth,27-12-2023,70.04970
Parag Parikh Flexi Cap Fund - Direct Growth,26-12-2023,69.83540
Parag Parikh Flexi Cap Fund - Direct Growth,22-12-2023,69.60490
Parag Parikh Flexi Cap Fund - Direct Growth,21-12-2023,69.27750
Parag Parikh Flexi Cap Fund - Direct Growth,19-12-2023,69.84390
Parag Parikh Flexi Cap Fund - Direct Growth,18-12-2023,69.61420
Parag Parikh Flexi Cap Fund - Direct Growth,15-12-2023,69.58620
Parag Parikh Flexi Cap Fund - Direct Growth,14-12-2023,69.44220
Parag Parikh Flexi Cap Fund - Direct Growth,13-12-2023,69.14750
Parag Parikh Flexi Cap Fund - Direct Growth,12-12-2023,68.71560
Parag Parikh Flexi Cap Fund - Direct Growth,11-12-2023,68.77820
Parag Parikh Flexi Cap Fund - Direct Growth,08-12-2023,68.95470
Parag Parikh Flexi Cap Fund - Direct Growth,07-12-2023,68.99120
Parag Parikh Flexi Cap Fund - Direct Growth,06-12-2023,68.38870
Parag Parikh Flexi Cap Fund - Direct Growth,05-12-2023,68.32370
Parag Parikh Flexi Cap Fund - Direct Growth,04-12-2023,67.98110
Parag Parikh Flexi Cap Fund - Direct Growth,01-12-2023,67.17930
Parag Parikh Flexi Cap Fund - Direct Growth,30-11-2023,67.00670
Parag Parikh Flexi Cap Fund - Direct Growth,29-11-2023,66.95160
Parag Parikh Flexi Cap Fund - Direct Growth,28-11-2023,66.65120
Parag Parikh Flexi Cap Fund - Direct Growth,24-11-2023,66.35220
Parag Parikh Flexi Cap Fund - Direct Growth,23-11-2023,66.36220
Parag Parikh Flexi Cap Fund - Direct Growth,22-11-2023,66.23820
Parag Parikh Flexi Cap Fund - Direct Growth,21-11-2023,66.07040
Parag Parikh Flexi Cap Fund - Direct Growth,20-11-2023,66.01210
Parag Parikh Flexi Cap Fund - Direct Growth,17-11-2023,66.02470
Parag Parikh Flexi Cap Fund - Direct Growth,16-11-2023,66.07790
Parag Parikh Flexi Cap Fund - Direct Growth,15-11-2023,65.93720
Parag Parikh Flexi Cap Fund - Direct Growth,13-11-2023,65.38700
Parag Parikh Flexi Cap Fund - Direct Growth,10-11-2023,64.90270
Parag Parikh Flexi Cap Fund - Direct Growth,09-11-2023,64.44160
Parag Parikh Flexi Cap Fund - Direct Growth,08-11-2023,64.48660
Parag Parikh Flexi Cap Fund - Direct Growth,07-11-2023,64.28610
Parag Parikh Flexi Cap Fund - Direct Growth,06-11-2023,64.04030
Parag Parikh Flexi Cap Fund - Direct Growth,03-11-2023,63.51110
Parag Parikh Flexi Cap Fund - Direct Growth,02-11-2023,63.09590
Parag Parikh Flexi Cap Fund - Direct Growth,01-11-2023,62.71920
Parag Parikh Flexi Cap Fund - Direct Growth,31-10-2023,62.80720
Parag Parikh Flexi Cap Fund - Direct Growth,30-10-2023,62.71320
Parag Parikh Flexi Cap Fund - Direct Growth,27-10-2023,62.36080
Parag Parikh Flexi Cap Fund - Direct Growth,26-10-2023,61.56270
Parag Parikh Flexi Cap Fund - Direct Growth,25-10-2023,62.26230
Parag Parikh Flexi Cap Fund - Direct Growth,23-10-2023,62.82660
Parag Parikh Flexi Cap Fund - Direct Growth,20-10-2023,63.29210
Parag Parikh Flexi Cap Fund - Direct Growth,19-10-2023,63.65540
Parag Parikh Flexi Cap Fund - Direct Growth,18-10-2023,63.80140
Parag Parikh Flexi Cap Fund - Direct Growth,17-10-2023,64.20790
Parag Parikh Flexi Cap Fund - Direct Growth,16-10-2023,63.89780
Parag Parikh Flexi Cap Fund - Direct Growth,13-10-2023,63.52640
Parag Parikh Flexi Cap Fund - Direct Growth,12-10-2023,63.69460
Parag Parikh Flexi Cap Fund - Direct Growth,11-10-2023,63.52840
Parag Parikh Flexi Cap Fund - Direct Growth,10-10-2023,63.17180
Parag Parikh Flexi Cap Fund - Direct Growth,09-10-2023,62.59670
Parag Parikh Flexi Cap Fund - Direct Growth,06-10-2023,62.74560
Parag Parikh Flexi Cap Fund - Direct Growth,05-10-2023,62.25620
Parag Parikh Flexi Cap Fund - Direct Growth,04-10-2023,62.17340
Parag Parikh Flexi Cap Fund - Direct Growth,03-10-2023,62.49440
Parag Parikh Flexi Cap Fund - Direct Growth,29-09-2023,62.84020
Parag Parikh Flexi Cap Fund - Direct Growth,27-09-2023,62.76580
Parag Parikh Flexi Cap Fund - Direct Growth,26-09-2023,62.51580
Parag Parikh Flexi Cap Fund - Direct Growth,25-09-2023,62.73590
Parag Parikh Flexi Cap Fund - Direct Growth,22-09-2023,62.59020
Parag Parikh Flexi Cap Fund - Direct Growth,21-09-2023,62.73080
Parag Parikh Flexi Cap Fund - Direct Growth,20-09-2023,63.33390
Parag Parikh Flexi Cap Fund - Direct Growth,18-09-2023,63.87680
Parag Parikh Flexi Cap Fund - Direct Growth,15-09-2023,63.78660
Parag Parikh Flexi Cap Fund - Direct Growth,14-09-2023,63.85450
Parag Parikh Flexi Cap Fund - Direct Growth,13-09-2023,63.58770
Parag Parikh Flexi Cap Fund - Direct Growth,12-09-2023,63.20950
Parag Parikh Flexi Cap Fund - Direct Growth,11-09-2023,63.76310
Parag Parikh Flexi Cap Fund - Direct Growth,08-09-2023,63.08840
Parag Parikh Flexi Cap Fund - Direct Growth,07-09-2023,62.81530
Parag Parikh Flexi Cap Fund - Direct Growth,06-09-2023,62.37220
Parag Parikh Flexi Cap Fund - Direct Growth,05-09-2023,62.43030
Parag Parikh Flexi Cap Fund - Direct Growth,04-09-2023,62.17170
Parag Parikh Flexi Cap Fund - Direct Growth,01-09-2023,61.81750
Parag Parikh Flexi Cap Fund - Direct Growth,31-08-2023,61.32310
Parag Parikh Flexi Cap Fund - Direct Growth,30-08-2023,61.24530
Parag Parikh Flexi Cap Fund - Direct Growth,29-08-2023,61.15170
Parag Parikh Flexi Cap Fund - Direct Growth,28-08-2023,60.82430
Parag Parikh Flexi Cap Fund - Direct Growth,25-08-2023,60.50960
Parag Parikh Flexi Cap Fund - Direct Growth,24-08-2023,60.75030
Parag Parikh Flexi Cap Fund - Direct Growth,23-08-2023,61.07000
Parag Parikh Flexi Cap Fund - Direct Growth,22-08-2023,60.70550
Parag Parikh Flexi Cap Fund - Direct Growth,21-08-2023,60.57810
Parag Parikh Flexi Cap Fund - Direct Growth,18-08-2023,60.07750
Parag Parikh Flexi Cap Fund - Direct Growth,17-08-2023,60.37750
Parag Parikh Flexi Cap Fund - Direct Growth,16-08-2023,60.85300
Parag Parikh Flexi Cap Fund - Direct Growth,14-08-2023,61.01840
Parag Parikh Flexi Cap Fund - Direct Growth,11-08-2023,60.82130
Parag Parikh Flexi Cap Fund - Direct Growth,10-08-2023,60.95620
Parag Parikh Flexi Cap Fund - Direct Growth,09-08-2023,61.15790
Parag Parikh Flexi Cap Fund - Direct Growth,08-08-2023,61.18770
Parag Parikh Flexi Cap Fund - Direct Growth,07-08-2023,61.35070
Parag Parikh Flexi Cap Fund - Direct Growth,04-08-2023,61.06880
Parag Parikh Flexi Cap Fund - Direct Growth,03-08-2023,60.64900
Parag Parikh Flexi Cap Fund - Direct Growth,02-08-2023,60.86340
Parag Parikh Flexi Cap Fund - Direct Growth,01-08-2023,61.59980
Parag Parikh Flexi Cap Fund - Direct Growth,31-07-2023,61.60340
Parag Parikh Flexi Cap Fund - Direct Growth,28-07-2023,61.31750
Parag Parikh Flexi Cap Fund - Direct Growth,27-07-2023,60.99910
Parag Parikh Flexi Cap Fund - Direct Growth,26-07-2023,61.03110
Parag Parikh Flexi Cap Fund - Direct Growth,25-07-2023,60.74600
Parag Parikh Flexi Cap Fund - Direct Growth,24-07-2023,60.53480
Parag Parikh Flexi Cap Fund - Direct Growth,21-07-2023,60.64820
Parag Parikh Flexi Cap Fund - Direct Growth,20-07-2023,61.05910
Parag Parikh Flexi Cap Fund - Direct Growth,19-07-2023,61.07340
Parag Parikh Flexi Cap Fund - Direct Growth,18-07-2023,60.85710
Parag Parikh Flexi Cap Fund - Direct Growth,17-07-2023,60.81530
Parag Parikh Flexi Cap Fund - Direct Growth,14-07-2023,60.63560
Parag Parikh Flexi Cap Fund - Direct Growth,13-07-2023,60.33600
Parag Parikh Flexi Cap Fund - Direct Growth,12-07-2023,60.15770
Parag Parikh Flexi Cap Fund - Direct Growth,11-07-2023,59.86090
Parag Parikh Flexi Cap Fund - Direct Growth,10-07-2023,59.67660
Parag Parikh Flexi Cap Fund - Direct Growth,07-07-2023,60.06040
Parag Parikh Flexi Cap Fund - Direct Growth,06-07-2023,60.50290
Parag Parikh Flexi Cap Fund - Direct Growth,05-07-2023,60.36830
Parag Parikh Flexi Cap Fund - Direct Growth,04-07-2023,60.01670
Parag Parikh Flexi Cap Fund - Direct Growth,03-07-2023,59.92380
Parag Parikh Flexi Cap Fund - Direct Growth,30-06-2023,59.63200
Parag Parikh Flexi Cap Fund - Direct Growth,28-06-2023,59.28790
Parag Parikh Flexi Cap Fund - Direct Growth,27-06-2023,58.85690
Parag Parikh Flexi Cap Fund - Direct Growth,26-06-2023,58.95820
Parag Parikh Flexi Cap Fund - Direct Growth,23-06-2023,58.79260
Parag Parikh Flexi Cap Fund - Direct Growth,22-06-2023,58.75280
Parag Parikh Flexi Cap Fund - Direct Growth,21-06-2023,59.09440
Parag Parikh Flexi Cap Fund - Direct Growth,20-06-2023,58.99700
Parag Parikh Flexi Cap Fund - Direct Growth,19-06-2023,58.77290
Parag Parikh Flexi Cap Fund - Direct Growth,16-06-2023,59.00570
Parag Parikh Flexi Cap Fund - Direct Growth,15-06-2023,58.61310
Parag Parikh Flexi Cap Fund - Direct Growth,14-06-2023,58.58090
Parag Parikh Flexi Cap Fund - Direct Growth,13-06-2023,58.51350
Parag Parikh Flexi Cap Fund - Direct Growth,12-06-2023,58.01310
Parag Parikh Flexi Cap Fund - Direct Growth,09-06-2023,57.95110
Parag Parikh Flexi Cap Fund - Direct Growth,08-06-2023,58.09730
Parag Parikh Flexi Cap Fund - Direct Growth,07-06-2023,58.73930
Parag Parikh Flexi Cap Fund - Direct Growth,06-06-2023,58.51540
Parag Parikh Flexi Cap Fund - Direct Growth,05-06-2023,58.41470
Parag Parikh Flexi Cap Fund - Direct Growth,02-06-2023,58.26260
Parag Parikh Flexi Cap Fund - Direct Growth,01-06-2023,57.97770
Parag Parikh Flexi Cap Fund - Direct Growth,31-05-2023,58.33620
Parag Parikh Flexi Cap Fund - Direct Growth,30-05-2023,58.40300
Parag Parikh Flexi Cap Fund - Direct Growth,29-05-2023,58.31590
Parag Parikh Flexi Cap Fund - Direct Growth,26-05-2023,57.87750
Parag Parikh Flexi Cap Fund - Direct Growth,25-05-2023,57.36940
Parag Parikh Flexi Cap Fund - Direct Growth,24-05-2023,57.28930
Parag Parikh Flexi Cap Fund - Direct Growth,23-05-2023,57.26950
Parag Parikh Flexi Cap Fund - Direct Growth,22-05-2023,56.97160
Parag Parikh Flexi Cap Fund - Direct Growth,19-05-2023,56.77870
Parag Parikh Flexi Cap Fund - Direct Growth,18-05-2023,56.54730
Parag Parikh Flexi Cap Fund - Direct Growth,17-05-2023,56.60160
Parag Parikh Flexi Cap Fund - Direct Growth,16-05-2023,56.66060
Parag Parikh Flexi Cap Fund - Direct Growth,15-05-2023,56.75430
Parag Parikh Flexi Cap Fund - Direct Growth,12-05-2023,56.77390
Parag Parikh Flexi Cap Fund - Direct Growth,11-05-2023,56.68830
Parag Parikh Flexi Cap Fund - Direct Growth,10-05-2023,56.39030
Parag Parikh Flexi Cap Fund - Direct Growth,09-05-2023,56.28130
Parag Parikh Flexi Cap Fund - Direct Growth,08-05-2023,56.17440
Parag Parikh Flexi Cap Fund - Direct Growth,05-05-2023,55.81600
Parag Parikh Flexi Cap Fund - Direct Growth,04-05-2023,56.09050
Parag Parikh Flexi Cap Fund - Direct Growth,03-05-2023,55.99650
Parag Parikh Flexi Cap Fund - Direct Growth,02-05-2023,56.04650
Parag Parikh Flexi Cap Fund - Direct Growth,28-04-2023,55.99380
Parag Parikh Flexi Cap Fund - Direct Growth,27-04-2023,55.20390
Parag Parikh Flexi Cap Fund - Direct Growth,26-04-2023,54.77230
Parag Parikh Flexi Cap Fund - Direct Growth,25-04-2023,54.87650
Parag Parikh Flexi Cap Fund - Direct Growth,24-04-2023,54.95570
Parag Parikh Flexi Cap Fund - Direct Growth,21-04-2023,54.65100
Parag Parikh Flexi Cap Fund - Direct Growth,20-04-2023,54.58130
Parag Parikh Flexi Cap Fund - Direct Growth,19-04-2023,54.52540
Parag Parikh Flexi Cap Fund - Direct Growth,18-04-2023,54.67570
Parag Parikh Flexi Cap Fund - Direct Growth,17-04-2023,54.60340
Parag Parikh Flexi Cap Fund - Direct Growth,13-04-2023,54.26110
Parag Parikh Flexi Cap Fund - Direct Growth,12-04-2023,54.35660
Parag Parikh Flexi Cap Fund - Direct Growth,11-04-2023,54.37470
Parag Parikh Flexi Cap Fund - Direct Growth,10-04-2023,54.16780
Parag Parikh Flexi Cap Fund - Direct Growth,06-04-2023,53.81420
Parag Parikh Flexi Cap Fund - Direct Growth,05-04-2023,53.79600
Parag Parikh Flexi Cap Fund - Direct Growth,03-04-2023,53.40350
Parag Parikh Flexi Cap Fund - Direct Growth,31-03-2023,53.04850
Parag Parikh Flexi Cap Fund - Direct Growth,29-03-2023,52.36950
Parag Parikh Flexi Cap Fund - Direct Growth,28-03-2023,52.24850
Parag Parikh Flexi Cap Fund - Direct Growth,27-03-2023,52.43530
Parag Parikh Flexi Cap Fund - Direct Growth,24-03-2023,52.55010
Parag Parikh Flexi Cap Fund - Direct Growth,23-03-2023,52.68590
Parag Parikh Flexi Cap Fund - Direct Growth,22-03-2023,52.91870
Parag Parikh Flexi Cap Fund - Direct Growth,21-03-2023,52.68370
Parag Parikh Flexi Cap Fund - Direct Growth,20-03-2023,52.60680
Parag Parikh Flexi Cap Fund - Direct Growth,17-03-2023,52.81020
Parag Parikh Flexi Cap Fund - Direct Growth,16-03-2023,52.43700
Parag Parikh Flexi Cap Fund - Direct Growth,15-03-2023,52.16620
Parag Parikh Flexi Cap Fund - Direct Growth,14-03-2023,51.95710
Parag Parikh Flexi Cap Fund - Direct Growth,13-03-2023,51.89890
Parag Parikh Flexi Cap Fund - Direct Growth,10-03-2023,52.53080
Parag Parikh Flexi Cap Fund - Direct Growth,09-03-2023,52.92410
Parag Parikh Flexi Cap Fund - Direct Growth,08-03-2023,53.18100
Parag Parikh Flexi Cap Fund - Direct Growth,06-03-2023,53.12540
Parag Parikh Flexi Cap Fund - Direct Growth,03-03-2023,52.52750
Parag Parikh Flexi Cap Fund - Direct Growth,02-03-2023,52.18870
Parag Parikh Flexi Cap Fund - Direct Growth,01-03-2023,52.31980
Parag Parikh Flexi Cap Fund - Direct Growth,28-02-2023,51.98260
Parag Parikh Flexi Cap Fund - Direct Growth,27-02-2023,51.94710
Parag Parikh Flexi Cap Fund - Direct Growth,24-02-2023,52.12520
Parag Parikh Flexi Cap Fund - Direct Growth,23-02-2023,52.07870
Parag Parikh Flexi Cap Fund - Direct Growth,22-02-2023,52.06660
Parag Parikh Flexi Cap Fund - Direct Growth,21-02-2023,52.55440
Parag Parikh Flexi Cap Fund - Direct Growth,20-02-2023,52.56650
Parag Parikh Flexi Cap Fund - Direct Growth,17-02-2023,52.71280
Parag Parikh Flexi Cap Fund - Direct Growth,16-02-2023,53.00120
Parag Parikh Flexi Cap Fund - Direct Growth,15-02-2023,52.87940
Parag Parikh Flexi Cap Fund - Direct Growth,14-02-2023,52.82270
Parag Parikh Flexi Cap Fund - Direct Growth,13-02-2023,52.47510
Parag Parikh Flexi Cap Fund - Direct Growth,10-02-2023,52.67820
Parag Parikh Flexi Cap Fund - Direct Growth,09-02-2023,52.98480
Parag Parikh Flexi Cap Fund - Direct Growth,08-02-2023,53.46660
Parag Parikh Flexi Cap Fund - Direct Growth,07-02-2023,53.06580
Parag Parikh Flexi Cap Fund - Direct Growth,06-02-2023,53.28210
Parag Parikh Flexi Cap Fund - Direct Growth,03-02-2023,53.60780
Parag Parikh Flexi Cap Fund - Direct Growth,02-02-2023,52.58690
Parag Parikh Flexi Cap Fund - Direct Growth,01-02-2023,52.32410
Parag Parikh Flexi Cap Fund - Direct Growth,31-01-2023,51.96900
Parag Parikh Flexi Cap Fund - Direct Growth,30-01-2023,52.03710
Parag Parikh Flexi Cap Fund - Direct Growth,27-01-2023,51.85600
Parag Parikh Flexi Cap Fund - Direct Growth,25-01-2023,51.96640
Parag Parikh Flexi Cap Fund - Direct Growth,24-01-2023,52.54740
Parag Parikh Flexi Cap Fund - Direct Growth,23-01-2023,52.42710
Parag Parikh Flexi Cap Fund - Direct Growth,20-01-2023,51.73100
Parag Parikh Flexi Cap Fund - Direct Growth,19-01-2023,51.75150
Parag Parikh Flexi Cap Fund - Direct Growth,18-01-2023,51.75000
Parag Parikh Flexi Cap Fund - Direct Growth,17-01-2023,51.63380
Parag Parikh Flexi Cap Fund - Direct Growth,16-01-2023,51.53130
Parag Parikh Flexi Cap Fund - Direct Growth,13-01-2023,51.62120
Parag Parikh Flexi Cap Fund - Direct Growth,12-01-2023,51.32460
Parag Parikh Flexi Cap Fund - Direct Growth,11-01-2023,50.98370
Parag Parikh Flexi Cap Fund - Direct Growth,10-01-2023,50.97720
Parag Parikh Flexi Cap Fund - Direct Growth,09-01-2023,51.07890
Parag Parikh Flexi Cap Fund - Direct Growth,06-01-2023,50.50320
Parag Parikh Flexi Cap Fund - Direct Growth,05-01-2023,50.91900
Parag Parikh Flexi Cap Fund - Direct Growth,04-01-2023,51.03100
Parag Parikh Flexi Cap Fund - Direct Growth,03-01-2023,51.22590
Parag Parikh Flexi Cap Fund - Direct Growth,02-01-2023,51.08820
Parag Parikh Flexi Cap Fund - Direct Growth,30-12-2022,51.03280
Parag Parikh Flexi Cap Fund - Direct Growth,29-12-2022,51.01170
Parag Parikh Flexi Cap Fund - Direct Growth,28-12-2022,51.00600
Parag Parikh Flexi Cap Fund - Direct Growth,27-12-2022,51.10040
Parag Parikh Flexi Cap Fund - Direct Growth,26-12-2022,50.95550
Parag Parikh Flexi Cap Fund - Direct Growth,23-12-2022,50.36580
Parag Parikh Flexi Cap Fund - Direct Growth,22-12-2022,51.40780
Parag Parikh Flexi Cap Fund - Direct Growth,21-12-2022,51.55140
Parag Parikh Flexi Cap Fund - Direct Growth,20-12-2022,51.82580
Parag Parikh Flexi Cap Fund - Direct Growth,19-12-2022,52.04020
Parag Parikh Flexi Cap Fund - Direct Growth,16-12-2022,51.72980
Parag Parikh Flexi Cap Fund - Direct Growth,15-12-2022,52.37370
Parag Parikh Flexi Cap Fund - Direct Growth,14-12-2022,52.74280
Parag Parikh Flexi Cap Fund - Direct Growth,13-12-2022,52.40480
Parag Parikh Flexi Cap Fund - Direct Growth,12-12-2022,52.07960
Parag Parikh Flexi Cap Fund - Direct Growth,09-12-2022,52.04620
Parag Parikh Flexi Cap Fund - Direct Growth,08-12-2022,52.24390
Parag Parikh Flexi Cap Fund - Direct Growth,07-12-2022,52.23600
Parag Parikh Flexi Cap Fund - Direct Growth,06-12-2022,52.63230
Parag Parikh Flexi Cap Fund - Direct Growth,05-12-2022,52.88840
Parag Parikh Flexi Cap Fund - Direct Growth,02-12-2022,52.88160
Parag Parikh Flexi Cap Fund - Direct Growth,01-12-2022,53.00010
Parag Parikh Flexi Cap Fund - Direct Growth,30-11-2022,52.51660
Parag Parikh Flexi Cap Fund - Direct Growth,29-11-2022,52.27310
Parag Parikh Flexi Cap Fund - Direct Growth,28-11-2022,52.50760
Parag Parikh Flexi Cap Fund - Direct Growth,25-11-2022,52.51930
Parag Parikh Flexi Cap Fund - Direct Growth,24-11-2022,52.49770
Parag Parikh Flexi Cap Fund - Direct Growth,23-11-2022,52.05400
Parag Parikh Flexi Cap Fund - Direct Growth,22-11-2022,51.99440
Parag Parikh Flexi Cap Fund - Direct Growth,21-11-2022,52.02080
Parag Parikh Flexi Cap Fund - Direct Growth,18-11-2022,52.15840
Parag Parikh Flexi Cap Fund - Direct Growth,17-11-2022,52.33560
Parag Parikh Flexi Cap Fund - Direct Growth,16-11-2022,52.53020
Parag Parikh Flexi Cap Fund - Direct Growth,15-11-2022,52.38470
Parag Parikh Flexi Cap Fund - Direct Growth,14-11-2022,52.34230
Parag Parikh Flexi Cap Fund - Direct Growth,11-11-2022,52.25510
Parag Parikh Flexi Cap Fund - Direct Growth,10-11-2022,51.28770
Parag Parikh Flexi Cap Fund - Direct Growth,09-11-2022,51.72790
Parag Parikh Flexi Cap Fund - Direct Growth,07-11-2022,51.45190
Parag Parikh Flexi Cap Fund - Direct Growth,04-11-2022,50.96810
Parag Parikh Flexi Cap Fund - Direct Growth,03-11-2022,51.31250
Parag Parikh Flexi Cap Fund - Direct Growth,02-11-2022,51.70540
Parag Parikh Flexi Cap Fund - Direct Growth,01-11-2022,51.98490
Parag Parikh Flexi Cap Fund - Direct Growth,31-10-2022,51.94640
Parag Parikh Flexi Cap Fund - Direct Growth,28-10-2022,51.52160
Parag Parikh Flexi Cap Fund - Direct Growth,27-10-2022,52.11070
Parag Parikh Flexi Cap Fund - Direct Growth,25-10-2022,52.25180
Parag Parikh Flexi Cap Fund - Direct Growth,21-10-2022,51.57480
Parag Parikh Flexi Cap Fund - Direct Growth,20-10-2022,51.48430
Parag Parikh Flexi Cap Fund - Direct Growth,19-10-2022,51.57910
Parag Parikh Flexi Cap Fund - Direct Growth,18-10-2022,51.32180
Parag Parikh Flexi Cap Fund - Direct Growth,17-10-2022,50.64260
Parag Parikh Flexi Cap Fund - Direct Growth,14-10-2022,50.79860
Parag Parikh Flexi Cap Fund - Direct Growth,13-10-2022,50.40820
Parag Parikh Flexi Cap Fund - Direct Growth,12-10-2022,50.46950
Parag Parikh Flexi Cap Fund - Direct Growth,11-10-2022,50.24490
Parag Parikh Flexi Cap Fund - Direct Growth,10-10-2022,50.69060
Parag Parikh Flexi Cap Fund - Direct Growth,07-10-2022,51.27640
Parag Parikh Flexi Cap Fund - Direct Growth,06-10-2022,51.21320
Parag Parikh Flexi Cap Fund - Direct Growth,04-10-2022,50.57570
Parag Parikh Flexi Cap Fund - Direct Growth,03-10-2022,49.68320
Parag Parikh Flexi Cap Fund - Direct Growth,30-09-2022,49.89200
Parag Parikh Flexi Cap Fund - Direct Growth,29-09-2022,49.73310
Parag Parikh Flexi Cap Fund - Direct Growth,28-09-2022,49.56710
Parag Parikh Flexi Cap Fund - Direct Growth,27-09-2022,49.98320
Parag Parikh Flexi Cap Fund - Direct Growth,26-09-2022,50.14780
Parag Parikh Flexi Cap Fund - Direct Growth,23-09-2022,50.99600
Parag Parikh Flexi Cap Fund - Direct Growth,22-09-2022,51.60290
Parag Parikh Flexi Cap Fund - Direct Growth,21-09-2022,51.99060
Parag Parikh Flexi Cap Fund - Direct Growth,20-09-2022,52.30800
Parag Parikh Flexi Cap Fund - Direct Growth,19-09-2022,51.74730
Parag Parikh Flexi Cap Fund - Direct Growth,16-09-2022,51.71460
Parag Parikh Flexi Cap Fund - Direct Growth,15-09-2022,52.70590
Parag Parikh Flexi Cap Fund - Direct Growth,14-09-2022,52.79110
Parag Parikh Flexi Cap Fund - Direct Growth,13-09-2022,53.14330
Parag Parikh Flexi Cap Fund - Direct Growth,12-09-2022,52.82580
Parag Parikh Flexi Cap Fund - Direct Growth,09-09-2022,52.46910
Parag Parikh Flexi Cap Fund - Direct Growth,08-09-2022,52.26870
Parag Parikh Flexi Cap Fund - Direct Growth,07-09-2022,51.37700
Parag Parikh Flexi Cap Fund - Direct Growth,06-09-2022,51.46460
Parag Parikh Flexi Cap Fund - Direct Growth,05-09-2022,51.33480
Parag Parikh Flexi Cap Fund - Direct Growth,02-09-2022,51.16220
Parag Parikh Flexi Cap Fund - Direct Growth,01-09-2022,51.13090
Parag Parikh Flexi Cap Fund - Direct Growth,30-08-2022,51.32630
Parag Parikh Flexi Cap Fund - Direct Growth,29-08-2022,50.71450
Parag Parikh Flexi Cap Fund - Direct Growth,26-08-2022,51.55540
Parag Parikh Flexi Cap Fund - Direct Growth,25-08-2022,51.22920
Parag Parikh Flexi Cap Fund - Direct Growth,24-08-2022,51.36880
Parag Parikh Flexi Cap Fund - Direct Growth,23-08-2022,51.30010
Parag Parikh Flexi Cap Fund - Direct Growth,22-08-2022,51.43800
Parag Parikh Flexi Cap Fund - Direct Growth,19-08-2022,52.20120
Parag Parikh Flexi Cap Fund - Direct Growth,18-08-2022,52.61260
Parag Parikh Flexi Cap Fund - Direct Growth,17-08-2022,52.71120
Parag Parikh Flexi Cap Fund - Direct Growth,16-08-2022,52.36800
Parag Parikh Flexi Cap Fund - Direct Growth,12-08-2022,51.86440
Parag Parikh Flexi Cap Fund - Direct Growth,11-08-2022,51.81960
Parag Parikh Flexi Cap Fund - Direct Growth,10-08-2022,51.21620
Parag Parikh Flexi Cap Fund - Direct Growth,08-08-2022,51.20290
Parag Parikh Flexi Cap Fund - Direct Growth,05-08-2022,50.99080
Parag Parikh Flexi Cap Fund - Direct Growth,04-08-2022,50.88730
Parag Parikh Flexi Cap Fund - Direct Growth,03-08-2022,50.57030
Parag Parikh Flexi Cap Fund - Direct Growth,02-08-2022,50.64420
Parag Parikh Flexi Cap Fund - Direct Growth,01-08-2022,50.65580
Parag Parikh Flexi Cap Fund - Direct Growth,29-07-2022,49.97750
Parag Parikh Flexi Cap Fund - Direct Growth,28-07-2022,49.66690
Parag Parikh Flexi Cap Fund - Direct Growth,27-07-2022,48.61980
Parag Parikh Flexi Cap Fund - Direct Growth,26-07-2022,48.73500
Parag Parikh Flexi Cap Fund - Direct Growth,25-07-2022,49.05970
Parag Parikh Flexi Cap Fund - Direct Growth,22-07-2022,49.46410
Parag Parikh Flexi Cap Fund - Direct Growth,21-07-2022,49.20780
Parag Parikh Flexi Cap Fund - Direct Growth,20-07-2022,48.86620
Parag Parikh Flexi Cap Fund - Direct Growth,19-07-2022,48.22240
Parag Parikh Flexi Cap Fund - Direct Growth,18-07-2022,48.20780
Parag Parikh Flexi Cap Fund - Direct Growth,15-07-2022,47.64110
Parag Parikh Flexi Cap Fund - Direct Growth,14-07-2022,47.68120
Parag Parikh Flexi Cap Fund - Direct Growth,13-07-2022,47.97080
Parag Parikh Flexi Cap Fund - Direct Growth,12-07-2022,48.40550
Parag Parikh Flexi Cap Fund - Direct Growth,11-07-2022,48.86550
Parag Parikh Flexi Cap Fund - Direct Growth,08-07-2022,48.73150
Parag Parikh Flexi Cap Fund - Direct Growth,07-07-2022,48.27130
Parag Parikh Flexi Cap Fund - Direct Growth,06-07-2022,47.83950
Parag Parikh Flexi Cap Fund - Direct Growth,05-07-2022,47.14760
Parag Parikh Flexi Cap Fund - Direct Growth,04-07-2022,47.17490
Parag Parikh Flexi Cap Fund - Direct Growth,01-07-2022,46.80730
Parag Parikh Flexi Cap Fund - Direct Growth,30-06-2022,46.82740
Parag Parikh Flexi Cap Fund - Direct Growth,29-06-2022,46.71500
Parag Parikh Flexi Cap Fund - Direct Growth,28-06-2022,47.31390
Parag Parikh Flexi Cap Fund - Direct Growth,27-06-2022,47.59070
Parag Parikh Flexi Cap Fund - Direct Growth,24-06-2022,46.73480
Parag Parikh Flexi Cap Fund - Direct Growth,23-06-2022,46.13100
Parag Parikh Flexi Cap Fund - Direct Growth,22-06-2022,45.91900
Parag Parikh Flexi Cap Fund - Direct Growth,21-06-2022,46.18550
Parag Parikh Flexi Cap Fund - Direct Growth,20-06-2022,45.48850
Parag Parikh Flexi Cap Fund - Direct Growth,17-06-2022,45.43300
Parag Parikh Flexi Cap Fund - Direct Growth,16-06-2022,46.05390
Parag Parikh Flexi Cap Fund - Direct Growth,15-06-2022,46.56590
Parag Parikh Flexi Cap Fund - Direct Growth,14-06-2022,46.49840
Parag Parikh Flexi Cap Fund - Direct Growth,13-06-2022,47.01860
Parag Parikh Flexi Cap Fund - Direct Growth,10-06-2022,48.22210
Parag Parikh Flexi Cap Fund - Direct Growth,09-06-2022,48.87380
Parag Parikh Flexi Cap Fund - Direct Growth,08-06-2022,48.71840
Parag Parikh Flexi Cap Fund - Direct Growth,07-06-2022,48.84660
Parag Parikh Flexi Cap Fund - Direct Growth,06-06-2022,48.86640
Parag Parikh Flexi Cap Fund - Direct Growth,03-06-2022,49.32310
Parag Parikh Flexi Cap Fund - Direct Growth,02-06-2022,49.27630
Parag Parikh Flexi Cap Fund - Direct Growth,01-06-2022,49.41310
Parag Parikh Flexi Cap Fund - Direct Growth,31-05-2022,49.55940
Parag Parikh Flexi Cap Fund - Direct Growth,30-05-2022,49.25370
Parag Parikh Flexi Cap Fund - Direct Growth,27-05-2022,48.44570
Parag Parikh Flexi Cap Fund - Direct Growth,26-05-2022,47.74110
Parag Parikh Flexi Cap Fund - Direct Growth,25-05-2022,47.41220
Parag Parikh Flexi Cap Fund - Direct Growth,24-05-2022,48.01500
Parag Parikh Flexi Cap Fund - Direct Growth,23-05-2022,47.95980
Parag Parikh Flexi Cap Fund - Direct Growth,20-05-2022,48.14450
Parag Parikh Flexi Cap Fund - Direct Growth,19-05-2022,47.55020
Parag Parikh Flexi Cap Fund - Direct Growth,18-05-2022,48.48730
Parag Parikh Flexi Cap Fund - Direct Growth,17-05-2022,48.31320
Parag Parikh Flexi Cap Fund - Direct Growth,16-05-2022,47.63710
Parag Parikh Flexi Cap Fund - Direct Growth,13-05-2022,47.14980
Parag Parikh Flexi Cap Fund - Direct Growth,12-05-2022,47.02010
Parag Parikh Flexi Cap Fund - Direct Growth,11-05-2022,48.12580
Parag Parikh Flexi Cap Fund - Direct Growth,10-05-2022,48.11930
Parag Parikh Flexi Cap Fund - Direct Growth,09-05-2022,48.79940
Parag Parikh Flexi Cap Fund - Direct Growth,06-05-2022,49.00810
Parag Parikh Flexi Cap Fund - Direct Growth,05-05-2022,49.94350
Parag Parikh Flexi Cap Fund - Direct Growth,04-05-2022,49.64820
Parag Parikh Flexi Cap Fund - Direct Growth,02-05-2022,49.96220
Parag Parikh Flexi Cap Fund - Direct Growth,29-04-2022,50.72050
Parag Parikh Flexi Cap Fund - Direct Growth,28-04-2022,50.67320
Parag Parikh Flexi Cap Fund - Direct Growth,27-04-2022,50.32240
Parag Parikh Flexi Cap Fund - Direct Growth,26-04-2022,51.09770
Parag Parikh Flexi Cap Fund - Direct Growth,25-04-2022,50.24830
Parag Parikh Flexi Cap Fund - Direct Growth,22-04-2022,51.01610
Parag Parikh Flexi Cap Fund - Direct Growth,21-04-2022,51.75250
Parag Parikh Flexi Cap Fund - Direct Growth,20-04-2022,51.68040
Parag Parikh Flexi Cap Fund - Direct Growth,19-04-2022,51.23060
Parag Parikh Flexi Cap Fund - Direct Growth,18-04-2022,51.66700
Parag Parikh Flexi Cap Fund - Direct Growth,13-04-2022,52.25410
Parag Parikh Flexi Cap Fund - Direct Growth,12-04-2022,52.57070
Parag Parikh Flexi Cap Fund - Direct Growth,11-04-2022,53.48230
Parag Parikh Flexi Cap Fund - Direct Growth,08-04-2022,54.00760
Parag Parikh Flexi Cap Fund - Direct Growth,07-04-2022,53.77730
Parag Parikh Flexi Cap Fund - Direct Growth,06-04-2022,54.45380
Parag Parikh Flexi Cap Fund - Direct Growth,05-04-2022,54.78570
Parag Parikh Flexi Cap Fund - Direct Growth,04-04-2022,53.97930
Parag Parikh Flexi Cap Fund - Direct Growth,01-04-2022,52.86090
Parag Parikh Flexi Cap Fund - Direct Growth,31-03-2022,52.51410
Parag Parikh Flexi Cap Fund - Direct Growth,30-03-2022,52.55830
Parag Parikh Flexi Cap Fund - Direct Growth,29-03-2022,52.26120
Parag Parikh Flexi Cap Fund - Direct Growth,28-03-2022,52.25720
Parag Parikh Flexi Cap Fund - Direct Growth,25-03-2022,52.03380
Parag Parikh Flexi Cap Fund - Direct Growth,24-03-2022,52.06260
Parag Parikh Flexi Cap Fund - Direct Growth,23-03-2022,52.08890
Parag Parikh Flexi Cap Fund - Direct Growth,22-03-2022,51.63930
Parag Parikh Flexi Cap Fund - Direct Growth,21-03-2022,51.49580
Parag Parikh Flexi Cap Fund - Direct Growth,17-03-2022,51.34060
Parag Parikh Flexi Cap Fund - Direct Growth,16-03-2022,50.50050
Parag Parikh Flexi Cap Fund - Direct Growth,15-03-2022,49.46000
Parag Parikh Flexi Cap Fund - Direct Growth,14-03-2022,50.05460
Parag Parikh Flexi Cap Fund - Direct Growth,11-03-2022,49.99190
Parag Parikh Flexi Cap Fund - Direct Growth,10-03-2022,49.65020
Parag Parikh Flexi Cap Fund - Direct Growth,09-03-2022,48.63930
Parag Parikh Flexi Cap Fund - Direct Growth,08-03-2022,48.25890
Parag Parikh Flexi Cap Fund - Direct Growth,07-03-2022,48.58620
Parag Parikh Flexi Cap Fund - Direct Growth,04-03-2022,49.42080
Parag Parikh Flexi Cap Fund - Direct Growth,03-03-2022,50.10490
Parag Parikh Flexi Cap Fund - Direct Growth,02-03-2022,49.88610
Parag Parikh Flexi Cap Fund - Direct Growth,28-02-2022,50.31070
Parag Parikh Flexi Cap Fund - Direct Growth,25-02-2022,50.00910
Parag Parikh Flexi Cap Fund - Direct Growth,24-02-2022,48.38980
Parag Parikh Flexi Cap Fund - Direct Growth,23-02-2022,50.31660
Parag Parikh Flexi Cap Fund - Direct Growth,22-02-2022,50.45750
Parag Parikh Flexi Cap Fund - Direct Growth,21-02-2022,50.87820
Parag Parikh Flexi Cap Fund - Direct Growth,18-02-2022,51.34310
Parag Parikh Flexi Cap Fund - Direct Growth,17-02-2022,51.88930
Parag Parikh Flexi Cap Fund - Direct Growth,16-02-2022,52.02430
Parag Parikh Flexi Cap Fund - Direct Growth,15-02-2022,51.80920
Parag Parikh Flexi Cap Fund - Direct Growth,14-02-2022,50.99630
Parag Parikh Flexi Cap Fund - Direct Growth,11-02-2022,52.46940
Parag Parikh Flexi Cap Fund - Direct Growth,10-02-2022,53.15410
Parag Parikh Flexi Cap Fund - Direct Growth,09-02-2022,52.61510
Parag Parikh Flexi Cap Fund - Direct Growth,08-02-2022,52.22740
Parag Parikh Flexi Cap Fund - Direct Growth,07-02-2022,52.48540
Parag Parikh Flexi Cap Fund - Direct Growth,04-02-2022,52.58370
Parag Parikh Flexi Cap Fund - Direct Growth,03-02-2022,54.36610
Parag Parikh Flexi Cap Fund - Direct Growth,02-02-2022,53.96840
Parag Parikh Flexi Cap Fund - Direct Growth,01-02-2022,53.31010
Parag Parikh Flexi Cap Fund - Direct Growth,31-01-2022,52.49680
Parag Parikh Flexi Cap Fund - Direct Growth,28-01-2022,51.64810
Parag Parikh Flexi Cap Fund - Direct Growth,27-01-2022,51.66950
Parag Parikh Flexi Cap Fund - Direct Growth,25-01-2022,52.35390
Parag Parikh Flexi Cap Fund - Direct Growth,24-01-2022,51.77200
Parag Parikh Flexi Cap Fund - Direct Growth,21-01-2022,53.24730
Parag Parikh Flexi Cap Fund - Direct Growth,20-01-2022,53.91550
Parag Parikh Flexi Cap Fund - Direct Growth,19-01-2022,53.96600
Parag Parikh Flexi Cap Fund - Direct Growth,18-01-2022,54.40370
Parag Parikh Flexi Cap Fund - Direct Growth,17-01-2022,54.79440
Parag Parikh Flexi Cap Fund - Direct Growth,14-01-2022,54.62730
Parag Parikh Flexi Cap Fund - Direct Growth,13-01-2022,55.06290
Parag Parikh Flexi Cap Fund - Direct Growth,12-01-2022,54.73460
Parag Parikh Flexi Cap Fund - Direct Growth,11-01-2022,54.31670
Parag Parikh Flexi Cap Fund - Direct Growth,10-01-2022,54.27040
Parag Parikh Flexi Cap Fund - Direct Growth,07-01-2022,54.03840
Parag Parikh Flexi Cap Fund - Direct Growth,06-01-2022,54.01520
Parag Parikh Flexi Cap Fund - Direct Growth,05-01-2022,54.81290
Parag Parikh Flexi Cap Fund - Direct Growth,04-01-2022,54.87490
Parag Parikh Flexi Cap Fund - Direct Growth,03-01-2022,54.58840
Parag Parikh Flexi Cap Fund - Direct Growth,31-12-2021,54.45810
Parag Parikh Flexi Cap Fund - Direct Growth,30-12-2021,53.99810
Parag Parikh Flexi Cap Fund - Direct Growth,29-12-2021,53.93260
Parag Parikh Flexi Cap Fund - Direct Growth,28-12-2021,54.09200
Parag Parikh Flexi Cap Fund - Direct Growth,27-12-2021,53.62760
Parag Parikh Flexi Cap Fund - Direct Growth,24-12-2021,53.43190
Parag Parikh Flexi Cap Fund - Direct Growth,23-12-2021,53.52860
Parag Parikh Flexi Cap Fund - Direct Growth,22-12-2021,53.19460
Parag Parikh Flexi Cap Fund - Direct Growth,21-12-2021,52.41400
Parag Parikh Flexi Cap Fund - Direct Growth,20-12-2021,52.39580
Parag Parikh Flexi Cap Fund - Direct Growth,17-12-2021,53.50480
Parag Parikh Flexi Cap Fund - Direct Growth,16-12-2021,54.39220
Parag Parikh Flexi Cap Fund - Direct Growth,15-12-2021,54.45070
Parag Parikh Flexi Cap Fund - Direct Growth,14-12-2021,55.06580
Parag Parikh Flexi Cap Fund - Direct Growth,13-12-2021,55.11500
Parag Parikh Flexi Cap Fund - Direct Growth,10-12-2021,55.10800
Parag Parikh Flexi Cap Fund - Direct Growth,09-12-2021,54.78460
Parag Parikh Flexi Cap Fund - Direct Growth,08-12-2021,54.41800
Parag Parikh Flexi Cap Fund - Direct Growth,07-12-2021,53.32280
Parag Parikh Flexi Cap Fund - Direct Growth,06-12-2021,52.53290
Parag Parikh Flexi Cap Fund - Direct Growth,03-12-2021,53.42600
Parag Parikh Flexi Cap Fund - Direct Growth,02-12-2021,53.46200
Parag Parikh Flexi Cap Fund - Direct Growth,01-12-2021,53.05110
Parag Parikh Flexi Cap Fund - Direct Growth,30-11-2021,53.17620
Parag Parikh Flexi Cap Fund - Direct Growth,29-11-2021,52.57460
Parag Parikh Flexi Cap Fund - Direct Growth,26-11-2021,53.34630
Parag Parikh Flexi Cap Fund - Direct Growth,25-11-2021,54.03640
Parag Parikh Flexi Cap Fund - Direct Growth,24-11-2021,53.96490
Parag Parikh Flexi Cap Fund - Direct Growth,23-11-2021,54.22400
Parag Parikh Flexi Cap Fund - Direct Growth,22-11-2021,54.11780
Parag Parikh Flexi Cap Fund - Direct Growth,18-11-2021,54.53670
Parag Parikh Flexi Cap Fund - Direct Growth,17-11-2021,55.06880
Parag Parikh Flexi Cap Fund - Direct Growth,16-11-2021,55.13740
Parag Parikh Flexi Cap Fund - Direct Growth,15-11-2021,55.23680
Parag Parikh Flexi Cap Fund - Direct Growth,12-11-2021,54.55420
Parag Parikh Flexi Cap Fund - Direct Growth,11-11-2021,54.33840
Parag Parikh Flexi Cap Fund - Direct Growth,10-11-2021,55.01450
Parag Parikh Flexi Cap Fund - Direct Growth,09-11-2021,54.82210
Parag Parikh Flexi Cap Fund - Direct Growth,08-11-2021,54.81710
Parag Parikh Flexi Cap Fund - Direct Growth,03-11-2021,53.54800
Parag Parikh Flexi Cap Fund - Direct Growth,02-11-2021,53.74510
Parag Parikh Flexi Cap Fund - Direct Growth,01-11-2021,53.79050
Parag Parikh Flexi Cap Fund - Direct Growth,29-10-2021,53.14380
Parag Parikh Flexi Cap Fund - Direct Growth,28-10-2021,53.06470
Parag Parikh Flexi Cap Fund - Direct Growth,27-10-2021,53.64980
Parag Parikh Flexi Cap Fund - Direct Growth,26-10-2021,53.57660
Parag Parikh Flexi Cap Fund - Direct Growth,25-10-2021,53.24080
Parag Parikh Flexi Cap Fund - Direct Growth,22-10-2021,54.06580
Parag Parikh Flexi Cap Fund - Direct Growth,21-10-2021,54.31970
Parag Parikh Flexi Cap Fund - Direct Growth,20-10-2021,54.87560
Parag Parikh Flexi Cap Fund - Direct Growth,19-10-2021,55.31630
Parag Parikh Flexi Cap Fund - Direct Growth,18-10-2021,55.13870
Parag Parikh Flexi Cap Fund - Direct Growth,14-10-2021,54.71990
Parag Parikh Flexi Cap Fund - Direct Growth,13-10-2021,54.14970
Parag Parikh Flexi Cap Fund - Direct Growth,12-10-2021,53.98160
Parag Parikh Flexi Cap Fund - Direct Growth,11-10-2021,53.91140
Parag Parikh Flexi Cap Fund - Direct Growth,08-10-2021,53.27100
Parag Parikh Flexi Cap Fund - Direct Growth,07-10-2021,52.61940
Parag Parikh Flexi Cap Fund - Direct Growth,06-10-2021,52.07330
Parag Parikh Flexi Cap Fund - Direct Growth,05-10-2021,52.16600
Parag Parikh Flexi Cap Fund - Direct Growth,04-10-2021,52.63660
Parag Parikh Flexi Cap Fund - Direct Growth,01-10-2021,51.98930
Parag Parikh Flexi Cap Fund - Direct Growth,30-09-2021,52.35640
Parag Parikh Flexi Cap Fund - Direct Growth,29-09-2021,52.36710
Parag Parikh Flexi Cap Fund - Direct Growth,28-09-2021,52.75020
Parag Parikh Flexi Cap Fund - Direct Growth,27-09-2021,53.17590
Parag Parikh Flexi Cap Fund - Direct Growth,24-09-2021,53.04370
Parag Parikh Flexi Cap Fund - Direct Growth,23-09-2021,53.10660
Parag Parikh Flexi Cap Fund - Direct Growth,22-09-2021,52.67730
Parag Parikh Flexi Cap Fund - Direct Growth,21-09-2021,52.31780
Parag Parikh Flexi Cap Fund - Direct Growth,20-09-2021,52.17250
Parag Parikh Flexi Cap Fund - Direct Growth,17-09-2021,52.64710
Parag Parikh Flexi Cap Fund - Direct Growth,16-09-2021,52.82980
Parag Parikh Flexi Cap Fund - Direct Growth,15-09-2021,52.21150
Parag Parikh Flexi Cap Fund - Direct Growth,14-09-2021,51.83740
Parag Parikh Flexi Cap Fund - Direct Growth,13-09-2021,51.67940
Parag Parikh Flexi Cap Fund - Direct Growth,09-09-2021,51.66460
Parag Parikh Flexi Cap Fund - Direct Growth,08-09-2021,51.51520
Parag Parikh Flexi Cap Fund - Direct Growth,07-09-2021,51.16140
Parag Parikh Flexi Cap Fund - Direct Growth,06-09-2021,51.18250
Parag Parikh Flexi Cap Fund - Direct Growth,03-09-2021,50.87480
Parag Parikh Flexi Cap Fund - Direct Growth,02-09-2021,50.85160
Parag Parikh Flexi Cap Fund - Direct Growth,01-09-2021,50.64290
Parag Parikh Flexi Cap Fund - Direct Growth,31-08-2021,50.44610
Parag Parikh Flexi Cap Fund - Direct Growth,30-08-2021,49.88970
Parag Parikh Flexi Cap Fund - Direct Growth,27-08-2021,49.10300
Parag Parikh Flexi Cap Fund - Direct Growth,26-08-2021,48.99720
Parag Parikh Flexi Cap Fund - Direct Growth,25-08-2021,48.89730
Parag Parikh Flexi Cap Fund - Direct Growth,24-08-2021,48.83410
Parag Parikh Flexi Cap Fund - Direct Growth,23-08-2021,48.48760
Parag Parikh Flexi Cap Fund - Direct Growth,20-08-2021,48.29330
Parag Parikh Flexi Cap Fund - Direct Growth,18-08-2021,48.64450
Parag Parikh Flexi Cap Fund - Direct Growth,17-08-2021,48.91800
Parag Parikh Flexi Cap Fund - Direct Growth,16-08-2021,48.65200
Parag Parikh Flexi Cap Fund - Direct Growth,13-08-2021,48.80120
Parag Parikh Flexi Cap Fund - Direct Growth,12-08-2021,48.44420
Parag Parikh Flexi Cap Fund - Direct Growth,11-08-2021,48.19790
Parag Parikh Flexi Cap Fund - Direct Growth,10-08-2021,48.54830
Parag Parikh Flexi Cap Fund - Direct Growth,09-08-2021,48.72290
Parag Parikh Flexi Cap Fund - Direct Growth,06-08-2021,48.80530
Parag Parikh Flexi Cap Fund - Direct Growth,05-08-2021,48.67710
Parag Parikh Flexi Cap Fund - Direct Growth,04-08-2021,48.39400
Parag Parikh Flexi Cap Fund - Direct Growth,03-08-2021,48.47490
Parag Parikh Flexi Cap Fund - Direct Growth,02-08-2021,48.40540
Parag Parikh Flexi Cap Fund - Direct Growth,30-07-2021,48.44460
Parag Parikh Flexi Cap Fund - Direct Growth,29-07-2021,48.51060
Parag Parikh Flexi Cap Fund - Direct Growth,28-07-2021,48.15940
Parag Parikh Flexi Cap Fund - Direct Growth,27-07-2021,48.60020
Parag Parikh Flexi Cap Fund - Direct Growth,26-07-2021,48.93970
Parag Parikh Flexi Cap Fund - Direct Growth,23-07-2021,48.20580
Parag Parikh Flexi Cap Fund - Direct Growth,22-07-2021,47.78390
Parag Parikh Flexi Cap Fund - Direct Growth,20-07-2021,47.38280
Parag Parikh Flexi Cap Fund - Direct Growth,19-07-2021,48.08130
Parag Parikh Flexi Cap Fund - Direct Growth,16-07-2021,47.96620
Parag Parikh Flexi Cap Fund - Direct Growth,15-07-2021,47.89480
Parag Parikh Flexi Cap Fund - Direct Growth,14-07-2021,47.46270
Parag Parikh Flexi Cap Fund - Direct Growth,13-07-2021,47.00170
Parag Parikh Flexi Cap Fund - Direct Growth,12-07-2021,46.29270
Parag Parikh Flexi Cap Fund - Direct Growth,09-07-2021,46.11020
Parag Parikh Flexi Cap Fund - Direct Growth,08-07-2021,46.17020
Parag Parikh Flexi Cap Fund - Direct Growth,07-07-2021,46.19910
Parag Parikh Flexi Cap Fund - Direct Growth,06-07-2021,46.12440
Parag Parikh Flexi Cap Fund - Direct Growth,05-07-2021,46.02130
Parag Parikh Flexi Cap Fund - Direct Growth,02-07-2021,45.64370
Parag Parikh Flexi Cap Fund - Direct Growth,01-07-2021,45.40650
Parag Parikh Flexi Cap Fund - Direct Growth,30-06-2021,45.33630
Parag Parikh Flexi Cap Fund - Direct Growth,29-06-2021,45.21740
Parag Parikh Flexi Cap Fund - Direct Growth,28-06-2021,45.08700
Parag Parikh Flexi Cap Fund - Direct Growth,25-06-2021,45.02290
Parag Parikh Flexi Cap Fund - Direct Growth,24-06-2021,44.70200
Parag Parikh Flexi Cap Fund - Direct Growth,23-06-2021,44.53680
Parag Parikh Flexi Cap Fund - Direct Growth,22-06-2021,44.40400
Parag Parikh Flexi Cap Fund - Direct Growth,21-06-2021,44.34010
Parag Parikh Flexi Cap Fund - Direct Growth,18-06-2021,44.41440
Parag Parikh Flexi Cap Fund - Direct Growth,17-06-2021,44.35990
Parag Parikh Flexi Cap Fund - Direct Growth,16-06-2021,44.63640
Parag Parikh Flexi Cap Fund - Direct Growth,15-06-2021,44.76750
Parag Parikh Flexi Cap Fund - Direct Growth,14-06-2021,44.37650
Parag Parikh Flexi Cap Fund - Direct Growth,11-06-2021,44.45560
Parag Parikh Flexi Cap Fund - Direct Growth,10-06-2021,44.24920
Parag Parikh Flexi Cap Fund - Direct Growth,09-06-2021,43.98440
Parag Parikh Flexi Cap Fund - Direct Growth,08-06-2021,44.23810
Parag Parikh Flexi Cap Fund - Direct Growth,07-06-2021,43.99940
Parag Parikh Flexi Cap Fund - Direct Growth,04-06-2021,43.57950
Parag Parikh Flexi Cap Fund - Direct Growth,03-06-2021,43.65490
Parag Parikh Flexi Cap Fund - Direct Growth,02-06-2021,43.59400
Parag Parikh Flexi Cap Fund - Direct Growth,01-06-2021,43.70640
Parag Parikh Flexi Cap Fund - Direct Growth,31-05-2021,43.91540
Parag Parikh Flexi Cap Fund - Direct Growth,28-05-2021,43.65930
Parag Parikh Flexi Cap Fund - Direct Growth,27-05-2021,43.73270
Parag Parikh Flexi Cap Fund - Direct Growth,26-05-2021,43.52860
Parag Parikh Flexi Cap Fund - Direct Growth,25-05-2021,43.47380
Parag Parikh Flexi Cap Fund - Direct Growth,24-05-2021,43.18150
Parag Parikh Flexi Cap Fund - Direct Growth,21-05-2021,43.13220
Parag Parikh Flexi Cap Fund - Direct Growth,20-05-2021,42.67250
Parag Parikh Flexi Cap Fund - Direct Growth,19-05-2021,42.95040
Parag Parikh Flexi Cap Fund - Direct Growth,18-05-2021,42.89120
Parag Parikh Flexi Cap Fund - Direct Growth,17-05-2021,42.71570
Parag Parikh Flexi Cap Fund - Direct Growth,14-05-2021,41.89180
Parag Parikh Flexi Cap Fund - Direct Growth,12-05-2021,42.16700
Parag Parikh Flexi Cap Fund - Direct Growth,11-05-2021,42.42390
Parag Parikh Flexi Cap Fund - Direct Growth,10-05-2021,42.74260
Parag Parikh Flexi Cap Fund - Direct Growth,07-05-2021,42.47370
Parag Parikh Flexi Cap Fund - Direct Growth,06-05-2021,42.17500
Parag Parikh Flexi Cap Fund - Direct Growth,05-05-2021,41.97520
Parag Parikh Flexi Cap Fund - Direct Growth,04-05-2021,41.85500
Parag Parikh Flexi Cap Fund - Direct Growth,03-05-2021,42.02040
Parag Parikh Flexi Cap Fund - Direct Growth,30-04-2021,41.98200
Parag Parikh Flexi Cap Fund - Direct Growth,29-04-2021,42.00640
Parag Parikh Flexi Cap Fund - Direct Growth,28-04-2021,41.88090
Parag Parikh Flexi Cap Fund - Direct Growth,27-04-2021,41.67990
Parag Parikh Flexi Cap Fund - Direct Growth,26-04-2021,41.34970
Parag Parikh Flexi Cap Fund - Direct Growth,23-04-2021,40.87990
Parag Parikh Flexi Cap Fund - Direct Growth,22-04-2021,40.98520
Parag Parikh Flexi Cap Fund - Direct Growth,20-04-2021,40.90750
Parag Parikh Flexi Cap Fund - Direct Growth,19-04-2021,41.10960
Parag Parikh Flexi Cap Fund - Direct Growth,16-04-2021,41.31790
Parag Parikh Flexi Cap Fund - Direct Growth,15-04-2021,40.84630
Parag Parikh Flexi Cap Fund - Direct Growth,13-04-2021,40.88300
Parag Parikh Flexi Cap Fund - Direct Growth,12-04-2021,40.88670
Parag Parikh Flexi Cap Fund - Direct Growth,09-04-2021,41.70410
Parag Parikh Flexi Cap Fund - Direct Growth,08-04-2021,41.43260
Parag Parikh Flexi Cap Fund - Direct Growth,07-04-2021,41.20160
Parag Parikh Flexi Cap Fund - Direct Growth,06-04-2021,40.86010
Parag Parikh Flexi Cap Fund - Direct Growth,05-04-2021,40.26490
Parag Parikh Flexi Cap Fund - Direct Growth,01-04-2021,40.39430
Parag Parikh Flexi Cap Fund - Direct Growth,31-03-2021,39.92900
Parag Parikh Flexi Cap Fund - Direct Growth,30-03-2021,40.05520
Parag Parikh Flexi Cap Fund - Direct Growth,26-03-2021,39.43590
Parag Parikh Flexi Cap Fund - Direct Growth,25-03-2021,39.32940
Parag Parikh Flexi Cap Fund - Direct Growth,24-03-2021,40.10370
Parag Parikh Flexi Cap Fund - Direct Growth,23-03-2021,40.41790
Parag Parikh Flexi Cap Fund - Direct Growth,22-03-2021,40.23980
Parag Parikh Flexi Cap Fund - Direct Growth,19-03-2021,40.22210
Parag Parikh Flexi Cap Fund - Direct Growth,18-03-2021,40.04610
Parag Parikh Flexi Cap Fund - Direct Growth,17-03-2021,40.00380
Parag Parikh Flexi Cap Fund - Direct Growth,16-03-2021,40.12280
Parag Parikh Flexi Cap Fund - Direct Growth,15-03-2021,39.72870
Parag Parikh Flexi Cap Fund - Direct Growth,12-03-2021,39.95180
Parag Parikh Flexi Cap Fund - Direct Growth,10-03-2021,39.70040
Parag Parikh Flexi Cap Fund - Direct Growth,09-03-2021,39.14230
Parag Parikh Flexi Cap Fund - Direct Growth,08-03-2021,39.52090
Parag Parikh Flexi Cap Fund - Direct Growth,05-03-2021,39.16660
Parag Parikh Flexi Cap Fund - Direct Growth,04-03-2021,39.47380
Parag Parikh Flexi Cap Fund - Direct Growth,03-03-2021,39.71140
Parag Parikh Flexi Cap Fund - Direct Growth,02-03-2021,39.81120
Parag Parikh Flexi Cap Fund - Direct Growth,01-03-2021,39.20950
Parag Parikh Flexi Cap Fund - Direct Growth,26-02-2021,38.76020
Parag Parikh Flexi Cap Fund - Direct Growth,25-02-2021,39.72750
Parag Parikh Flexi Cap Fund - Direct Growth,24-02-2021,39.67740
Parag Parikh Flexi Cap Fund - Direct Growth,23-02-2021,39.37800
Parag Parikh Flexi Cap Fund - Direct Growth,22-02-2021,39.39810
Parag Parikh Flexi Cap Fund - Direct Growth,19-02-2021,39.80570
Parag Parikh Flexi Cap Fund - Direct Growth,18-02-2021,40.15210
Parag Parikh Flexi Cap Fund - Direct Growth,17-02-2021,40.07580
Parag Parikh Flexi Cap Fund - Direct Growth,16-02-2021,40.09280
Parag Parikh Flexi Cap Fund - Direct Growth,15-02-2021,40.29470
Parag Parikh Flexi Cap Fund - Direct Growth,12-02-2021,40.15350
Parag Parikh Flexi Cap Fund - Direct Growth,11-02-2021,40.10780
Parag Parikh Flexi Cap Fund - Direct Growth,10-02-2021,39.85550
Parag Parikh Flexi Cap Fund - Direct Growth,09-02-2021,39.88270
Parag Parikh Flexi Cap Fund - Direct Growth,08-02-2021,40.06360
Parag Parikh Flexi Cap Fund - Direct Growth,05-02-2021,39.67040
Parag Parikh Flexi Cap Fund - Direct Growth,04-02-2021,39.66670
Parag Parikh Flexi Cap Fund - Direct Growth,03-02-2021,38.93900
Parag Parikh Flexi Cap Fund - Direct Growth,02-02-2021,38.51370
Parag Parikh Flexi Cap Fund - Direct Growth,01-02-2021,37.75660
Parag Parikh Flexi Cap Fund - Direct Growth,29-01-2021,37.45730
Parag Parikh Flexi Cap Fund - Direct Growth,28-01-2021,37.60880
Parag Parikh Flexi Cap Fund - Direct Growth,27-01-2021,37.91170
Parag Parikh Flexi Cap Fund - Direct Growth,25-01-2021,37.94350
Parag Parikh Flexi Cap Fund - Direct Growth,22-01-2021,37.93220
Parag Parikh Flexi Cap Fund - Direct Growth,21-01-2021,38.14260
Parag Parikh Flexi Cap Fund - Direct Growth,20-01-2021,37.97240
Parag Parikh Flexi Cap Fund - Direct Growth,19-01-2021,37.53450
Parag Parikh Flexi Cap Fund - Direct Growth,18-01-2021,37.30770
Parag Parikh Flexi Cap Fund - Direct Growth,15-01-2021,37.55850
Parag Parikh Flexi Cap Fund - Direct Growth,14-01-2021,37.90940
Parag Parikh Flexi Cap Fund - Direct Growth,13-01-2021,37.66660
Parag Parikh Flexi Cap Fund - Direct Growth,12-01-2021,37.62490
Parag Parikh Flexi Cap Fund - Direct Growth,11-01-2021,37.74880
Parag Parikh Flexi Cap Fund - Direct Growth,08-01-2021,37.45270
Parag Parikh Flexi Cap Fund - Direct Growth,07-01-2021,37.05640
Parag Parikh Flexi Cap Fund - Direct Growth,06-01-2021,37.20220
Parag Parikh Flexi Cap Fund - Direct Growth,05-01-2021,37.28560
Parag Parikh Flexi Cap Fund - Direct Growth,04-01-2021,37.32890
Parag Parikh Flexi Cap Fund - Direct Growth,01-01-2021,37.10770
Parag Parikh Flexi Cap Fund - Direct Growth,31-12-2020,37.05300
Parag Parikh Flexi Cap Fund - Direct Growth,30-12-2020,37.25200
Parag Parikh Flexi Cap Fund - Direct Growth,29-12-2020,37.03680
Parag Parikh Flexi Cap Fund - Direct Growth,28-12-2020,36.69100
Parag Parikh Flexi Cap Fund - Direct Growth,24-12-2020,36.52970
Parag Parikh Flexi Cap Fund - Direct Growth,23-12-2020,36.39640
Parag Parikh Flexi Cap Fund - Direct Growth,22-12-2020,35.93830
Parag Parikh Flexi Cap Fund - Direct Growth,21-12-2020,35.61730
Parag Parikh Flexi Cap Fund - Direct Growth,18-12-2020,36.37560
Parag Parikh Flexi Cap Fund - Direct Growth,17-12-2020,36.40740
Parag Parikh Flexi Cap Fund - Direct Growth,16-12-2020,36.28950
Parag Parikh Flexi Cap Fund - Direct Growth,15-12-2020,36.16600
Parag Parikh Flexi Cap Fund - Direct Growth,14-12-2020,36.11730
Parag Parikh Flexi Cap Fund - Direct Growth,11-12-2020,36.14760
Parag Parikh Flexi Cap Fund - Direct Growth,10-12-2020,36.05590
Parag Parikh Flexi Cap Fund - Direct Growth,09-12-2020,36.16270
Parag Parikh Flexi Cap Fund - Direct Growth,08-12-2020,35.91320
Parag Parikh Flexi Cap Fund - Direct Growth,07-12-2020,36.01230
Parag Parikh Flexi Cap Fund - Direct Growth,04-12-2020,35.95160
Parag Parikh Flexi Cap Fund - Direct Growth,03-12-2020,35.84430
Parag Parikh Flexi Cap Fund - Direct Growth,02-12-2020,35.72940
Parag Parikh Flexi Cap Fund - Direct Growth,01-12-2020,35.50850
Parag Parikh Flexi Cap Fund - Direct Growth,27-11-2020,35.43880
Parag Parikh Flexi Cap Fund - Direct Growth,26-11-2020,35.24470
Parag Parikh Flexi Cap Fund - Direct Growth,25-11-2020,35.04590
Parag Parikh Flexi Cap Fund - Direct Growth,24-11-2020,35.26430
Parag Parikh Flexi Cap Fund - Direct Growth,23-11-2020,35.02490
Parag Parikh Flexi Cap Fund - Direct Growth,20-11-2020,34.84300
Parag Parikh Flexi Cap Fund - Direct Growth,19-11-2020,34.56480
Parag Parikh Flexi Cap Fund - Direct Growth,18-11-2020,34.79610
Parag Parikh Flexi Cap Fund - Direct Growth,17-11-2020,34.95440
Parag Parikh Flexi Cap Fund - Direct Growth,13-11-2020,34.64200
Parag Parikh Flexi Cap Fund - Direct Growth,12-11-2020,34.64930
Parag Parikh Flexi Cap Fund - Direct Growth,11-11-2020,34.24090
Parag Parikh Flexi Cap Fund - Direct Growth,10-11-2020,34.01180
Parag Parikh Flexi Cap Fund - Direct Growth,09-11-2020,34.25620
Parag Parikh Flexi Cap Fund - Direct Growth,06-11-2020,34.05650
Parag Parikh Flexi Cap Fund - Direct Growth,05-11-2020,33.69720
Parag Parikh Flexi Cap Fund - Direct Growth,04-11-2020,32.87610
Parag Parikh Flexi Cap Fund - Direct Growth,03-11-2020,32.67610
Parag Parikh Flexi Cap Fund - Direct Growth,02-11-2020,32.43940
Parag Parikh Flexi Cap Fund - Direct Growth,30-10-2020,32.59990
Parag Parikh Flexi Cap Fund - Direct Growth,29-10-2020,32.27510
Parag Parikh Flexi Cap Fund - Direct Growth,28-10-2020,32.93170
Parag Parikh Flexi Cap Fund - Direct Growth,27-10-2020,33.00210
Parag Parikh Flexi Cap Fund - Direct Growth,26-10-2020,33.12700
Parag Parikh Flexi Cap Fund - Direct Growth,23-10-2020,33.30300
Parag Parikh Flexi Cap Fund - Direct Growth,22-10-2020,33.19760
Parag Parikh Flexi Cap Fund - Direct Growth,21-10-2020,33.12400
Parag Parikh Flexi Cap Fund - Direct Growth,20-10-2020,33.06470
Parag Parikh Flexi Cap Fund - Direct Growth,19-10-2020,33.34350
Parag Parikh Flexi Cap Fund - Direct Growth,16-10-2020,33.41930
Parag Parikh Flexi Cap Fund - Direct Growth,15-10-2020,33.38890
Parag Parikh Flexi Cap Fund - Direct Growth,14-10-2020,33.97800
Parag Parikh Flexi Cap Fund - Direct Growth,13-10-2020,33.87510
Parag Parikh Flexi Cap Fund - Direct Growth,12-10-2020,33.53430
Parag Parikh Flexi Cap Fund - Direct Growth,09-10-2020,33.27530
Parag Parikh Flexi Cap Fund - Direct Growth,08-10-2020,33.17450
Parag Parikh Flexi Cap Fund - Direct Growth,07-10-2020,32.84830
Parag Parikh Flexi Cap Fund - Direct Growth,06-10-2020,33.16640
Parag Parikh Flexi Cap Fund - Direct Growth,05-10-2020,32.98080
Parag Parikh Flexi Cap Fund - Direct Growth,01-10-2020,32.97930
Parag Parikh Flexi Cap Fund - Direct Growth,30-09-2020,32.93110
Parag Parikh Flexi Cap Fund - Direct Growth,29-09-2020,32.80380
Parag Parikh Flexi Cap Fund - Direct Growth,28-09-2020,32.61510
Parag Parikh Flexi Cap Fund - Direct Growth,25-09-2020,31.71580
Parag Parikh Flexi Cap Fund - Direct Growth,24-09-2020,31.25780
Parag Parikh Flexi Cap Fund - Direct Growth,23-09-2020,32.13090
Parag Parikh Flexi Cap Fund - Direct Growth,22-09-2020,31.70720
Parag Parikh Flexi Cap Fund - Direct Growth,21-09-2020,31.89820
Parag Parikh Flexi Cap Fund - Direct Growth,18-09-2020,32.73710
Parag Parikh Flexi Cap Fund - Direct Growth,17-09-2020,32.61920
Parag Parikh Flexi Cap Fund - Direct Growth,16-09-2020,32.77550
Parag Parikh Flexi Cap Fund - Direct Growth,15-09-2020,32.52420
Parag Parikh Flexi Cap Fund - Direct Growth,14-09-2020,32.20250
Parag Parikh Flexi Cap Fund - Direct Growth,11-09-2020,31.60670
Parag Parikh Flexi Cap Fund - Direct Growth,10-09-2020,31.75390
Parag Parikh Flexi Cap Fund - Direct Growth,09-09-2020,31.41410
Parag Parikh Flexi Cap Fund - Direct Growth,08-09-2020,31.78210
Parag Parikh Flexi Cap Fund - Direct Growth,07-09-2020,31.92780
Parag Parikh Flexi Cap Fund - Direct Growth,04-09-2020,32.17760
Parag Parikh Flexi Cap Fund - Direct Growth,03-09-2020,32.98830
Parag Parikh Flexi Cap Fund - Direct Growth,02-09-2020,32.74390
Parag Parikh Flexi Cap Fund - Direct Growth,01-09-2020,32.38920
Parag Parikh Flexi Cap Fund - Direct Growth,31-08-2020,32.38320
Parag Parikh Flexi Cap Fund - Direct Growth,28-08-2020,33.01750
Parag Parikh Flexi Cap Fund - Direct Growth,27-08-2020,33.15460
Parag Parikh Flexi Cap Fund - Direct Growth,26-08-2020,32.83340
Parag Parikh Flexi Cap Fund - Direct Growth,25-08-2020,32.38060
Parag Parikh Flexi Cap Fund - Direct Growth,24-08-2020,32.47250
Parag Parikh Flexi Cap Fund - Direct Growth,21-08-2020,32.26250
Parag Parikh Flexi Cap Fund - Direct Growth,20-08-2020,31.87930
Parag Parikh Flexi Cap Fund - Direct Growth,19-08-2020,32.02650
Parag Parikh Flexi Cap Fund - Direct Growth,18-08-2020,31.76390
Parag Parikh Flexi Cap Fund - Direct Growth,17-08-2020,31.55960
Parag Parikh Flexi Cap Fund - Direct Growth,14-08-2020,31.48280
Parag Parikh Flexi Cap Fund - Direct Growth,13-08-2020,31.71060
Parag Parikh Flexi Cap Fund - Direct Growth,12-08-2020,31.41010
Parag Parikh Flexi Cap Fund - Direct Growth,11-08-2020,31.56360
Parag Parikh Flexi Cap Fund - Direct Growth,10-08-2020,31.54010
Parag Parikh Flexi Cap Fund - Direct Growth,07-08-2020,31.38960
Parag Parikh Flexi Cap Fund - Direct Growth,06-08-2020,31.17400
Parag Parikh Flexi Cap Fund - Direct Growth,05-08-2020,30.93610
Parag Parikh Flexi Cap Fund - Direct Growth,04-08-2020,30.87210
Parag Parikh Flexi Cap Fund - Direct Growth,03-08-2020,30.61110
Parag Parikh Flexi Cap Fund - Direct Growth,31-07-2020,30.51710
Parag Parikh Flexi Cap Fund - Direct Growth,30-07-2020,30.27440
Parag Parikh Flexi Cap Fund - Direct Growth,29-07-2020,30.27340
Parag Parikh Flexi Cap Fund - Direct Growth,28-07-2020,30.49840
Parag Parikh Flexi Cap Fund - Direct Growth,27-07-2020,30.10980
Parag Parikh Flexi Cap Fund - Direct Growth,24-07-2020,30.11720
Parag Parikh Flexi Cap Fund - Direct Growth,23-07-2020,30.18150
Parag Parikh Flexi Cap Fund - Direct Growth,22-07-2020,30.07440
Parag Parikh Flexi Cap Fund - Direct Growth,21-07-2020,30.26300
Parag Parikh Flexi Cap Fund - Direct Growth,20-07-2020,29.97230
Parag Parikh Flexi Cap Fund - Direct Growth,17-07-2020,29.74060
Parag Parikh Flexi Cap Fund - Direct Growth,16-07-2020,29.59010
Parag Parikh Flexi Cap Fund - Direct Growth,15-07-2020,29.45810
Parag Parikh Flexi Cap Fund - Direct Growth,14-07-2020,29.20220
Parag Parikh Flexi Cap Fund - Direct Growth,13-07-2020,29.53110
Parag Parikh Flexi Cap Fund - Direct Growth,10-07-2020,29.54540
Parag Parikh Flexi Cap Fund - Direct Growth,09-07-2020,29.57340
Parag Parikh Flexi Cap Fund - Direct Growth,08-07-2020,29.42380
Parag Parikh Flexi Cap Fund - Direct Growth,07-07-2020,29.49290
Parag Parikh Flexi Cap Fund - Direct Growth,06-07-2020,28.96000
Parag Parikh Flexi Cap Fund - Direct Growth,03-07-2020,28.70900
Parag Parikh Flexi Cap Fund - Direct Growth,02-07-2020,28.61040
Parag Parikh Flexi Cap Fund - Direct Growth,01-07-2020,28.17440
Parag Parikh Flexi Cap Fund - Direct Growth,30-06-2020,27.78010
Parag Parikh Flexi Cap Fund - Direct Growth,29-06-2020,27.85880
Parag Parikh Flexi Cap Fund - Direct Growth,26-06-2020,28.22530
Parag Parikh Flexi Cap Fund - Direct Growth,25-06-2020,28.09560
Parag Parikh Flexi Cap Fund - Direct Growth,24-06-2020,28.23200
Parag Parikh Flexi Cap Fund - Direct Growth,23-06-2020,28.28020
Parag Parikh Flexi Cap Fund - Direct Growth,22-06-2020,27.87060
Parag Parikh Flexi Cap Fund - Direct Growth,19-06-2020,27.51940
Parag Parikh Flexi Cap Fund - Direct Growth,18-06-2020,27.40420
Parag Parikh Flexi Cap Fund - Direct Growth,17-06-2020,27.16510
Parag Parikh Flexi Cap Fund - Direct Growth,16-06-2020,26.98750
Parag Parikh Flexi Cap Fund - Direct Growth,15-06-2020,26.88130
Parag Parikh Flexi Cap Fund - Direct Growth,12-06-2020,26.99210
Parag Parikh Flexi Cap Fund - Direct Growth,11-06-2020,27.34090
Parag Parikh Flexi Cap Fund - Direct Growth,10-06-2020,27.56080
Parag Parikh Flexi Cap Fund - Direct Growth,09-06-2020,27.39050
Parag Parikh Flexi Cap Fund - Direct Growth,08-06-2020,27.42180
Parag Parikh Flexi Cap Fund - Direct Growth,05-06-2020,27.13270
Parag Parikh Flexi Cap Fund - Direct Growth,04-06-2020,26.96780
Parag Parikh Flexi Cap Fund - Direct Growth,03-06-2020,26.92790
Parag Parikh Flexi Cap Fund - Direct Growth,02-06-2020,26.85590
Parag Parikh Flexi Cap Fund - Direct Growth,01-06-2020,26.44840
Parag Parikh Flexi Cap Fund - Direct Growth,29-05-2020,26.17200
Parag Parikh Flexi Cap Fund - Direct Growth,28-05-2020,26.00390
Parag Parikh Flexi Cap Fund - Direct Growth,27-05-2020,25.79780
Parag Parikh Flexi Cap Fund - Direct Growth,26-05-2020,25.32220
Parag Parikh Flexi Cap Fund - Direct Growth,22-05-2020,25.18260
Parag Parikh Flexi Cap Fund - Direct Growth,21-05-2020,25.31090
Parag Parikh Flexi Cap Fund - Direct Growth,20-05-2020,24.81260
Parag Parikh Flexi Cap Fund - Direct Growth,19-05-2020,24.63820
Parag Parikh Flexi Cap Fund - Direct Growth,18-05-2020,24.42260
Parag Parikh Flexi Cap Fund - Direct Growth,15-05-2020,24.87030
Parag Parikh Flexi Cap Fund - Direct Growth,14-05-2020,24.86370
Parag Parikh Flexi Cap Fund - Direct Growth,13-05-2020,25.09820
Parag Parikh Flexi Cap Fund - Direct Growth,12-05-2020,24.97680
Parag Parikh Flexi Cap Fund - Direct Growth,11-05-2020,24.68180
Parag Parikh Flexi Cap Fund - Direct Growth,08-05-2020,24.40680
Parag Parikh Flexi Cap Fund - Direct Growth,07-05-2020,24.41830
Parag Parikh Flexi Cap Fund - Direct Growth,06-05-2020,24.38920
Parag Parikh Flexi Cap Fund - Direct Growth,05-05-2020,24.06040
Parag Parikh Flexi Cap Fund - Direct Growth,04-05-2020,24.13390
Parag Parikh Flexi Cap Fund - Direct Growth,30-04-2020,24.95360
Parag Parikh Flexi Cap Fund - Direct Growth,29-04-2020,24.39010
Parag Parikh Flexi Cap Fund - Direct Growth,28-04-2020,24.36080
Parag Parikh Flexi Cap Fund - Direct Growth,27-04-2020,24.20140
Parag Parikh Flexi Cap Fund - Direct Growth,24-04-2020,23.92950
Parag Parikh Flexi Cap Fund - Direct Growth,23-04-2020,23.97240
Parag Parikh Flexi Cap Fund - Direct Growth,22-04-2020,23.64750
Parag Parikh Flexi Cap Fund - Direct Growth,21-04-2020,23.80370
Parag Parikh Flexi Cap Fund - Direct Growth,20-04-2020,24.39510
Parag Parikh Flexi Cap Fund - Direct Growth,17-04-2020,24.43950
Parag Parikh Flexi Cap Fund - Direct Growth,16-04-2020,23.84180
Parag Parikh Flexi Cap Fund - Direct Growth,15-04-2020,23.77470
Parag Parikh Flexi Cap Fund - Direct Growth,13-04-2020,23.54960
Parag Parikh Flexi Cap Fund - Direct Growth,09-04-2020,23.61910
Parag Parikh Flexi Cap Fund - Direct Growth,08-04-2020,22.85690
Parag Parikh Flexi Cap Fund - Direct Growth,07-04-2020,22.56870
Parag Parikh Flexi Cap Fund - Direct Growth,03-04-2020,21.26030
Parag Parikh Flexi Cap Fund - Direct Growth,01-04-2020,21.52110
Parag Parikh Flexi Cap Fund - Direct Growth,31-03-2020,21.85870
Parag Parikh Flexi Cap Fund - Direct Growth,30-03-2020,21.27700
Parag Parikh Flexi Cap Fund - Direct Growth,27-03-2020,21.85450
Parag Parikh Flexi Cap Fund - Direct Growth,26-03-2020,21.44230
Parag Parikh Flexi Cap Fund - Direct Growth,25-03-2020,21.14600
Parag Parikh Flexi Cap Fund - Direct Growth,24-03-2020,20.15550
Parag Parikh Flexi Cap Fund - Direct Growth,23-03-2020,20.20320
Parag Parikh Flexi Cap Fund - Direct Growth,20-03-2020,22.09540
Parag Parikh Flexi Cap Fund - Direct Growth,19-03-2020,21.76930
Parag Parikh Flexi Cap Fund - Direct Growth,18-03-2020,22.38250
Parag Parikh Flexi Cap Fund - Direct Growth,17-03-2020,22.79800
Parag Parikh Flexi Cap Fund - Direct Growth,16-03-2020,23.68100
Parag Parikh Flexi Cap Fund - Direct Growth,13-03-2020,24.17840
Parag Parikh Flexi Cap Fund - Direct Growth,12-03-2020,24.52510
Parag Parikh Flexi Cap Fund - Direct Growth,11-03-2020,26.00180
Parag Parikh Flexi Cap Fund - Direct Growth,09-03-2020,25.97590
Parag Parikh Flexi Cap Fund - Direct Growth,06-03-2020,26.82200
Parag Parikh Flexi Cap Fund - Direct Growth,05-03-2020,27.45860
Parag Parikh Flexi Cap Fund - Direct Growth,04-03-2020,27.21930
Parag Parikh Flexi Cap Fund - Direct Growth,03-03-2020,27.57500
Parag Parikh Flexi Cap Fund - Direct Growth,02-03-2020,27.09620
Parag Parikh Flexi Cap Fund - Direct Growth,28-02-2020,27.19630
Parag Parikh Flexi Cap Fund - Direct Growth,27-02-2020,27.99380
Parag Parikh Flexi Cap Fund - Direct Growth,26-02-2020,27.97580
Parag Parikh Flexi Cap Fund - Direct Growth,25-02-2020,28.37800
Parag Parikh Flexi Cap Fund - Direct Growth,24-02-2020,28.81300
Parag Parikh Flexi Cap Fund - Direct Growth,20-02-2020,29.25080
Parag Parikh Flexi Cap Fund - Direct Growth,19-02-2020,29.27070
Parag Parikh Flexi Cap Fund - Direct Growth,18-02-2020,29.06140
Parag Parikh Flexi Cap Fund - Direct Growth,17-02-2020,29.17460
Parag Parikh Flexi Cap Fund - Direct Growth,14-02-2020,29.13330
Parag Parikh Flexi Cap Fund - Direct Growth,13-02-2020,29.29670
Parag Parikh Flexi Cap Fund - Direct Growth,12-02-2020,29.26450
Parag Parikh Flexi Cap Fund - Direct Growth,11-02-2020,29.22200
Parag Parikh Flexi Cap Fund - Direct Growth,10-02-2020,29.01090
Parag Parikh Flexi Cap Fund - Direct Growth,07-02-2020,29.08180
Parag Parikh Flexi Cap Fund - Direct Growth,06-02-2020,28.97540
Parag Parikh Flexi Cap Fund - Direct Growth,05-02-2020,28.90400
Parag Parikh Flexi Cap Fund - Direct Growth,04-02-2020,28.79750
Parag Parikh Flexi Cap Fund - Direct Growth,03-02-2020,28.27360
Parag Parikh Flexi Cap Fund - Direct Growth,31-01-2020,28.43600
Parag Parikh Flexi Cap Fund - Direct Growth,30-01-2020,28.47360
Parag Parikh Flexi Cap Fund - Direct Growth,29-01-2020,28.49580
Parag Parikh Flexi Cap Fund - Direct Growth,28-01-2020,28.28310
Parag Parikh Flexi Cap Fund - Direct Growth,27-01-2020,28.38130
Parag Parikh Flexi Cap Fund - Direct Growth,24-01-2020,28.58220
Parag Parikh Flexi Cap Fund - Direct Growth,23-01-2020,28.60180
Parag Parikh Flexi Cap Fund - Direct Growth,22-01-2020,28.49560
Parag Parikh Flexi Cap Fund - Direct Growth,21-01-2020,28.45580
Parag Parikh Flexi Cap Fund - Direct Growth,20-01-2020,28.49980
Parag Parikh Flexi Cap Fund - Direct Growth,17-01-2020,28.52850
Parag Parikh Flexi Cap Fund - Direct Growth,16-01-2020,28.40770
Parag Parikh Flexi Cap Fund - Direct Growth,15-01-2020,28.35990
Parag Parikh Flexi Cap Fund - Direct Growth,14-01-2020,28.28530
Parag Parikh Flexi Cap Fund - Direct Growth,13-01-2020,28.08950
Parag Parikh Flexi Cap Fund - Direct Growth,10-01-2020,28.07760
Parag Parikh Flexi Cap Fund - Direct Growth,09-01-2020,28.01640
Parag Parikh Flexi Cap Fund - Direct Growth,08-01-2020,27.80380
Parag Parikh Flexi Cap Fund - Direct Growth,07-01-2020,27.76400
Parag Parikh Flexi Cap Fund - Direct Growth,06-01-2020,27.65390
Parag Parikh Flexi Cap Fund - Direct Growth,03-01-2020,27.97970
Parag Parikh Flexi Cap Fund - Direct Growth,02-01-2020,27.95040
Parag Parikh Flexi Cap Fund - Direct Growth,01-01-2020,27.80180
Parag Parikh Flexi Cap Fund - Direct Growth,31-12-2019,27.74550
Parag Parikh Flexi Cap Fund - Direct Growth,30-12-2019,27.89690
Parag Parikh Flexi Cap Fund - Direct Growth,27-12-2019,27.87830
Parag Parikh Flexi Cap Fund - Direct Growth,26-12-2019,27.62130
Parag Parikh Flexi Cap Fund - Direct Growth,24-12-2019,27.72820
Parag Parikh Flexi Cap Fund - Direct Growth,23-12-2019,27.64950
Parag Parikh Flexi Cap Fund - Direct Growth,20-12-2019,27.59450
Parag Parikh Flexi Cap Fund - Direct Growth,19-12-2019,27.47480
Parag Parikh Flexi Cap Fund - Direct Growth,18-12-2019,27.40850
Parag Parikh Flexi Cap Fund - Direct Growth,17-12-2019,27.35190
Parag Parikh Flexi Cap Fund - Direct Growth,16-12-2019,27.19520
Parag Parikh Flexi Cap Fund - Direct Growth,13-12-2019,27.28620
Parag Parikh Flexi Cap Fund - Direct Growth,12-12-2019,27.23580
Parag Parikh Flexi Cap Fund - Direct Growth,11-12-2019,27.13320
Parag Parikh Flexi Cap Fund - Direct Growth,10-12-2019,27.13010
Parag Parikh Flexi Cap Fund - Direct Growth,09-12-2019,27.26530
Parag Parikh Flexi Cap Fund - Direct Growth,06-12-2019,27.15500
Parag Parikh Flexi Cap Fund - Direct Growth,05-12-2019,27.29610
Parag Parikh Flexi Cap Fund - Direct Growth,04-12-2019,27.33190
Parag Parikh Flexi Cap Fund - Direct Growth,03-12-2019,27.21690
Parag Parikh Flexi Cap Fund - Direct Growth,02-12-2019,27.41990
Parag Parikh Flexi Cap Fund - Direct Growth,29-11-2019,27.59240
Parag Parikh Flexi Cap Fund - Direct Growth,28-11-2019,27.67380
Parag Parikh Flexi Cap Fund - Direct Growth,27-11-2019,27.53090
Parag Parikh Flexi Cap Fund - Direct Growth,26-11-2019,27.48020
Parag Parikh Flexi Cap Fund - Direct Growth,25-11-2019,27.45610
Parag Parikh Flexi Cap Fund - Direct Growth,22-11-2019,27.31720
Parag Parikh Flexi Cap Fund - Direct Growth,21-11-2019,27.50100
Parag Parikh Flexi Cap Fund - Direct Growth,20-11-2019,27.54050
Parag Parikh Flexi Cap Fund - Direct Growth,19-11-2019,27.49340
Parag Parikh Flexi Cap Fund - Direct Growth,18-11-2019,27.43510
Parag Parikh Flexi Cap Fund - Direct Growth,15-11-2019,27.39390
Parag Parikh Flexi Cap Fund - Direct Growth,14-11-2019,27.36610
Parag Parikh Flexi Cap Fund - Direct Growth,13-11-2019,27.22410
Parag Parikh Flexi Cap Fund - Direct Growth,11-11-2019,27.39400
Parag Parikh Flexi Cap Fund - Direct Growth,08-11-2019,27.44400
Parag Parikh Flexi Cap Fund - Direct Growth,07-11-2019,27.51140
Parag Parikh Flexi Cap Fund - Direct Growth,06-11-2019,27.54290
Parag Parikh Flexi Cap Fund - Direct Growth,05-11-2019,27.45310
Parag Parikh Flexi Cap Fund - Direct Growth,04-11-2019,27.41280
Parag Parikh Flexi Cap Fund - Direct Growth,01-11-2019,27.38420
Parag Parikh Flexi Cap Fund - Direct Growth,31-10-2019,27.26330
Parag Parikh Flexi Cap Fund - Direct Growth,30-10-2019,27.22420
Parag Parikh Flexi Cap Fund - Direct Growth,29-10-2019,27.27980
Parag Parikh Flexi Cap Fund - Direct Growth,25-10-2019,26.93140
Parag Parikh Flexi Cap Fund - Direct Growth,24-10-2019,26.92830
Parag Parikh Flexi Cap Fund - Direct Growth,23-10-2019,26.85550
Parag Parikh Flexi Cap Fund - Direct Growth,22-10-2019,26.92110
Parag Parikh Flexi Cap Fund - Direct Growth,18-10-2019,26.93150
Parag Parikh Flexi Cap Fund - Direct Growth,17-10-2019,26.67040
Parag Parikh Flexi Cap Fund - Direct Growth,16-10-2019,26.49870
Parag Parikh Flexi Cap Fund - Direct Growth,15-10-2019,26.27510
Parag Parikh Flexi Cap Fund - Direct Growth,14-10-2019,26.12670
Parag Parikh Flexi Cap Fund - Direct Growth,11-10-2019,25.84140
Parag Parikh Flexi Cap Fund - Direct Growth,10-10-2019,25.83400
Parag Parikh Flexi Cap Fund - Direct Growth,09-10-2019,25.92500
Parag Parikh Flexi Cap Fund - Direct Growth,07-10-2019,25.88350
Parag Parikh Flexi Cap Fund - Direct Growth,04-10-2019,25.76890
Parag Parikh Flexi Cap Fund - Direct Growth,03-10-2019,25.89420
Parag Parikh Flexi Cap Fund - Direct Growth,01-10-2019,26.23160
Parag Parikh Flexi Cap Fund - Direct Growth,30-09-2019,26.32610
Parag Parikh Flexi Cap Fund - Direct Growth,27-09-2019,26.51030
Parag Parikh Flexi Cap Fund - Direct Growth,26-09-2019,26.58010
Parag Parikh Flexi Cap Fund - Direct Growth,25-09-2019,26.48240
Parag Parikh Flexi Cap Fund - Direct Growth,24-09-2019,26.85610
Parag Parikh Flexi Cap Fund - Direct Growth,23-09-2019,26.89040
Parag Parikh Flexi Cap Fund - Direct Growth,20-09-2019,26.30880
Parag Parikh Flexi Cap Fund - Direct Growth,19-09-2019,25.52360
Parag Parikh Flexi Cap Fund - Direct Growth,18-09-2019,25.70890
Parag Parikh Flexi Cap Fund - Direct Growth,17-09-2019,25.71100
Parag Parikh Flexi Cap Fund - Direct Growth,16-09-2019,26.10900
Parag Parikh Flexi Cap Fund - Direct Growth,13-09-2019,26.16020
Parag Parikh Flexi Cap Fund - Direct Growth,12-09-2019,26.01580
Parag Parikh Flexi Cap Fund - Direct Growth,11-09-2019,25.91750
Parag Parikh Flexi Cap Fund - Direct Growth,09-09-2019,25.87720
Parag Parikh Flexi Cap Fund - Direct Growth,06-09-2019,25.73400
Parag Parikh Flexi Cap Fund - Direct Growth,05-09-2019,25.45320
Parag Parikh Flexi Cap Fund - Direct Growth,04-09-2019,25.34840
Parag Parikh Flexi Cap Fund - Direct Growth,03-09-2019,25.33890
Parag Parikh Flexi Cap Fund - Direct Growth,30-08-2019,25.46650
Parag Parikh Flexi Cap Fund - Direct Growth,29-08-2019,25.32950
Parag Parikh Flexi Cap Fund - Direct Growth,28-08-2019,25.38700
Parag Parikh Flexi Cap Fund - Direct Growth,27-08-2019,25.43620
Parag Parikh Flexi Cap Fund - Direct Growth,26-08-2019,25.31300
Parag Parikh Flexi Cap Fund - Direct Growth,23-08-2019,25.25680
Parag Parikh Flexi Cap Fund - Direct Growth,22-08-2019,25.30230
Parag Parikh Flexi Cap Fund - Direct Growth,21-08-2019,25.34250
Parag Parikh Flexi Cap Fund - Direct Growth,20-08-2019,25.44960
Parag Parikh Flexi Cap Fund - Direct Growth,19-08-2019,25.33420
Parag Parikh Flexi Cap Fund - Direct Growth,16-08-2019,25.21510
Parag Parikh Flexi Cap Fund - Direct Growth,14-08-2019,25.34050
Parag Parikh Flexi Cap Fund - Direct Growth,13-08-2019,25.17580
Parag Parikh Flexi Cap Fund - Direct Growth,09-08-2019,25.60170
Parag Parikh Flexi Cap Fund - Direct Growth,08-08-2019,25.27810
Parag Parikh Flexi Cap Fund - Direct Growth,07-08-2019,25.12200
Parag Parikh Flexi Cap Fund - Direct Growth,06-08-2019,25.01660
Parag Parikh Flexi Cap Fund - Direct Growth,05-08-2019,25.08660
Parag Parikh Flexi Cap Fund - Direct Growth,02-08-2019,25.33260
Parag Parikh Flexi Cap Fund - Direct Growth,01-08-2019,25.22070
Parag Parikh Flexi Cap Fund - Direct Growth,31-07-2019,25.49590
Parag Parikh Flexi Cap Fund - Direct Growth,30-07-2019,25.50370
Parag Parikh Flexi Cap Fund - Direct Growth,29-07-2019,25.73390
Parag Parikh Flexi Cap Fund - Direct Growth,26-07-2019,25.59150
Parag Parikh Flexi Cap Fund - Direct Growth,25-07-2019,25.57330
Parag Parikh Flexi Cap Fund - Direct Growth,24-07-2019,25.48470
Parag Parikh Flexi Cap Fund - Direct Growth,23-07-2019,25.61000
Parag Parikh Flexi Cap Fund - Direct Growth,22-07-2019,25.54240
Parag Parikh Flexi Cap Fund - Direct Growth,19-07-2019,25.72460
Parag Parikh Flexi Cap Fund - Direct Growth,18-07-2019,26.02740
Parag Parikh Flexi Cap Fund - Direct Growth,17-07-2019,26.14040
Parag Parikh Flexi Cap Fund - Direct Growth,16-07-2019,26.16820
Parag Parikh Flexi Cap Fund - Direct Growth,15-07-2019,26.07760
Parag Parikh Flexi Cap Fund - Direct Growth,12-07-2019,26.06140
Parag Parikh Flexi Cap Fund - Direct Growth,11-07-2019,26.06140
Parag Parikh Flexi Cap Fund - Direct Growth,10-07-2019,25.87040
Parag Parikh Flexi Cap Fund - Direct Growth,09-07-2019,25.91600
Parag Parikh Flexi Cap Fund - Direct Growth,08-07-2019,25.91260
Parag Parikh Flexi Cap Fund - Direct Growth,05-07-2019,26.23770
Parag Parikh Flexi Cap Fund - Direct Growth,04-07-2019,26.42000
Parag Parikh Flexi Cap Fund - Direct Growth,03-07-2019,26.35630
Parag Parikh Flexi Cap Fund - Direct Growth,02-07-2019,26.28720
Parag Parikh Flexi Cap Fund - Direct Growth,01-07-2019,26.23430
Parag Parikh Flexi Cap Fund - Direct Growth,28-06-2019,26.07970
Parag Parikh Flexi Cap Fund - Direct Growth,27-06-2019,26.09400
Parag Parikh Flexi Cap Fund - Direct Growth,26-06-2019,26.05420
Parag Parikh Flexi Cap Fund - Direct Growth,25-06-2019,26.11600
Parag Parikh Flexi Cap Fund - Direct Growth,24-06-2019,26.07060
Parag Parikh Flexi Cap Fund - Direct Growth,21-06-2019,26.08620
Parag Parikh Flexi Cap Fund - Direct Growth,20-06-2019,26.09590
Parag Parikh Flexi Cap Fund - Direct Growth,19-06-2019,25.98150
Parag Parikh Flexi Cap Fund - Direct Growth,18-06-2019,25.95340
Parag Parikh Flexi Cap Fund - Direct Growth,17-06-2019,25.85200
Parag Parikh Flexi Cap Fund - Direct Growth,14-06-2019,25.99470
Parag Parikh Flexi Cap Fund - Direct Growth,13-06-2019,26.05800
Parag Parikh Flexi Cap Fund - Direct Growth,12-06-2019,26.13970
Parag Parikh Flexi Cap Fund - Direct Growth,11-06-2019,26.16580
Parag Parikh Flexi Cap Fund - Direct Growth,10-06-2019,25.93110
Parag Parikh Flexi Cap Fund - Direct Growth,07-06-2019,25.74790
Parag Parikh Flexi Cap Fund - Direct Growth,06-06-2019,25.63290
Parag Parikh Flexi Cap Fund - Direct Growth,04-06-2019,25.63140
Parag Parikh Flexi Cap Fund - Direct Growth,03-06-2019,25.90830
Parag Parikh Flexi Cap Fund - Direct Growth,31-05-2019,25.89350
Parag Parikh Flexi Cap Fund - Direct Growth,30-05-2019,25.92550
Parag Parikh Flexi Cap Fund - Direct Growth,29-05-2019,25.94170
Parag Parikh Flexi Cap Fund - Direct Growth,28-05-2019,25.94550
Parag Parikh Flexi Cap Fund - Direct Growth,27-05-2019,25.97450
Parag Parikh Flexi Cap Fund - Direct Growth,24-05-2019,25.77510
Parag Parikh Flexi Cap Fund - Direct Growth,23-05-2019,25.65350
Parag Parikh Flexi Cap Fund - Direct Growth,22-05-2019,25.73810
Parag Parikh Flexi Cap Fund - Direct Growth,21-05-2019,25.56310
Parag Parikh Flexi Cap Fund - Direct Growth,20-05-2019,25.72000
Parag Parikh Flexi Cap Fund - Direct Growth,17-05-2019,25.59490
Parag Parikh Flexi Cap Fund - Direct Growth,16-05-2019,25.38810
Parag Parikh Flexi Cap Fund - Direct Growth,15-05-2019,25.19670
Parag Parikh Flexi Cap Fund - Direct Growth,14-05-2019,25.28010
Parag Parikh Flexi Cap Fund - Direct Growth,13-05-2019,25.30970
Parag Parikh Flexi Cap Fund - Direct Growth,10-05-2019,25.40720
Parag Parikh Flexi Cap Fund - Direct Growth,09-05-2019,25.48860
Parag Parikh Flexi Cap Fund - Direct Growth,08-05-2019,25.50040
Parag Parikh Flexi Cap Fund - Direct Growth,07-05-2019,25.76000
Parag Parikh Flexi Cap Fund - Direct Growth,06-05-2019,25.84240
Parag Parikh Flexi Cap Fund - Direct Growth,03-05-2019,25.86150
Parag Parikh Flexi Cap Fund - Direct Growth,02-05-2019,25.89020
Parag Parikh Flexi Cap Fund - Direct Growth,30-04-2019,26.09990
Parag Parikh Flexi Cap Fund - Direct Growth,26-04-2019,26.19960
Parag Parikh Flexi Cap Fund - Direct Growth,25-04-2019,26.12830
Parag Parikh Flexi Cap Fund - Direct Growth,24-04-2019,26.23910
Parag Parikh Flexi Cap Fund - Direct Growth,23-04-2019,26.14430
Parag Parikh Flexi Cap Fund - Direct Growth,22-04-2019,26.07660
Parag Parikh Flexi Cap Fund - Direct Growth,18-04-2019,26.14280
Parag Parikh Flexi Cap Fund - Direct Growth,16-04-2019,26.03320
Parag Parikh Flexi Cap Fund - Direct Growth,15-04-2019,25.91220
Parag Parikh Flexi Cap Fund - Direct Growth,12-04-2019,25.84120
Parag Parikh Flexi Cap Fund - Direct Growth,11-04-2019,25.78370
Parag Parikh Flexi Cap Fund - Direct Growth,10-04-2019,25.78430
Parag Parikh Flexi Cap Fund - Direct Growth,09-04-2019,25.84040
Parag Parikh Flexi Cap Fund - Direct Growth,08-04-2019,25.83140
Parag Parikh Flexi Cap Fund - Direct Growth,05-04-2019,25.92710
Parag Parikh Flexi Cap Fund - Direct Growth,04-04-2019,25.78300
Parag Parikh Flexi Cap Fund - Direct Growth,03-04-2019,25.81850
Parag Parikh Flexi Cap Fund - Direct Growth,02-04-2019,25.82500
Parag Parikh Flexi Cap Fund - Direct Growth,01-04-2019,25.71000
Parag Parikh Flexi Cap Fund - Direct Growth,29-03-2019,25.73090
Parag Parikh Flexi Cap Fund - Direct Growth,28-03-2019,25.75460
Parag Parikh Flexi Cap Fund - Direct Growth,27-03-2019,25.53550
Parag Parikh Flexi Cap Fund - Direct Growth,26-03-2019,25.52370
Parag Parikh Flexi Cap Fund - Direct Growth,25-03-2019,25.44150
Parag Parikh Flexi Cap Fund - Direct Growth,22-03-2019,25.65980
Parag Parikh Flexi Cap Fund - Direct Growth,20-03-2019,25.62230
Parag Parikh Flexi Cap Fund - Direct Growth,19-03-2019,25.57630
Parag Parikh Flexi Cap Fund - Direct Growth,18-03-2019,25.55950
Parag Parikh Flexi Cap Fund - Direct Growth,15-03-2019,25.65120
Parag Parikh Flexi Cap Fund - Direct Growth,14-03-2019,25.64260
Parag Parikh Flexi Cap Fund - Direct Growth,13-03-2019,25.61220
Parag Parikh Flexi Cap Fund - Direct Growth,12-03-2019,25.69170
Parag Parikh Flexi Cap Fund - Direct Growth,11-03-2019,25.36900
Parag Parikh Flexi Cap Fund - Direct Growth,08-03-2019,25.18030
Parag Parikh Flexi Cap Fund - Direct Growth,07-03-2019,25.27260
Parag Parikh Flexi Cap Fund - Direct Growth,06-03-2019,25.27950
Parag Parikh Flexi Cap Fund - Direct Growth,05-03-2019,25.24550
Parag Parikh Flexi Cap Fund - Direct Growth,01-03-2019,24.98160
Parag Parikh Flexi Cap Fund - Direct Growth,28-02-2019,24.92760
Parag Parikh Flexi Cap Fund - Direct Growth,27-02-2019,24.94830
Parag Parikh Flexi Cap Fund - Direct Growth,26-02-2019,24.88630
Parag Parikh Flexi Cap Fund - Direct Growth,25-02-2019,24.81370
Parag Parikh Flexi Cap Fund - Direct Growth,22-02-2019,24.67700
Parag Parikh Flexi Cap Fund - Direct Growth,21-02-2019,24.76090
Parag Parikh Flexi Cap Fund - Direct Growth,20-02-2019,24.70770
Parag Parikh Flexi Cap Fund - Direct Growth,19-02-2019,24.64880
Parag Parikh Flexi Cap Fund - Direct Growth,18-02-2019,24.61620
Parag Parikh Flexi Cap Fund - Direct Growth,15-02-2019,24.70530
Parag Parikh Flexi Cap Fund - Direct Growth,14-02-2019,24.80920
Parag Parikh Flexi Cap Fund - Direct Growth,13-02-2019,24.75910
Parag Parikh Flexi Cap Fund - Direct Growth,12-02-2019,24.64970
Parag Parikh Flexi Cap Fund - Direct Growth,11-02-2019,24.70420
Parag Parikh Flexi Cap Fund - Direct Growth,08-02-2019,24.72210
Parag Parikh Flexi Cap Fund - Direct Growth,07-02-2019,24.97500
Parag Parikh Flexi Cap Fund - Direct Growth,06-02-2019,24.95930
Parag Parikh Flexi Cap Fund - Direct Growth,05-02-2019,24.84300
Parag Parikh Flexi Cap Fund - Direct Growth,04-02-2019,24.75210
Parag Parikh Flexi Cap Fund - Direct Growth,01-02-2019,24.70140
Parag Parikh Flexi Cap Fund - Direct Growth,31-01-2019,24.36000
Parag Parikh Flexi Cap Fund - Direct Growth,30-01-2019,24.17690
Parag Parikh Flexi Cap Fund - Direct Growth,29-01-2019,24.03840
Parag Parikh Flexi Cap Fund - Direct Growth,28-01-2019,24.08310
Parag Parikh Flexi Cap Fund - Direct Growth,25-01-2019,24.12990
Parag Parikh Flexi Cap Fund - Direct Growth,24-01-2019,24.19600
Parag Parikh Flexi Cap Fund - Direct Growth,23-01-2019,24.14750
Parag Parikh Flexi Cap Fund - Direct Growth,22-01-2019,24.27410
Parag Parikh Flexi Cap Fund - Direct Growth,21-01-2019,24.30720
Parag Parikh Flexi Cap Fund - Direct Growth,18-01-2019,24.25470
Parag Parikh Flexi Cap Fund - Direct Growth,17-01-2019,24.31060
Parag Parikh Flexi Cap Fund - Direct Growth,16-01-2019,24.27970
Parag Parikh Flexi Cap Fund - Direct Growth,15-01-2019,24.18790
Parag Parikh Flexi Cap Fund - Direct Growth,14-01-2019,24.20540
Parag Parikh Flexi Cap Fund - Direct Growth,11-01-2019,24.27010
Parag Parikh Flexi Cap Fund - Direct Growth,10-01-2019,24.22300
Parag Parikh Flexi Cap Fund - Direct Growth,09-01-2019,24.16820
Parag Parikh Flexi Cap Fund - Direct Growth,08-01-2019,24.03590
Parag Parikh Flexi Cap Fund - Direct Growth,07-01-2019,23.98440
Parag Parikh Flexi Cap Fund - Direct Growth,04-01-2019,23.78280
Parag Parikh Flexi Cap Fund - Direct Growth,03-01-2019,24.00020
Parag Parikh Flexi Cap Fund - Direct Growth,02-01-2019,24.03610
Parag Parikh Flexi Cap Fund - Direct Growth,01-01-2019,24.14110
Parag Parikh Flexi Cap Fund - Direct Growth,31-12-2018,24.05510
Parag Parikh Flexi Cap Fund - Direct Growth,28-12-2018,24.02580
Parag Parikh Flexi Cap Fund - Direct Growth,27-12-2018,23.91370
Parag Parikh Flexi Cap Fund - Direct Growth,26-12-2018,23.64020
Parag Parikh Flexi Cap Fund - Direct Growth,24-12-2018,23.68530
Parag Parikh Flexi Cap Fund - Direct Growth,21-12-2018,23.89790
Parag Parikh Flexi Cap Fund - Direct Growth,20-12-2018,24.07530
Parag Parikh Flexi Cap Fund - Direct Growth,19-12-2018,24.16160
Parag Parikh Flexi Cap Fund - Direct Growth,18-12-2018,24.02030
Parag Parikh Flexi Cap Fund - Direct Growth,17-12-2018,24.11460
Parag Parikh Flexi Cap Fund - Direct Growth,14-12-2018,24.15370
Parag Parikh Flexi Cap Fund - Direct Growth,13-12-2018,24.19800
Parag Parikh Flexi Cap Fund - Direct Growth,12-12-2018,24.04390
Parag Parikh Flexi Cap Fund - Direct Growth,11-12-2018,23.82080
Parag Parikh Flexi Cap Fund - Direct Growth,10-12-2018,23.74400
Parag Parikh Flexi Cap Fund - Direct Growth,07-12-2018,23.97020
Parag Parikh Flexi Cap Fund - Direct Growth,06-12-2018,23.91160
Parag Parikh Flexi Cap Fund - Direct Growth,05-12-2018,23.95980
Parag Parikh Flexi Cap Fund - Direct Growth,04-12-2018,24.22820
Parag Parikh Flexi Cap Fund - Direct Growth,03-12-2018,24.20180
Parag Parikh Flexi Cap Fund - Direct Growth,30-11-2018,24.15320
Parag Parikh Flexi Cap Fund - Direct Growth,29-11-2018,24.04300
Parag Parikh Flexi Cap Fund - Direct Growth,28-11-2018,23.87690
Parag Parikh Flexi Cap Fund - Direct Growth,27-11-2018,23.79840
Parag Parikh Flexi Cap Fund - Direct Growth,26-11-2018,23.61780
Parag Parikh Flexi Cap Fund - Direct Growth,22-11-2018,23.59000
Parag Parikh Flexi Cap Fund - Direct Growth,21-11-2018,23.51400
Parag Parikh Flexi Cap Fund - Direct Growth,20-11-2018,23.53920
Parag Parikh Flexi Cap Fund - Direct Growth,19-11-2018,23.84120
Parag Parikh Flexi Cap Fund - Direct Growth,16-11-2018,23.83170
Parag Parikh Flexi Cap Fund - Direct Growth,15-11-2018,23.60720
Parag Parikh Flexi Cap Fund - Direct Growth,14-11-2018,23.52270
Parag Parikh Flexi Cap Fund - Direct Growth,13-11-2018,23.52160
Parag Parikh Flexi Cap Fund - Direct Growth,12-11-2018,23.62860
Parag Parikh Flexi Cap Fund - Direct Growth,09-11-2018,23.70500
Parag Parikh Flexi Cap Fund - Direct Growth,06-11-2018,23.53840
Parag Parikh Flexi Cap Fund - Direct Growth,05-11-2018,23.75990
Parag Parikh Flexi Cap Fund - Direct Growth,02-11-2018,23.83640
Parag Parikh Flexi Cap Fund - Direct Growth,01-11-2018,23.83880
Parag Parikh Flexi Cap Fund - Direct Growth,31-10-2018,23.62790
Parag Parikh Flexi Cap Fund - Direct Growth,30-10-2018,23.34720
Parag Parikh Flexi Cap Fund - Direct Growth,29-10-2018,23.49890
Parag Parikh Flexi Cap Fund - Direct Growth,26-10-2018,23.42480
Parag Parikh Flexi Cap Fund - Direct Growth,25-10-2018,23.29090
Parag Parikh Flexi Cap Fund - Direct Growth,24-10-2018,23.63590
Parag Parikh Flexi Cap Fund - Direct Growth,23-10-2018,23.63420
Parag Parikh Flexi Cap Fund - Direct Growth,22-10-2018,23.69980
Parag Parikh Flexi Cap Fund - Direct Growth,19-10-2018,23.83730
Parag Parikh Flexi Cap Fund - Direct Growth,17-10-2018,24.12260
Parag Parikh Flexi Cap Fund - Direct Growth,16-10-2018,24.11220
Parag Parikh Flexi Cap Fund - Direct Growth,15-10-2018,24.06840
Parag Parikh Flexi Cap Fund - Direct Growth,12-10-2018,23.90400
Parag Parikh Flexi Cap Fund - Direct Growth,11-10-2018,23.77320
Parag Parikh Flexi Cap Fund - Direct Growth,10-10-2018,24.21820
Parag Parikh Flexi Cap Fund - Direct Growth,09-10-2018,24.02590
Parag Parikh Flexi Cap Fund - Direct Growth,08-10-2018,24.04560
Parag Parikh Flexi Cap Fund - Direct Growth,05-10-2018,24.35390
Parag Parikh Flexi Cap Fund - Direct Growth,04-10-2018,24.76450
Parag Parikh Flexi Cap Fund - Direct Growth,03-10-2018,24.89450
Parag Parikh Flexi Cap Fund - Direct Growth,01-10-2018,25.01110
Parag Parikh Flexi Cap Fund - Direct Growth,28-09-2018,25.09270
Parag Parikh Flexi Cap Fund - Direct Growth,27-09-2018,25.10330
Parag Parikh Flexi Cap Fund - Direct Growth,26-09-2018,25.29720
Parag Parikh Flexi Cap Fund - Direct Growth,25-09-2018,25.29600
Parag Parikh Flexi Cap Fund - Direct Growth,24-09-2018,25.25040
Parag Parikh Flexi Cap Fund - Direct Growth,21-09-2018,25.47790
Parag Parikh Flexi Cap Fund - Direct Growth,19-09-2018,25.54360
Parag Parikh Flexi Cap Fund - Direct Growth,18-09-2018,25.56310
Parag Parikh Flexi Cap Fund - Direct Growth,17-09-2018,25.74860
Parag Parikh Flexi Cap Fund - Direct Growth,14-09-2018,25.92120
Parag Parikh Flexi Cap Fund - Direct Growth,12-09-2018,25.86160
Parag Parikh Flexi Cap Fund - Direct Growth,11-09-2018,25.88900
Parag Parikh Flexi Cap Fund - Direct Growth,10-09-2018,25.97840
Parag Parikh Flexi Cap Fund - Direct Growth,07-09-2018,26.11590
Parag Parikh Flexi Cap Fund - Direct Growth,06-09-2018,26.08220
Parag Parikh Flexi Cap Fund - Direct Growth,05-09-2018,25.98450
Parag Parikh Flexi Cap Fund - Direct Growth,04-09-2018,26.23160
Parag Parikh Flexi Cap Fund - Direct Growth,03-09-2018,26.33990
Parag Parikh Flexi Cap Fund - Direct Growth,31-08-2018,26.46970
Parag Parikh Flexi Cap Fund - Direct Growth,30-08-2018,26.51610
Parag Parikh Flexi Cap Fund - Direct Growth,29-08-2018,26.45290
Parag Parikh Flexi Cap Fund - Direct Growth,28-08-2018,26.42400
Parag Parikh Flexi Cap Fund - Direct Growth,27-08-2018,26.25720
Parag Parikh Flexi Cap Fund - Direct Growth,24-08-2018,26.06190
Parag Parikh Flexi Cap Fund - Direct Growth,23-08-2018,26.09690
Parag Parikh Flexi Cap Fund - Direct Growth,21-08-2018,26.04740
Parag Parikh Flexi Cap Fund - Direct Growth,20-08-2018,26.04230
Parag Parikh Flexi Cap Fund - Direct Growth,17-08-2018,26.04260
Parag Parikh Flexi Cap Fund - Direct Growth,16-08-2018,26.01850
Parag Parikh Flexi Cap Fund - Direct Growth,14-08-2018,25.93120
Parag Parikh Flexi Cap Fund - Direct Growth,13-08-2018,25.76080
Parag Parikh Flexi Cap Fund - Direct Growth,10-08-2018,25.90920
Parag Parikh Flexi Cap Fund - Direct Growth,09-08-2018,26.00320
Parag Parikh Flexi Cap Fund - Direct Growth,08-08-2018,25.98680
Parag Parikh Flexi Cap Fund - Direct Growth,07-08-2018,25.95080
Parag Parikh Flexi Cap Fund - Direct Growth,06-08-2018,25.83490
Parag Parikh Flexi Cap Fund - Direct Growth,03-08-2018,25.77200
Parag Parikh Flexi Cap Fund - Direct Growth,02-08-2018,25.49750
Parag Parikh Flexi Cap Fund - Direct Growth,01-08-2018,25.49460
Parag Parikh Flexi Cap Fund - Direct Growth,31-07-2018,25.46670
Parag Parikh Flexi Cap Fund - Direct Growth,30-07-2018,25.51390
Parag Parikh Flexi Cap Fund - Direct Growth,27-07-2018,25.61630
Parag Parikh Flexi Cap Fund - Direct Growth,26-07-2018,25.80700
Parag Parikh Flexi Cap Fund - Direct Growth,25-07-2018,25.68470
Parag Parikh Flexi Cap Fund - Direct Growth,24-07-2018,25.57620
Parag Parikh Flexi Cap Fund - Direct Growth,23-07-2018,25.46320
Parag Parikh Flexi Cap Fund - Direct Growth,20-07-2018,25.45100
Parag Parikh Flexi Cap Fund - Direct Growth,19-07-2018,25.29600
Parag Parikh Flexi Cap Fund - Direct Growth,18-07-2018,25.29530
Parag Parikh Flexi Cap Fund - Direct Growth,17-07-2018,25.20350
Parag Parikh Flexi Cap Fund - Direct Growth,16-07-2018,25.16690
Parag Parikh Flexi Cap Fund - Direct Growth,13-07-2018,25.32570
Parag Parikh Flexi Cap Fund - Direct Growth,12-07-2018,25.30930
Parag Parikh Flexi Cap Fund - Direct Growth,11-07-2018,25.30640
Parag Parikh Flexi Cap Fund - Direct Growth,10-07-2018,25.36570
Parag Parikh Flexi Cap Fund - Direct Growth,09-07-2018,25.26100
Parag Parikh Flexi Cap Fund - Direct Growth,06-07-2018,25.06130
Parag Parikh Flexi Cap Fund - Direct Growth,05-07-2018,24.82730
Parag Parikh Flexi Cap Fund - Direct Growth,04-07-2018,24.77560
Parag Parikh Flexi Cap Fund - Direct Growth,03-07-2018,24.56600
Parag Parikh Flexi Cap Fund - Direct Growth,02-07-2018,24.48700
Parag Parikh Flexi Cap Fund - Direct Growth,29-06-2018,24.48940
Parag Parikh Flexi Cap Fund - Direct Growth,28-06-2018,24.30440
Parag Parikh Flexi Cap Fund - Direct Growth,27-06-2018,24.62890
Parag Parikh Flexi Cap Fund - Direct Growth,26-06-2018,24.76930
Parag Parikh Flexi Cap Fund - Direct Growth,25-06-2018,25.02900
Parag Parikh Flexi Cap Fund - Direct Growth,22-06-2018,24.98860
Parag Parikh Flexi Cap Fund - Direct Growth,21-06-2018,25.01510
Parag Parikh Flexi Cap Fund - Direct Growth,20-06-2018,24.94420
Parag Parikh Flexi Cap Fund - Direct Growth,19-06-2018,24.94040
Parag Parikh Flexi Cap Fund - Direct Growth,18-06-2018,24.94310
Parag Parikh Flexi Cap Fund - Direct Growth,15-06-2018,24.86940
Parag Parikh Flexi Cap Fund - Direct Growth,14-06-2018,24.82970
Parag Parikh Flexi Cap Fund - Direct Growth,13-06-2018,24.79970
Parag Parikh Flexi Cap Fund - Direct Growth,12-06-2018,24.81780
Parag Parikh Flexi Cap Fund - Direct Growth,11-06-2018,24.60820
Parag Parikh Flexi Cap Fund - Direct Growth,08-06-2018,24.48810
Parag Parikh Flexi Cap Fund - Direct Growth,07-06-2018,24.35530
Parag Parikh Flexi Cap Fund - Direct Growth,06-06-2018,24.23720
Parag Parikh Flexi Cap Fund - Direct Growth,05-06-2018,24.15230
Parag Parikh Flexi Cap Fund - Direct Growth,04-06-2018,24.25930
Parag Parikh Flexi Cap Fund - Direct Growth,01-06-2018,24.26550
Parag Parikh Flexi Cap Fund - Direct Growth,31-05-2018,24.29300
Parag Parikh Flexi Cap Fund - Direct Growth,30-05-2018,24.29460
Parag Parikh Flexi Cap Fund - Direct Growth,29-05-2018,24.29440
Parag Parikh Flexi Cap Fund - Direct Growth,28-05-2018,24.31550
Parag Parikh Flexi Cap Fund - Direct Growth,25-05-2018,24.29800
Parag Parikh Flexi Cap Fund - Direct Growth,24-05-2018,24.20170
Parag Parikh Flexi Cap Fund - Direct Growth,23-05-2018,24.19050
Parag Parikh Flexi Cap Fund - Direct Growth,22-05-2018,24.26930
Parag Parikh Flexi Cap Fund - Direct Growth,21-05-2018,24.01170
Parag Parikh Flexi Cap Fund - Direct Growth,18-05-2018,24.28850
Parag Parikh Flexi Cap Fund - Direct Growth,17-05-2018,24.37480
Parag Parikh Flexi Cap Fund - Direct Growth,16-05-2018,24.27660
Parag Parikh Flexi Cap Fund - Direct Growth,15-05-2018,24.29090
Parag Parikh Flexi Cap Fund - Direct Growth,14-05-2018,24.23660
Parag Parikh Flexi Cap Fund - Direct Growth,11-05-2018,24.19260
Parag Parikh Flexi Cap Fund - Direct Growth,10-05-2018,24.04600
Parag Parikh Flexi Cap Fund - Direct Growth,09-05-2018,24.02250
Parag Parikh Flexi Cap Fund - Direct Growth,08-05-2018,23.98500
Parag Parikh Flexi Cap Fund - Direct Growth,07-05-2018,23.94460
Parag Parikh Flexi Cap Fund - Direct Growth,04-05-2018,23.82010
Parag Parikh Flexi Cap Fund - Direct Growth,03-05-2018,23.88230
Parag Parikh Flexi Cap Fund - Direct Growth,02-05-2018,23.95070
Parag Parikh Flexi Cap Fund - Direct Growth,30-04-2018,24.10460
Parag Parikh Flexi Cap Fund - Direct Growth,27-04-2018,23.98220
Parag Parikh Flexi Cap Fund - Direct Growth,26-04-2018,23.69700
Parag Parikh Flexi Cap Fund - Direct Growth,25-04-2018,23.68170
Parag Parikh Flexi Cap Fund - Direct Growth,24-04-2018,23.87810
Parag Parikh Flexi Cap Fund - Direct Growth,23-04-2018,23.77610
Parag Parikh Flexi Cap Fund - Direct Growth,20-04-2018,23.84800
Parag Parikh Flexi Cap Fund - Direct Growth,19-04-2018,23.76850
Parag Parikh Flexi Cap Fund - Direct Growth,18-04-2018,23.78850
Parag Parikh Flexi Cap Fund - Direct Growth,17-04-2018,23.74190
Parag Parikh Flexi Cap Fund - Direct Growth,16-04-2018,23.68840
Parag Parikh Flexi Cap Fund - Direct Growth,13-04-2018,23.63010
Parag Parikh Flexi Cap Fund - Direct Growth,12-04-2018,23.57540
Parag Parikh Flexi Cap Fund - Direct Growth,11-04-2018,23.55950
Parag Parikh Flexi Cap Fund - Direct Growth,10-04-2018,23.49900
Parag Parikh Flexi Cap Fund - Direct Growth,09-04-2018,23.46440
Parag Parikh Flexi Cap Fund - Direct Growth,06-04-2018,23.45510
Parag Parikh Flexi Cap Fund - Direct Growth,05-04-2018,23.23770
Parag Parikh Flexi Cap Fund - Direct Growth,04-04-2018,23.04480
Parag Parikh Flexi Cap Fund - Direct Growth,03-04-2018,23.06640
Parag Parikh Flexi Cap Fund - Direct Growth,02-04-2018,23.11210
Parag Parikh Flexi Cap Fund - Direct Growth,28-03-2018,22.92480
Parag Parikh Flexi Cap Fund - Direct Growth,27-03-2018,23.17450
Parag Parikh Flexi Cap Fund - Direct Growth,26-03-2018,23.05840
Parag Parikh Flexi Cap Fund - Direct Growth,23-03-2018,22.99440
Parag Parikh Flexi Cap Fund - Direct Growth,22-03-2018,23.32150
Parag Parikh Flexi Cap Fund - Direct Growth,21-03-2018,23.41880
Parag Parikh Flexi Cap Fund - Direct Growth,20-03-2018,23.46150
Parag Parikh Flexi Cap Fund - Direct Growth,19-03-2018,23.63660
Parag Parikh Flexi Cap Fund - Direct Growth,16-03-2018,23.83900
Parag Parikh Flexi Cap Fund - Direct Growth,15-03-2018,23.98560
Parag Parikh Flexi Cap Fund - Direct Growth,14-03-2018,23.93000
Parag Parikh Flexi Cap Fund - Direct Growth,13-03-2018,24.07710
Parag Parikh Flexi Cap Fund - Direct Growth,12-03-2018,24.02990
Parag Parikh Flexi Cap Fund - Direct Growth,09-03-2018,23.82260
Parag Parikh Flexi Cap Fund - Direct Growth,08-03-2018,23.81230
Parag Parikh Flexi Cap Fund - Direct Growth,07-03-2018,23.72730
Parag Parikh Flexi Cap Fund - Direct Growth,06-03-2018,23.81030
Parag Parikh Flexi Cap Fund - Direct Growth,05-03-2018,23.78700
Parag Parikh Flexi Cap Fund - Direct Growth,01-03-2018,24.02470
Parag Parikh Flexi Cap Fund - Direct Growth,28-02-2018,24.15800
Parag Parikh Flexi Cap Fund - Direct Growth,27-02-2018,24.30720
Parag Parikh Flexi Cap Fund - Direct Growth,26-02-2018,24.23500
Parag Parikh Flexi Cap Fund - Direct Growth,23-02-2018,24.05260
Parag Parikh Flexi Cap Fund - Direct Growth,22-02-2018,23.88100
Parag Parikh Flexi Cap Fund - Direct Growth,21-02-2018,23.85170
Parag Parikh Flexi Cap Fund - Direct Growth,20-02-2018,23.86430
Parag Parikh Flexi Cap Fund - Direct Growth,19-02-2018,23.84720
Parag Parikh Flexi Cap Fund - Direct Growth,16-02-2018,23.89650
Parag Parikh Flexi Cap Fund - Direct Growth,15-02-2018,23.92350
Parag Parikh Flexi Cap Fund - Direct Growth,14-02-2018,23.90280
Parag Parikh Flexi Cap Fund - Direct Growth,12-02-2018,23.73300
Parag Parikh Flexi Cap Fund - Direct Growth,09-02-2018,23.60620
Parag Parikh Flexi Cap Fund - Direct Growth,08-02-2018,23.89530
Parag Parikh Flexi Cap Fund - Direct Growth,07-02-2018,23.75220
Parag Parikh Flexi Cap Fund - Direct Growth,06-02-2018,23.51550
Parag Parikh Flexi Cap Fund - Direct Growth,05-02-2018,23.94460
Parag Parikh Flexi Cap Fund - Direct Growth,02-02-2018,24.30260
Parag Parikh Flexi Cap Fund - Direct Growth,01-02-2018,24.61480
Parag Parikh Flexi Cap Fund - Direct Growth,31-01-2018,24.65260
Parag Parikh Flexi Cap Fund - Direct Growth,30-01-2018,24.75860
Parag Parikh Flexi Cap Fund - Direct Growth,29-01-2018,24.86290
Parag Parikh Flexi Cap Fund - Direct Growth,25-01-2018,24.88380
Parag Parikh Flexi Cap Fund - Direct Growth,24-01-2018,24.92790
Parag Parikh Flexi Cap Fund - Direct Growth,23-01-2018,24.89680
Parag Parikh Flexi Cap Fund - Direct Growth,22-01-2018,24.76450
Parag Parikh Flexi Cap Fund - Direct Growth,19-01-2018,24.68040
Parag Parikh Flexi Cap Fund - Direct Growth,18-01-2018,24.54780
Parag Parikh Flexi Cap Fund - Direct Growth,17-01-2018,24.56580
Parag Parikh Flexi Cap Fund - Direct Growth,16-01-2018,24.48980
Parag Parikh Flexi Cap Fund - Direct Growth,15-01-2018,24.54050
Parag Parikh Flexi Cap Fund - Direct Growth,12-01-2018,24.51790
Parag Parikh Flexi Cap Fund - Direct Growth,11-01-2018,24.44030
Parag Parikh Flexi Cap Fund - Direct Growth,10-01-2018,24.45270
Parag Parikh Flexi Cap Fund - Direct Growth,09-01-2018,24.38900
Parag Parikh Flexi Cap Fund - Direct Growth,08-01-2018,24.38250
Parag Parikh Flexi Cap Fund - Direct Growth,05-01-2018,24.26020
Parag Parikh Flexi Cap Fund - Direct Growth,04-01-2018,24.06920
Parag Parikh Flexi Cap Fund - Direct Growth,03-01-2018,23.96240
Parag Parikh Flexi Cap Fund - Direct Growth,02-01-2018,23.88670
Parag Parikh Flexi Cap Fund - Direct Growth,01-01-2018,24.00220
Parag Parikh Flexi Cap Fund - Direct Growth,29-12-2017,24.01550
Parag Parikh Flexi Cap Fund - Direct Growth,28-12-2017,23.91200
Parag Parikh Flexi Cap Fund - Direct Growth,27-12-2017,23.83660
Parag Parikh Flexi Cap Fund - Direct Growth,26-12-2017,23.92160
Parag Parikh Flexi Cap Fund - Direct Growth,22-12-2017,23.85910
Parag Parikh Flexi Cap Fund - Direct Growth,21-12-2017,23.89110
Parag Parikh Flexi Cap Fund - Direct Growth,20-12-2017,23.93130
Parag Parikh Flexi Cap Fund - Direct Growth,19-12-2017,23.99150
Parag Parikh Flexi Cap Fund - Direct Growth,18-12-2017,23.86820
Parag Parikh Flexi Cap Fund - Direct Growth,15-12-2017,23.75480
Parag Parikh Flexi Cap Fund - Direct Growth,14-12-2017,23.62010
Parag Parikh Flexi Cap Fund - Direct Growth,13-12-2017,23.59630
Parag Parikh Flexi Cap Fund - Direct Growth,12-12-2017,23.59010
Parag Parikh Flexi Cap Fund - Direct Growth,11-12-2017,23.64450
Parag Parikh Flexi Cap Fund - Direct Growth,08-12-2017,23.67630
Parag Parikh Flexi Cap Fund - Direct Growth,07-12-2017,23.45900
Parag Parikh Flexi Cap Fund - Direct Growth,06-12-2017,23.33600
Parag Parikh Flexi Cap Fund - Direct Growth,05-12-2017,23.37450
Parag Parikh Flexi Cap Fund - Direct Growth,04-12-2017,23.39900
Parag Parikh Flexi Cap Fund - Direct Growth,01-12-2017,23.41400
Parag Parikh Flexi Cap Fund - Direct Growth,30-11-2017,23.42620
Parag Parikh Flexi Cap Fund - Direct Growth,29-11-2017,23.49410
Parag Parikh Flexi Cap Fund - Direct Growth,28-11-2017,23.53100
Parag Parikh Flexi Cap Fund - Direct Growth,27-11-2017,23.47060
Parag Parikh Flexi Cap Fund - Direct Growth,24-11-2017,23.40310
Parag Parikh Flexi Cap Fund - Direct Growth,23-11-2017,23.37920
Parag Parikh Flexi Cap Fund - Direct Growth,22-11-2017,23.44250
Parag Parikh Flexi Cap Fund - Direct Growth,21-11-2017,23.37720
Parag Parikh Flexi Cap Fund - Direct Growth,20-11-2017,23.24860
Parag Parikh Flexi Cap Fund - Direct Growth,17-11-2017,23.19860
Parag Parikh Flexi Cap Fund - Direct Growth,16-11-2017,23.10710
Parag Parikh Flexi Cap Fund - Direct Growth,15-11-2017,23.16280
Parag Parikh Flexi Cap Fund - Direct Growth,14-11-2017,23.25930
Parag Parikh Flexi Cap Fund - Direct Growth,13-11-2017,23.29870
Parag Parikh Flexi Cap Fund - Direct Growth,10-11-2017,23.35150
Parag Parikh Flexi Cap Fund - Direct Growth,09-11-2017,23.22990
Parag Parikh Flexi Cap Fund - Direct Growth,08-11-2017,23.16680
Parag Parikh Flexi Cap Fund - Direct Growth,07-11-2017,23.17120
Parag Parikh Flexi Cap Fund - Direct Growth,06-11-2017,23.24930
Parag Parikh Flexi Cap Fund - Direct Growth,03-11-2017,23.22300
Parag Parikh Flexi Cap Fund - Direct Growth,02-11-2017,23.23890
Parag Parikh Flexi Cap Fund - Direct Growth,01-11-2017,23.22670
Parag Parikh Flexi Cap Fund - Direct Growth,31-10-2017,23.16780
Parag Parikh Flexi Cap Fund - Direct Growth,30-10-2017,23.13260
Parag Parikh Flexi Cap Fund - Direct Growth,27-10-2017,22.90430
Parag Parikh Flexi Cap Fund - Direct Growth,26-10-2017,22.85180
Parag Parikh Flexi Cap Fund - Direct Growth,25-10-2017,22.84010
Parag Parikh Flexi Cap Fund - Direct Growth,24-10-2017,22.82600
Parag Parikh Flexi Cap Fund - Direct Growth,23-10-2017,22.91470
Parag Parikh Flexi Cap Fund - Direct Growth,18-10-2017,22.83180
Parag Parikh Flexi Cap Fund - Direct Growth,17-10-2017,22.89270
Parag Parikh Flexi Cap Fund - Direct Growth,16-10-2017,22.92300
Parag Parikh Flexi Cap Fund - Direct Growth,13-10-2017,22.90320
Parag Parikh Flexi Cap Fund - Direct Growth,12-10-2017,22.84590
Parag Parikh Flexi Cap Fund - Direct Growth,11-10-2017,22.71010
Parag Parikh Flexi Cap Fund - Direct Growth,10-10-2017,22.71680
Parag Parikh Flexi Cap Fund - Direct Growth,09-10-2017,22.59130
Parag Parikh Flexi Cap Fund - Direct Growth,06-10-2017,22.59170
Parag Parikh Flexi Cap Fund - Direct Growth,05-10-2017,22.50290
Parag Parikh Flexi Cap Fund - Direct Growth,04-10-2017,22.54660
Parag Parikh Flexi Cap Fund - Direct Growth,03-10-2017,22.58100
Parag Parikh Flexi Cap Fund - Direct Growth,29-09-2017,22.49440
Parag Parikh Flexi Cap Fund - Direct Growth,28-09-2017,22.40260
Parag Parikh Flexi Cap Fund - Direct Growth,27-09-2017,22.18020
Parag Parikh Flexi Cap Fund - Direct Growth,26-09-2017,22.23820
Parag Parikh Flexi Cap Fund - Direct Growth,25-09-2017,22.18970
Parag Parikh Flexi Cap Fund - Direct Growth,22-09-2017,22.25530
Parag Parikh Flexi Cap Fund - Direct Growth,21-09-2017,22.55150
Parag Parikh Flexi Cap Fund - Direct Growth,20-09-2017,22.47480
Parag Parikh Flexi Cap Fund - Direct Growth,19-09-2017,22.49380
Parag Parikh Flexi Cap Fund - Direct Growth,18-09-2017,22.46780
Parag Parikh Flexi Cap Fund - Direct Growth,15-09-2017,22.35490
Parag Parikh Flexi Cap Fund - Direct Growth,14-09-2017,22.30800
Parag Parikh Flexi Cap Fund - Direct Growth,13-09-2017,22.28600
Parag Parikh Flexi Cap Fund - Direct Growth,12-09-2017,22.40670
Parag Parikh Flexi Cap Fund - Direct Growth,11-09-2017,22.29230
Parag Parikh Flexi Cap Fund - Direct Growth,08-09-2017,22.17430
Parag Parikh Flexi Cap Fund - Direct Growth,07-09-2017,22.02630
Parag Parikh Flexi Cap Fund - Direct Growth,06-09-2017,21.82040
Parag Parikh Flexi Cap Fund - Direct Growth,05-09-2017,21.98120
Parag Parikh Flexi Cap Fund - Direct Growth,04-09-2017,21.87650
Parag Parikh Flexi Cap Fund - Direct Growth,01-09-2017,22.00130
Parag Parikh Flexi Cap Fund - Direct Growth,31-08-2017,21.87330
Parag Parikh Flexi Cap Fund - Direct Growth,30-08-2017,21.85240
Parag Parikh Flexi Cap Fund - Direct Growth,29-08-2017,21.76810
Parag Parikh Flexi Cap Fund - Direct Growth,28-08-2017,21.74340
Parag Parikh Flexi Cap Fund - Direct Growth,24-08-2017,21.68420
Parag Parikh Flexi Cap Fund - Direct Growth,23-08-2017,21.63610
Parag Parikh Flexi Cap Fund - Direct Growth,22-08-2017,21.38010
Parag Parikh Flexi Cap Fund - Direct Growth,21-08-2017,21.38710
Parag Parikh Flexi Cap Fund - Direct Growth,18-08-2017,21.46470
Parag Parikh Flexi Cap Fund - Direct Growth,17-08-2017,21.55770
Parag Parikh Flexi Cap Fund - Direct Growth,16-08-2017,21.59070
Parag Parikh Flexi Cap Fund - Direct Growth,14-08-2017,21.40870
Parag Parikh Flexi Cap Fund - Direct Growth,11-08-2017,21.15890
Parag Parikh Flexi Cap Fund - Direct Growth,10-08-2017,21.26190
Parag Parikh Flexi Cap Fund - Direct Growth,09-08-2017,21.52160
Parag Parikh Flexi Cap Fund - Direct Growth,08-08-2017,21.64290
Parag Parikh Flexi Cap Fund - Direct Growth,07-08-2017,21.71900
Parag Parikh Flexi Cap Fund - Direct Growth,04-08-2017,21.50110
Parag Parikh Flexi Cap Fund - Direct Growth,03-08-2017,21.50090
Parag Parikh Flexi Cap Fund - Direct Growth,02-08-2017,21.61110
Parag Parikh Flexi Cap Fund - Direct Growth,01-08-2017,21.63210
Parag Parikh Flexi Cap Fund - Direct Growth,31-07-2017,21.66680
Parag Parikh Flexi Cap Fund - Direct Growth,28-07-2017,21.58970
Parag Parikh Flexi Cap Fund - Direct Growth,27-07-2017,21.65670
Parag Parikh Flexi Cap Fund - Direct Growth,26-07-2017,21.56790
Parag Parikh Flexi Cap Fund - Direct Growth,25-07-2017,21.64920
Parag Parikh Flexi Cap Fund - Direct Growth,24-07-2017,21.63180
Parag Parikh Flexi Cap Fund - Direct Growth,21-07-2017,21.67920
Parag Parikh Flexi Cap Fund - Direct Growth,20-07-2017,21.61990
Parag Parikh Flexi Cap Fund - Direct Growth,19-07-2017,21.58500
Parag Parikh Flexi Cap Fund - Direct Growth,18-07-2017,21.48460
Parag Parikh Flexi Cap Fund - Direct Growth,17-07-2017,21.47630
Parag Parikh Flexi Cap Fund - Direct Growth,14-07-2017,21.42050
Parag Parikh Flexi Cap Fund - Direct Growth,13-07-2017,21.43960
Parag Parikh Flexi Cap Fund - Direct Growth,12-07-2017,21.35250
Parag Parikh Flexi Cap Fund - Direct Growth,11-07-2017,21.29190
Parag Parikh Flexi Cap Fund - Direct Growth,10-07-2017,21.23470
Parag Parikh Flexi Cap Fund - Direct Growth,07-07-2017,21.17370
Parag Parikh Flexi Cap Fund - Direct Growth,06-07-2017,21.22420
Parag Parikh Flexi Cap Fund - Direct Growth,05-07-2017,21.15870
Parag Parikh Flexi Cap Fund - Direct Growth,04-07-2017,21.05880
Parag Parikh Flexi Cap Fund - Direct Growth,03-07-2017,21.07430
Parag Parikh Flexi Cap Fund - Direct Growth,30-06-2017,21.04980
Parag Parikh Flexi Cap Fund - Direct Growth,29-06-2017,21.09410
Parag Parikh Flexi Cap Fund - Direct Growth,28-06-2017,20.94400
Parag Parikh Flexi Cap Fund - Direct Growth,27-06-2017,21.02120
Parag Parikh Flexi Cap Fund - Direct Growth,23-06-2017,21.16070
Parag Parikh Flexi Cap Fund - Direct Growth,22-06-2017,21.25530
Parag Parikh Flexi Cap Fund - Direct Growth,21-06-2017,21.27670
Parag Parikh Flexi Cap Fund - Direct Growth,20-06-2017,21.27460
Parag Parikh Flexi Cap Fund - Direct Growth,19-06-2017,21.15120
Parag Parikh Flexi Cap Fund - Direct Growth,16-06-2017,21.05750
Parag Parikh Flexi Cap Fund - Direct Growth,15-06-2017,21.04730
Parag Parikh Flexi Cap Fund - Direct Growth,14-06-2017,21.05620
Parag Parikh Flexi Cap Fund - Direct Growth,13-06-2017,21.00700
Parag Parikh Flexi Cap Fund - Direct Growth,12-06-2017,20.98660
Parag Parikh Flexi Cap Fund - Direct Growth,09-06-2017,21.11420
Parag Parikh Flexi Cap Fund - Direct Growth,08-06-2017,21.06330
Parag Parikh Flexi Cap Fund - Direct Growth,07-06-2017,21.02680
Parag Parikh Flexi Cap Fund - Direct Growth,06-06-2017,20.96910
Parag Parikh Flexi Cap Fund - Direct Growth,05-06-2017,20.90760
Parag Parikh Flexi Cap Fund - Direct Growth,02-06-2017,20.83900
Parag Parikh Flexi Cap Fund - Direct Growth,01-06-2017,20.79000
Parag Parikh Flexi Cap Fund - Direct Growth,31-05-2017,20.75610
Parag Parikh Flexi Cap Fund - Direct Growth,30-05-2017,20.67710
Parag Parikh Flexi Cap Fund - Direct Growth,29-05-2017,20.54800
Parag Parikh Flexi Cap Fund - Direct Growth,26-05-2017,20.58650
Parag Parikh Flexi Cap Fund - Direct Growth,25-05-2017,20.45160
Parag Parikh Flexi Cap Fund - Direct Growth,24-05-2017,20.28170
Parag Parikh Flexi Cap Fund - Direct Growth,23-05-2017,20.33510
Parag Parikh Flexi Cap Fund - Direct Growth,22-05-2017,20.38180
Parag Parikh Flexi Cap Fund - Direct Growth,19-05-2017,20.40320
Parag Parikh Flexi Cap Fund - Direct Growth,18-05-2017,20.45180
Parag Parikh Flexi Cap Fund - Direct Growth,17-05-2017,20.68090
Parag Parikh Flexi Cap Fund - Direct Growth,16-05-2017,20.58460
Parag Parikh Flexi Cap Fund - Direct Growth,15-05-2017,20.49130
Parag Parikh Flexi Cap Fund - Direct Growth,12-05-2017,20.42120
Parag Parikh Flexi Cap Fund - Direct Growth,11-05-2017,20.47340
Parag Parikh Flexi Cap Fund - Direct Growth,10-05-2017,20.53770
Parag Parikh Flexi Cap Fund - Direct Growth,09-05-2017,20.44730
Parag Parikh Flexi Cap Fund - Direct Growth,08-05-2017,20.43420
Parag Parikh Flexi Cap Fund - Direct Growth,05-05-2017,20.36370
Parag Parikh Flexi Cap Fund - Direct Growth,04-05-2017,20.42360
Parag Parikh Flexi Cap Fund - Direct Growth,03-05-2017,20.30610
Parag Parikh Flexi Cap Fund - Direct Growth,02-05-2017,20.36970
Parag Parikh Flexi Cap Fund - Direct Growth,28-04-2017,20.33050
Parag Parikh Flexi Cap Fund - Direct Growth,27-04-2017,20.31990
Parag Parikh Flexi Cap Fund - Direct Growth,26-04-2017,20.34980
Parag Parikh Flexi Cap Fund - Direct Growth,25-04-2017,20.26610
Parag Parikh Flexi Cap Fund - Direct Growth,24-04-2017,20.04000
Parag Parikh Flexi Cap Fund - Direct Growth,21-04-2017,19.95650
Parag Parikh Flexi Cap Fund - Direct Growth,20-04-2017,19.93100
Parag Parikh Flexi Cap Fund - Direct Growth,19-04-2017,19.95720
Parag Parikh Flexi Cap Fund - Direct Growth,18-04-2017,19.98640
Parag Parikh Flexi Cap Fund - Direct Growth,17-04-2017,19.94110
Parag Parikh Flexi Cap Fund - Direct Growth,13-04-2017,19.90030
Parag Parikh Flexi Cap Fund - Direct Growth,12-04-2017,19.88240
Parag Parikh Flexi Cap Fund - Direct Growth,11-04-2017,19.93930
Parag Parikh Flexi Cap Fund - Direct Growth,10-04-2017,19.86210
Parag Parikh Flexi Cap Fund - Direct Growth,07-04-2017,19.84540
Parag Parikh Flexi Cap Fund - Direct Growth,06-04-2017,19.91210
Parag Parikh Flexi Cap Fund - Direct Growth,05-04-2017,19.99090
Parag Parikh Flexi Cap Fund - Direct Growth,03-04-2017,19.97990
Parag Parikh Flexi Cap Fund - Direct Growth,31-03-2017,19.93760
Parag Parikh Flexi Cap Fund - Direct Growth,30-03-2017,19.97810
Parag Parikh Flexi Cap Fund - Direct Growth,29-03-2017,19.96840
Parag Parikh Flexi Cap Fund - Direct Growth,28-03-2017,19.85550
Parag Parikh Flexi Cap Fund - Direct Growth,27-03-2017,19.75490
Parag Parikh Flexi Cap Fund - Direct Growth,24-03-2017,19.71340
Parag Parikh Flexi Cap Fund - Direct Growth,23-03-2017,19.71110
Parag Parikh Flexi Cap Fund - Direct Growth,22-03-2017,19.71190
Parag Parikh Flexi Cap Fund - Direct Growth,21-03-2017,19.88060
Parag Parikh Flexi Cap Fund - Direct Growth,20-03-2017,19.92740
Parag Parikh Flexi Cap Fund - Direct Growth,17-03-2017,19.94110
Parag Parikh Flexi Cap Fund - Direct Growth,16-03-2017,19.89940
Parag Parikh Flexi Cap Fund - Direct Growth,15-03-2017,19.80310
Parag Parikh Flexi Cap Fund - Direct Growth,14-03-2017,19.79820
Parag Parikh Flexi Cap Fund - Direct Growth,10-03-2017,19.65790
Parag Parikh Flexi Cap Fund - Direct Growth,09-03-2017,19.69610
Parag Parikh Flexi Cap Fund - Direct Growth,08-03-2017,19.70170
Parag Parikh Flexi Cap Fund - Direct Growth,07-03-2017,19.73860
Parag Parikh Flexi Cap Fund - Direct Growth,06-03-2017,19.74370
Parag Parikh Flexi Cap Fund - Direct Growth,03-03-2017,19.71830
Parag Parikh Flexi Cap Fund - Direct Growth,02-03-2017,19.76180
Parag Parikh Flexi Cap Fund - Direct Growth,01-03-2017,19.72090
Parag Parikh Flexi Cap Fund - Direct Growth,28-02-2017,19.66060
Parag Parikh Flexi Cap Fund - Direct Growth,27-02-2017,19.63000
Parag Parikh Flexi Cap Fund - Direct Growth,23-02-2017,19.60150
Parag Parikh Flexi Cap Fund - Direct Growth,22-02-2017,19.56530
Parag Parikh Flexi Cap Fund - Direct Growth,21-02-2017,19.57440
Parag Parikh Flexi Cap Fund - Direct Growth,20-02-2017,19.49200
Parag Parikh Flexi Cap Fund - Direct Growth,17-02-2017,19.42020
Parag Parikh Flexi Cap Fund - Direct Growth,16-02-2017,19.39740
Parag Parikh Flexi Cap Fund - Direct Growth,15-02-2017,19.32860
Parag Parikh Flexi Cap Fund - Direct Growth,14-02-2017,19.33640
Parag Parikh Flexi Cap Fund - Direct Growth,13-02-2017,19.31600
Parag Parikh Flexi Cap Fund - Direct Growth,10-02-2017,19.32050
Parag Parikh Flexi Cap Fund - Direct Growth,09-02-2017,19.37890
Parag Parikh Flexi Cap Fund - Direct Growth,08-02-2017,19.32470
Parag Parikh Flexi Cap Fund - Direct Growth,07-02-2017,19.33560
Parag Parikh Flexi Cap Fund - Direct Growth,06-02-2017,19.31350
Parag Parikh Flexi Cap Fund - Direct Growth,03-02-2017,19.15830
Parag Parikh Flexi Cap Fund - Direct Growth,02-02-2017,19.10990
Parag Parikh Flexi Cap Fund - Direct Growth,01-02-2017,19.08380
Parag Parikh Flexi Cap Fund - Direct Growth,31-01-2017,19.00010
Parag Parikh Flexi Cap Fund - Direct Growth,30-01-2017,19.14860
Parag Parikh Flexi Cap Fund - Direct Growth,27-01-2017,19.13290
Parag Parikh Flexi Cap Fund - Direct Growth,25-01-2017,18.97250
Parag Parikh Flexi Cap Fund - Direct Growth,24-01-2017,18.83590
Parag Parikh Flexi Cap Fund - Direct Growth,23-01-2017,18.69360
Parag Parikh Flexi Cap Fund - Direct Growth,20-01-2017,18.68830
Parag Parikh Flexi Cap Fund - Direct Growth,19-01-2017,18.80350
Parag Parikh Flexi Cap Fund - Direct Growth,18-01-2017,18.81800
Parag Parikh Flexi Cap Fund - Direct Growth,17-01-2017,18.76140
Parag Parikh Flexi Cap Fund - Direct Growth,16-01-2017,18.68780
Parag Parikh Flexi Cap Fund - Direct Growth,13-01-2017,18.69450
Parag Parikh Flexi Cap Fund - Direct Growth,12-01-2017,18.72260
Parag Parikh Flexi Cap Fund - Direct Growth,11-01-2017,18.74380
Parag Parikh Flexi Cap Fund - Direct Growth,10-01-2017,18.64290
Parag Parikh Flexi Cap Fund - Direct Growth,09-01-2017,18.63470
Parag Parikh Flexi Cap Fund - Direct Growth,06-01-2017,18.59630
Parag Parikh Flexi Cap Fund - Direct Growth,05-01-2017,18.58600
Parag Parikh Flexi Cap Fund - Direct Growth,04-01-2017,18.49960
Parag Parikh Flexi Cap Fund - Direct Growth,03-01-2017,18.46530
Parag Parikh Flexi Cap Fund - Direct Growth,02-01-2017,18.39680
Parag Parikh Flexi Cap Fund - Direct Growth,30-12-2016,18.45890
Parag Parikh Flexi Cap Fund - Direct Growth,29-12-2016,18.37320
Parag Parikh Flexi Cap Fund - Direct Growth,28-12-2016,18.31980
Parag Parikh Flexi Cap Fund - Direct Growth,27-12-2016,18.20120
Parag Parikh Flexi Cap Fund - Direct Growth,26-12-2016,18.15240
Parag Parikh Flexi Cap Fund - Direct Growth,23-12-2016,18.25740
Parag Parikh Flexi Cap Fund - Direct Growth,22-12-2016,18.27280
Parag Parikh Flexi Cap Fund - Direct Growth,21-12-2016,18.45050
Parag Parikh Flexi Cap Fund - Direct Growth,20-12-2016,18.45420
Parag Parikh Flexi Cap Fund - Direct Growth,19-12-2016,18.52170
Parag Parikh Flexi Cap Fund - Direct Growth,16-12-2016,18.60400
Parag Parikh Flexi Cap Fund - Direct Growth,15-12-2016,18.59230
Parag Parikh Flexi Cap Fund - Direct Growth,14-12-2016,18.58970
Parag Parikh Flexi Cap Fund - Direct Growth,13-12-2016,18.54490
Parag Parikh Flexi Cap Fund - Direct Growth,12-12-2016,18.56930
Parag Parikh Flexi Cap Fund - Direct Growth,09-12-2016,18.54560
Parag Parikh Flexi Cap Fund - Direct Growth,08-12-2016,18.53420
Parag Parikh Flexi Cap Fund - Direct Growth,07-12-2016,18.33240
Parag Parikh Flexi Cap Fund - Direct Growth,06-12-2016,18.40460
Parag Parikh Flexi Cap Fund - Direct Growth,05-12-2016,18.31270
Parag Parikh Flexi Cap Fund - Direct Growth,02-12-2016,18.32650
Parag Parikh Flexi Cap Fund - Direct Growth,01-12-2016,18.46340
Parag Parikh Flexi Cap Fund - Direct Growth,30-11-2016,18.49730
Parag Parikh Flexi Cap Fund - Direct Growth,29-11-2016,18.31640
Parag Parikh Flexi Cap Fund - Direct Growth,28-11-2016,18.26420
Parag Parikh Flexi Cap Fund - Direct Growth,25-11-2016,18.24350
Parag Parikh Flexi Cap Fund - Direct Growth,24-11-2016,18.18920
Parag Parikh Flexi Cap Fund - Direct Growth,23-11-2016,18.16390
Parag Parikh Flexi Cap Fund - Direct Growth,22-11-2016,18.09980
Parag Parikh Flexi Cap Fund - Direct Growth,21-11-2016,17.99610
Parag Parikh Flexi Cap Fund - Direct Growth,18-11-2016,18.19540
Parag Parikh Flexi Cap Fund - Direct Growth,17-11-2016,18.17470
Parag Parikh Flexi Cap Fund - Direct Growth,16-11-2016,18.21200
Parag Parikh Flexi Cap Fund - Direct Growth,15-11-2016,18.15410
Parag Parikh Flexi Cap Fund - Direct Growth,11-11-2016,18.64950
Parag Parikh Flexi Cap Fund - Direct Growth,10-11-2016,18.94680
Parag Parikh Flexi Cap Fund - Direct Growth,09-11-2016,18.81620
Parag Parikh Flexi Cap Fund - Direct Growth,08-11-2016,18.84540
Parag Parikh Flexi Cap Fund - Direct Growth,07-11-2016,18.66100
Parag Parikh Flexi Cap Fund - Direct Growth,04-11-2016,18.64960
Parag Parikh Flexi Cap Fund - Direct Growth,03-11-2016,18.83540
Parag Parikh Flexi Cap Fund - Direct Growth,02-11-2016,18.92770
Parag Parikh Flexi Cap Fund - Direct Growth,01-11-2016,19.06490
Parag Parikh Flexi Cap Fund - Direct Growth,28-10-2016,19.07440
Parag Parikh Flexi Cap Fund - Direct Growth,27-10-2016,19.02420
Parag Parikh Flexi Cap Fund - Direct Growth,26-10-2016,19.31060
Parag Parikh Flexi Cap Fund - Direct Growth,25-10-2016,19.50280
Parag Parikh Flexi Cap Fund - Direct Growth,24-10-2016,19.42460
Parag Parikh Flexi Cap Fund - Direct Growth,21-10-2016,19.40070
Parag Parikh Flexi Cap Fund - Direct Growth,20-10-2016,19.40010
Parag Parikh Flexi Cap Fund - Direct Growth,19-10-2016,19.37560
Parag Parikh Flexi Cap Fund - Direct Growth,18-10-2016,19.38350
Parag Parikh Flexi Cap Fund - Direct Growth,17-10-2016,19.28500
Parag Parikh Flexi Cap Fund - Direct Growth,14-10-2016,19.17430
Parag Parikh Flexi Cap Fund - Direct Growth,13-10-2016,19.01700
Parag Parikh Flexi Cap Fund - Direct Growth,10-10-2016,19.09150
Parag Parikh Flexi Cap Fund - Direct Growth,07-10-2016,19.10830
Parag Parikh Flexi Cap Fund - Direct Growth,06-10-2016,19.07500
Parag Parikh Flexi Cap Fund - Direct Growth,05-10-2016,19.00920
Parag Parikh Flexi Cap Fund - Direct Growth,04-10-2016,18.93420
Parag Parikh Flexi Cap Fund - Direct Growth,03-10-2016,18.78930
Parag Parikh Flexi Cap Fund - Direct Growth,30-09-2016,18.60470
Parag Parikh Flexi Cap Fund - Direct Growth,29-09-2016,18.51520
Parag Parikh Flexi Cap Fund - Direct Growth,28-09-2016,18.66780
Parag Parikh Flexi Cap Fund - Direct Growth,27-09-2016,18.58420
Parag Parikh Flexi Cap Fund - Direct Growth,26-09-2016,18.63280
Parag Parikh Flexi Cap Fund - Direct Growth,23-09-2016,18.74790
Parag Parikh Flexi Cap Fund - Direct Growth,22-09-2016,18.74640
Parag Parikh Flexi Cap Fund - Direct Growth,21-09-2016,18.59890
Parag Parikh Flexi Cap Fund - Direct Growth,20-09-2016,18.56050
Parag Parikh Flexi Cap Fund - Direct Growth,19-09-2016,18.57690
Parag Parikh Flexi Cap Fund - Direct Growth,16-09-2016,18.66690
Parag Parikh Flexi Cap Fund - Direct Growth,15-09-2016,18.55740
Parag Parikh Flexi Cap Fund - Direct Growth,14-09-2016,18.58340
Parag Parikh Flexi Cap Fund - Direct Growth,12-09-2016,18.54460
Parag Parikh Flexi Cap Fund - Direct Growth,09-09-2016,18.83040
Parag Parikh Flexi Cap Fund - Direct Growth,08-09-2016,18.93690
Parag Parikh Flexi Cap Fund - Direct Growth,07-09-2016,18.90610
Parag Parikh Flexi Cap Fund - Direct Growth,06-09-2016,18.91620
Parag Parikh Flexi Cap Fund - Direct Growth,02-09-2016,18.76910
Parag Parikh Flexi Cap Fund - Direct Growth,01-09-2016,18.72480
Parag Parikh Flexi Cap Fund - Direct Growth,31-08-2016,18.84140
Parag Parikh Flexi Cap Fund - Direct Growth,30-08-2016,18.77140
Parag Parikh Flexi Cap Fund - Direct Growth,29-08-2016,18.65240
Parag Parikh Flexi Cap Fund - Direct Growth,26-08-2016,18.62230
Parag Parikh Flexi Cap Fund - Direct Growth,25-08-2016,18.58480
Parag Parikh Flexi Cap Fund - Direct Growth,24-08-2016,18.59910
Parag Parikh Flexi Cap Fund - Direct Growth,23-08-2016,18.46840
Parag Parikh Flexi Cap Fund - Direct Growth,22-08-2016,18.45430
Parag Parikh Flexi Cap Fund - Direct Growth,19-08-2016,18.46410
Parag Parikh Flexi Cap Fund - Direct Growth,18-08-2016,18.42040
Parag Parikh Flexi Cap Fund - Direct Growth,17-08-2016,18.30770
Parag Parikh Flexi Cap Fund - Direct Growth,16-08-2016,18.35410
Parag Parikh Flexi Cap Fund - Direct Growth,12-08-2016,18.41400
Parag Parikh Flexi Cap Fund - Direct Growth,11-08-2016,18.31430
Parag Parikh Flexi Cap Fund - Direct Growth,10-08-2016,18.28480
Parag Parikh Flexi Cap Fund - Direct Growth,09-08-2016,18.37880
Parag Parikh Flexi Cap Fund - Direct Growth,08-08-2016,18.48070
Parag Parikh Flexi Cap Fund - Direct Growth,05-08-2016,18.39400
Parag Parikh Flexi Cap Fund - Direct Growth,04-08-2016,18.18470
Parag Parikh Flexi Cap Fund - Direct Growth,03-08-2016,18.20440
Parag Parikh Flexi Cap Fund - Direct Growth,02-08-2016,18.33530
Parag Parikh Flexi Cap Fund - Direct Growth,01-08-2016,18.33750
Parag Parikh Flexi Cap Fund - Direct Growth,29-07-2016,18.34860
Parag Parikh Flexi Cap Fund - Direct Growth,28-07-2016,18.35230
Parag Parikh Flexi Cap Fund - Direct Growth,27-07-2016,18.22010
Parag Parikh Flexi Cap Fund - Direct Growth,26-07-2016,18.20170
Parag Parikh Flexi Cap Fund - Direct Growth,25-07-2016,18.12920
Parag Parikh Flexi Cap Fund - Direct Growth,22-07-2016,18.05500
Parag Parikh Flexi Cap Fund - Direct Growth,21-07-2016,18.02060
Parag Parikh Flexi Cap Fund - Direct Growth,20-07-2016,18.01430
Parag Parikh Flexi Cap Fund - Direct Growth,19-07-2016,17.95480
Parag Parikh Flexi Cap Fund - Direct Growth,18-07-2016,17.79170
Parag Parikh Flexi Cap Fund - Direct Growth,15-07-2016,17.84060
Parag Parikh Flexi Cap Fund - Direct Growth,14-07-2016,17.87660
Parag Parikh Flexi Cap Fund - Direct Growth,13-07-2016,17.93420
Parag Parikh Flexi Cap Fund - Direct Growth,12-07-2016,17.91020
Parag Parikh Flexi Cap Fund - Direct Growth,11-07-2016,17.85000
Parag Parikh Flexi Cap Fund - Direct Growth,08-07-2016,17.65480
Parag Parikh Flexi Cap Fund - Direct Growth,07-07-2016,17.66330
Parag Parikh Flexi Cap Fund - Direct Growth,05-07-2016,17.67140
Parag Parikh Flexi Cap Fund - Direct Growth,04-07-2016,17.73780
Parag Parikh Flexi Cap Fund - Direct Growth,01-07-2016,17.58830
Parag Parikh Flexi Cap Fund - Direct Growth,30-06-2016,17.55260
Parag Parikh Flexi Cap Fund - Direct Growth,29-06-2016,17.42340
Parag Parikh Flexi Cap Fund - Direct Growth,28-06-2016,17.25820
Parag Parikh Flexi Cap Fund - Direct Growth,27-06-2016,17.34400
Parag Parikh Flexi Cap Fund - Direct Growth,24-06-2016,17.43770
Parag Parikh Flexi Cap Fund - Direct Growth,23-06-2016,17.58100
Parag Parikh Flexi Cap Fund - Direct Growth,22-06-2016,17.57120
Parag Parikh Flexi Cap Fund - Direct Growth,21-06-2016,17.56030
Parag Parikh Flexi Cap Fund - Direct Growth,20-06-2016,17.49490
Parag Parikh Flexi Cap Fund - Direct Growth,17-06-2016,17.56410
Parag Parikh Flexi Cap Fund - Direct Growth,16-06-2016,17.56740
Parag Parikh Flexi Cap Fund - Direct Growth,15-06-2016,17.46820
Parag Parikh Flexi Cap Fund - Direct Growth,14-06-2016,17.44430
Parag Parikh Flexi Cap Fund - Direct Growth,13-06-2016,17.46190
Parag Parikh Flexi Cap Fund - Direct Growth,10-06-2016,17.60650
Parag Parikh Flexi Cap Fund - Direct Growth,09-06-2016,17.64560
Parag Parikh Flexi Cap Fund - Direct Growth,08-06-2016,17.58120
Parag Parikh Flexi Cap Fund - Direct Growth,07-06-2016,17.53630
Parag Parikh Flexi Cap Fund - Direct Growth,06-06-2016,17.39830
Parag Parikh Flexi Cap Fund - Direct Growth,03-06-2016,17.43350
Parag Parikh Flexi Cap Fund - Direct Growth,02-06-2016,17.40140
Parag Parikh Flexi Cap Fund - Direct Growth,01-06-2016,17.44350
Parag Parikh Flexi Cap Fund - Direct Growth,31-05-2016,17.44910
Parag Parikh Flexi Cap Fund - Direct Growth,30-05-2016,17.48260
Parag Parikh Flexi Cap Fund - Direct Growth,27-05-2016,17.42350
Parag Parikh Flexi Cap Fund - Direct Growth,26-05-2016,17.40420
Parag Parikh Flexi Cap Fund - Direct Growth,25-05-2016,17.23290
Parag Parikh Flexi Cap Fund - Direct Growth,24-05-2016,17.08000
Parag Parikh Flexi Cap Fund - Direct Growth,23-05-2016,17.09280
Parag Parikh Flexi Cap Fund - Direct Growth,20-05-2016,17.03920
Parag Parikh Flexi Cap Fund - Direct Growth,19-05-2016,17.22950
Parag Parikh Flexi Cap Fund - Direct Growth,18-05-2016,17.32500
Parag Parikh Flexi Cap Fund - Direct Growth,17-05-2016,17.36810
Parag Parikh Flexi Cap Fund - Direct Growth,16-05-2016,17.30540
Parag Parikh Flexi Cap Fund - Direct Growth,13-05-2016,17.32580
Parag Parikh Flexi Cap Fund - Direct Growth,12-05-2016,17.36880
Parag Parikh Flexi Cap Fund - Direct Growth,11-05-2016,17.23150
Parag Parikh Flexi Cap Fund - Direct Growth,10-05-2016,17.16560
Parag Parikh Flexi Cap Fund - Direct Growth,09-05-2016,17.09480
Parag Parikh Flexi Cap Fund - Direct Growth,06-05-2016,16.98410
Parag Parikh Flexi Cap Fund - Direct Growth,05-05-2016,16.94440
Parag Parikh Flexi Cap Fund - Direct Growth,04-05-2016,17.04320
Parag Parikh Flexi Cap Fund - Direct Growth,03-05-2016,17.10430
Parag Parikh Flexi Cap Fund - Direct Growth,02-05-2016,17.13380
Parag Parikh Flexi Cap Fund - Direct Growth,29-04-2016,17.15370
Parag Parikh Flexi Cap Fund - Direct Growth,28-04-2016,17.19370
Parag Parikh Flexi Cap Fund - Direct Growth,27-04-2016,17.17850
Parag Parikh Flexi Cap Fund - Direct Growth,26-04-2016,17.23480
Parag Parikh Flexi Cap Fund - Direct Growth,25-04-2016,17.23210
Parag Parikh Flexi Cap Fund - Direct Growth,22-04-2016,17.41520
Parag Parikh Flexi Cap Fund - Direct Growth,21-04-2016,17.40610
Parag Parikh Flexi Cap Fund - Direct Growth,20-04-2016,17.37210
Parag Parikh Flexi Cap Fund - Direct Growth,18-04-2016,17.38200
Parag Parikh Flexi Cap Fund - Direct Growth,13-04-2016,17.12540
Parag Parikh Flexi Cap Fund - Direct Growth,12-04-2016,16.93520
Parag Parikh Flexi Cap Fund - Direct Growth,11-04-2016,16.90900
Parag Parikh Flexi Cap Fund - Direct Growth,08-04-2016,16.83690
Parag Parikh Flexi Cap Fund - Direct Growth,07-04-2016,16.82730
Parag Parikh Flexi Cap Fund - Direct Growth,06-04-2016,16.84460
Parag Parikh Flexi Cap Fund - Direct Growth,05-04-2016,16.92730
Parag Parikh Flexi Cap Fund - Direct Growth,04-04-2016,17.04650
Parag Parikh Flexi Cap Fund - Direct Growth,01-04-2016,17.02910
Parag Parikh Flexi Cap Fund - Direct Growth,31-03-2016,17.06610
Parag Parikh Flexi Cap Fund - Direct Growth,30-03-2016,17.00500
Parag Parikh Flexi Cap Fund - Direct Growth,29-03-2016,16.79530
Parag Parikh Flexi Cap Fund - Direct Growth,28-03-2016,16.70350
Parag Parikh Flexi Cap Fund - Direct Growth,23-03-2016,16.83140
Parag Parikh Flexi Cap Fund - Direct Growth,22-03-2016,16.76140
Parag Parikh Flexi Cap Fund - Direct Growth,21-03-2016,16.72210
Parag Parikh Flexi Cap Fund - Direct Growth,18-03-2016,16.61380
Parag Parikh Flexi Cap Fund - Direct Growth,17-03-2016,16.51180
Parag Parikh Flexi Cap Fund - Direct Growth,16-03-2016,16.41160
Parag Parikh Flexi Cap Fund - Direct Growth,15-03-2016,16.33770
Parag Parikh Flexi Cap Fund - Direct Growth,14-03-2016,16.36090
Parag Parikh Flexi Cap Fund - Direct Growth,11-03-2016,16.25800
Parag Parikh Flexi Cap Fund - Direct Growth,10-03-2016,16.20490
Parag Parikh Flexi Cap Fund - Direct Growth,09-03-2016,16.22620
Parag Parikh Flexi Cap Fund - Direct Growth,08-03-2016,16.19970
Parag Parikh Flexi Cap Fund - Direct Growth,04-03-2016,16.23730
Parag Parikh Flexi Cap Fund - Direct Growth,03-03-2016,16.20410
Parag Parikh Flexi Cap Fund - Direct Growth,02-03-2016,16.14790
Parag Parikh Flexi Cap Fund - Direct Growth,01-03-2016,15.83790
Parag Parikh Flexi Cap Fund - Direct Growth,29-02-2016,15.65640
Parag Parikh Flexi Cap Fund - Direct Growth,26-02-2016,15.71580
Parag Parikh Flexi Cap Fund - Direct Growth,25-02-2016,15.66380
Parag Parikh Flexi Cap Fund - Direct Growth,24-02-2016,15.73220
Parag Parikh Flexi Cap Fund - Direct Growth,23-02-2016,15.93180
Parag Parikh Flexi Cap Fund - Direct Growth,22-02-2016,15.99480
Parag Parikh Flexi Cap Fund - Direct Growth,19-02-2016,15.96740
Parag Parikh Flexi Cap Fund - Direct Growth,18-02-2016,16.00440
Parag Parikh Flexi Cap Fund - Direct Growth,17-02-2016,15.83190
Parag Parikh Flexi Cap Fund - Direct Growth,16-02-2016,15.72680
Parag Parikh Flexi Cap Fund - Direct Growth,15-02-2016,15.94090
Parag Parikh Flexi Cap Fund - Direct Growth,12-02-2016,15.58770
Parag Parikh Flexi Cap Fund - Direct Growth,11-02-2016,15.69030
Parag Parikh Flexi Cap Fund - Direct Growth,10-02-2016,16.08790
Parag Parikh Flexi Cap Fund - Direct Growth,09-02-2016,16.21210
Parag Parikh Flexi Cap Fund - Direct Growth,08-02-2016,16.32340
Parag Parikh Flexi Cap Fund - Direct Growth,05-02-2016,16.36920
Parag Parikh Flexi Cap Fund - Direct Growth,04-02-2016,16.35450
Parag Parikh Flexi Cap Fund - Direct Growth,03-02-2016,16.44550
Parag Parikh Flexi Cap Fund - Direct Growth,02-02-2016,16.60310
Parag Parikh Flexi Cap Fund - Direct Growth,01-02-2016,16.66090
Parag Parikh Flexi Cap Fund - Direct Growth,29-01-2016,16.59190
Parag Parikh Flexi Cap Fund - Direct Growth,28-01-2016,16.39860
Parag Parikh Flexi Cap Fund - Direct Growth,27-01-2016,16.44580
Parag Parikh Flexi Cap Fund - Direct Growth,25-01-2016,16.45100
Parag Parikh Flexi Cap Fund - Direct Growth,22-01-2016,16.31240
Parag Parikh Flexi Cap Fund - Direct Growth,21-01-2016,16.12410
Parag Parikh Flexi Cap Fund - Direct Growth,20-01-2016,16.10720
Parag Parikh Flexi Cap Fund - Direct Growth,19-01-2016,16.21890
Parag Parikh Flexi Cap Fund - Direct Growth,18-01-2016,15.99630
Parag Parikh Flexi Cap Fund - Direct Growth,15-01-2016,16.55640
Parag Parikh Flexi Cap Fund - Direct Growth,14-01-2016,16.72770
Parag Parikh Flexi Cap Fund - Direct Growth,13-01-2016,16.94920
Parag Parikh Flexi Cap Fund - Direct Growth,12-01-2016,17.07420
Parag Parikh Flexi Cap Fund - Direct Growth,11-01-2016,17.12880
Parag Parikh Flexi Cap Fund - Direct Growth,08-01-2016,17.25140
Parag Parikh Flexi Cap Fund - Direct Growth,07-01-2016,17.28380
Parag Parikh Flexi Cap Fund - Direct Growth,06-01-2016,17.55960
Parag Parikh Flexi Cap Fund - Direct Growth,05-01-2016,17.57790
Parag Parikh Flexi Cap Fund - Direct Growth,04-01-2016,17.61980
Parag Parikh Flexi Cap Fund - Direct Growth,01-01-2016,17.73090
Parag Parikh Flexi Cap Fund - Direct Growth,31-12-2015,17.77320
Parag Parikh Flexi Cap Fund - Direct Growth,30-12-2015,17.78630
Parag Parikh Flexi Cap Fund - Direct Growth,29-12-2015,17.73870
Parag Parikh Flexi Cap Fund - Direct Growth,28-12-2015,17.71020
Parag Parikh Flexi Cap Fund - Direct Growth,24-12-2015,17.62660
Parag Parikh Flexi Cap Fund - Direct Growth,23-12-2015,17.65170
Parag Parikh Flexi Cap Fund - Direct Growth,22-12-2015,17.57380
Parag Parikh Flexi Cap Fund - Direct Growth,21-12-2015,17.47920
Parag Parikh Flexi Cap Fund - Direct Growth,18-12-2015,17.47620
Parag Parikh Flexi Cap Fund - Direct Growth,17-12-2015,17.53970
Parag Parikh Flexi Cap Fund - Direct Growth,16-12-2015,17.38930
Parag Parikh Flexi Cap Fund - Direct Growth,15-12-2015,17.31420
Parag Parikh Flexi Cap Fund - Direct Growth,14-12-2015,17.21100
Parag Parikh Flexi Cap Fund - Direct Growth,11-12-2015,17.29440
Parag Parikh Flexi Cap Fund - Direct Growth,10-12-2015,17.41460
Parag Parikh Flexi Cap Fund - Direct Growth,09-12-2015,17.37270
Parag Parikh Flexi Cap Fund - Direct Growth,08-12-2015,17.57340
Parag Parikh Flexi Cap Fund - Direct Growth,07-12-2015,17.68750
Parag Parikh Flexi Cap Fund - Direct Growth,04-12-2015,17.63200
Parag Parikh Flexi Cap Fund - Direct Growth,03-12-2015,17.72300
Parag Parikh Flexi Cap Fund - Direct Growth,02-12-2015,17.76260
Parag Parikh Flexi Cap Fund - Direct Growth,01-12-2015,17.72000
Parag Parikh Flexi Cap Fund - Direct Growth,30-11-2015,17.81540
Parag Parikh Flexi Cap Fund - Direct Growth,27-11-2015,17.67010
Parag Parikh Flexi Cap Fund - Direct Growth,26-11-2015,17.63770
Parag Parikh Flexi Cap Fund - Direct Growth,24-11-2015,17.42130
Parag Parikh Flexi Cap Fund - Direct Growth,23-11-2015,17.42100
Parag Parikh Flexi Cap Fund - Direct Growth,20-11-2015,17.30940
Parag Parikh Flexi Cap Fund - Direct Growth,19-11-2015,17.26490
Parag Parikh Flexi Cap Fund - Direct Growth,18-11-2015,17.10460
Parag Parikh Flexi Cap Fund - Direct Growth,17-11-2015,17.20180
Parag Parikh Flexi Cap Fund - Direct Growth,16-11-2015,17.10510
Parag Parikh Flexi Cap Fund - Direct Growth,13-11-2015,17.11150
Parag Parikh Flexi Cap Fund - Direct Growth,10-11-2015,17.06050
Parag Parikh Flexi Cap Fund - Direct Growth,09-11-2015,17.19120
Parag Parikh Flexi Cap Fund - Direct Growth,06-11-2015,17.19740
Parag Parikh Flexi Cap Fund - Direct Growth,05-11-2015,17.32540
Parag Parikh Flexi Cap Fund - Direct Growth,04-11-2015,17.38960
Parag Parikh Flexi Cap Fund - Direct Growth,03-11-2015,17.45890
Parag Parikh Flexi Cap Fund - Direct Growth,02-11-2015,17.39990
Parag Parikh Flexi Cap Fund - Direct Growth,30-10-2015,17.29220
Parag Parikh Flexi Cap Fund - Direct Growth,29-10-2015,17.24930
Parag Parikh Flexi Cap Fund - Direct Growth,28-10-2015,17.16530
Parag Parikh Flexi Cap Fund - Direct Growth,27-10-2015,17.28540
Parag Parikh Flexi Cap Fund - Direct Growth,26-10-2015,17.20010
Parag Parikh Flexi Cap Fund - Direct Growth,23-10-2015,16.94170
Parag Parikh Flexi Cap Fund - Direct Growth,21-10-2015,16.85460
Parag Parikh Flexi Cap Fund - Direct Growth,20-10-2015,16.92590
Parag Parikh Flexi Cap Fund - Direct Growth,19-10-2015,16.85400
Parag Parikh Flexi Cap Fund - Direct Growth,16-10-2015,16.85060
Parag Parikh Flexi Cap Fund - Direct Growth,15-10-2015,16.80240
Parag Parikh Flexi Cap Fund - Direct Growth,14-10-2015,16.73060
Parag Parikh Flexi Cap Fund - Direct Growth,13-10-2015,16.63120
Parag Parikh Flexi Cap Fund - Direct Growth,12-10-2015,16.52150
Parag Parikh Flexi Cap Fund - Direct Growth,09-10-2015,16.51390
Parag Parikh Flexi Cap Fund - Direct Growth,08-10-2015,16.42500
Parag Parikh Flexi Cap Fund - Direct Growth,07-10-2015,16.45840
Parag Parikh Flexi Cap Fund - Direct Growth,06-10-2015,16.46720
Parag Parikh Flexi Cap Fund - Direct Growth,05-10-2015,16.38700
Parag Parikh Flexi Cap Fund - Direct Growth,01-10-2015,16.14480
Parag Parikh Flexi Cap Fund - Direct Growth,30-09-2015,16.13570
Parag Parikh Flexi Cap Fund - Direct Growth,29-09-2015,16.06950
Parag Parikh Flexi Cap Fund - Direct Growth,28-09-2015,16.22700
Parag Parikh Flexi Cap Fund - Direct Growth,24-09-2015,16.25620
Parag Parikh Flexi Cap Fund - Direct Growth,23-09-2015,16.25500
Parag Parikh Flexi Cap Fund - Direct Growth,22-09-2015,16.33000
Parag Parikh Flexi Cap Fund - Direct Growth,21-09-2015,16.42250
Parag Parikh Flexi Cap Fund - Direct Growth,18-09-2015,16.50860
Parag Parikh Flexi Cap Fund - Direct Growth,16-09-2015,16.35470
Parag Parikh Flexi Cap Fund - Direct Growth,15-09-2015,16.28580
Parag Parikh Flexi Cap Fund - Direct Growth,14-09-2015,16.47710
Parag Parikh Flexi Cap Fund - Direct Growth,11-09-2015,16.36000
Parag Parikh Flexi Cap Fund - Direct Growth,10-09-2015,16.30570
Parag Parikh Flexi Cap Fund - Direct Growth,09-09-2015,16.31210
Parag Parikh Flexi Cap Fund - Direct Growth,08-09-2015,16.09550
Parag Parikh Flexi Cap Fund - Direct Growth,07-09-2015,15.94040
Parag Parikh Flexi Cap Fund - Direct Growth,04-09-2015,16.16420
Parag Parikh Flexi Cap Fund - Direct Growth,03-09-2015,16.37460
Parag Parikh Flexi Cap Fund - Direct Growth,02-09-2015,16.24340
Parag Parikh Flexi Cap Fund - Direct Growth,01-09-2015,16.37550
Parag Parikh Flexi Cap Fund - Direct Growth,31-08-2015,16.58720
Parag Parikh Flexi Cap Fund - Direct Growth,28-08-2015,16.60640
Parag Parikh Flexi Cap Fund - Direct Growth,27-08-2015,16.56390
Parag Parikh Flexi Cap Fund - Direct Growth,26-08-2015,16.21000
Parag Parikh Flexi Cap Fund - Direct Growth,25-08-2015,16.31630
Parag Parikh Flexi Cap Fund - Direct Growth,24-08-2015,16.21910
Parag Parikh Flexi Cap Fund - Direct Growth,21-08-2015,17.01980
Parag Parikh Flexi Cap Fund - Direct Growth,20-08-2015,17.15140
Parag Parikh Flexi Cap Fund - Direct Growth,19-08-2015,17.32310
Parag Parikh Flexi Cap Fund - Direct Growth,18-08-2015,17.26500
Parag Parikh Flexi Cap Fund - Direct Growth,17-08-2015,17.24450
Parag Parikh Flexi Cap Fund - Direct Growth,14-08-2015,17.22880
Parag Parikh Flexi Cap Fund - Direct Growth,13-08-2015,17.10210
Parag Parikh Flexi Cap Fund - Direct Growth,12-08-2015,17.14770
Parag Parikh Flexi Cap Fund - Direct Growth,11-08-2015,17.31690
Parag Parikh Flexi Cap Fund - Direct Growth,10-08-2015,17.36790
Parag Parikh Flexi Cap Fund - Direct Growth,07-08-2015,17.44920
Parag Parikh Flexi Cap Fund - Direct Growth,06-08-2015,17.48550
Parag Parikh Flexi Cap Fund - Direct Growth,05-08-2015,17.38090
Parag Parikh Flexi Cap Fund - Direct Growth,04-08-2015,17.41510
Parag Parikh Flexi Cap Fund - Direct Growth,03-08-2015,17.36610
Parag Parikh Flexi Cap Fund - Direct Growth,31-07-2015,17.19520
Parag Parikh Flexi Cap Fund - Direct Growth,30-07-2015,17.13180
Parag Parikh Flexi Cap Fund - Direct Growth,29-07-2015,17.05530
Parag Parikh Flexi Cap Fund - Direct Growth,28-07-2015,16.96810
Parag Parikh Flexi Cap Fund - Direct Growth,27-07-2015,16.97190
Parag Parikh Flexi Cap Fund - Direct Growth,24-07-2015,17.22500
Parag Parikh Flexi Cap Fund - Direct Growth,23-07-2015,17.39860
Parag Parikh Flexi Cap Fund - Direct Growth,22-07-2015,17.47560
Parag Parikh Flexi Cap Fund - Direct Growth,21-07-2015,17.43810
Parag Parikh Flexi Cap Fund - Direct Growth,20-07-2015,17.59140
Parag Parikh Flexi Cap Fund - Direct Growth,17-07-2015,17.35300
Parag Parikh Flexi Cap Fund - Direct Growth,16-07-2015,17.21390
Parag Parikh Flexi Cap Fund - Direct Growth,15-07-2015,17.11240
Parag Parikh Flexi Cap Fund - Direct Growth,14-07-2015,17.01370
Parag Parikh Flexi Cap Fund - Direct Growth,13-07-2015,16.95420
Parag Parikh Flexi Cap Fund - Direct Growth,10-07-2015,16.81450
Parag Parikh Flexi Cap Fund - Direct Growth,09-07-2015,16.82550
Parag Parikh Flexi Cap Fund - Direct Growth,08-07-2015,16.91990
Parag Parikh Flexi Cap Fund - Direct Growth,07-07-2015,17.04010
Parag Parikh Flexi Cap Fund - Direct Growth,06-07-2015,16.93700
Parag Parikh Flexi Cap Fund - Direct Growth,03-07-2015,16.90650
Parag Parikh Flexi Cap Fund - Direct Growth,02-07-2015,16.89410
Parag Parikh Flexi Cap Fund - Direct Growth,01-07-2015,16.82750
Parag Parikh Flexi Cap Fund - Direct Growth,30-06-2015,16.73920
Parag Parikh Flexi Cap Fund - Direct Growth,29-06-2015,16.80260
Parag Parikh Flexi Cap Fund - Direct Growth,26-06-2015,16.89930
Parag Parikh Flexi Cap Fund - Direct Growth,25-06-2015,16.90760
Parag Parikh Flexi Cap Fund - Direct Growth,24-06-2015,16.91590
Parag Parikh Flexi Cap Fund - Direct Growth,23-06-2015,16.95410
Parag Parikh Flexi Cap Fund - Direct Growth,22-06-2015,16.89230
Parag Parikh Flexi Cap Fund - Direct Growth,19-06-2015,16.74210
Parag Parikh Flexi Cap Fund - Direct Growth,18-06-2015,16.70020
Parag Parikh Flexi Cap Fund - Direct Growth,17-06-2015,16.61930
Parag Parikh Flexi Cap Fund - Direct Growth,16-06-2015,16.54280
Parag Parikh Flexi Cap Fund - Direct Growth,15-06-2015,16.54280
Parag Parikh Flexi Cap Fund - Direct Growth,12-06-2015,16.54270
Parag Parikh Flexi Cap Fund - Direct Growth,11-06-2015,16.46900
Parag Parikh Flexi Cap Fund - Direct Growth,10-06-2015,16.47920
Parag Parikh Flexi Cap Fund - Direct Growth,09-06-2015,16.42880
Parag Parikh Flexi Cap Fund - Direct Growth,08-06-2015,16.47760
Parag Parikh Flexi Cap Fund - Direct Growth,05-06-2015,16.56520
Parag Parikh Flexi Cap Fund - Direct Growth,04-06-2015,16.65510
Parag Parikh Flexi Cap Fund - Direct Growth,03-06-2015,16.61700
Parag Parikh Flexi Cap Fund - Direct Growth,02-06-2015,16.72230
Parag Parikh Flexi Cap Fund - Direct Growth,01-06-2015,16.89190
Parag Parikh Flexi Cap Fund - Direct Growth,29-05-2015,16.95970
Parag Parikh Flexi Cap Fund - Direct Growth,28-05-2015,16.86280
Parag Parikh Flexi Cap Fund - Direct Growth,27-05-2015,16.83440
Parag Parikh Flexi Cap Fund - Direct Growth,26-05-2015,16.90140
Parag Parikh Flexi Cap Fund - Direct Growth,25-05-2015,16.90740
Parag Parikh Flexi Cap Fund - Direct Growth,22-05-2015,16.96560
Parag Parikh Flexi Cap Fund - Direct Growth,21-05-2015,16.98880
Parag Parikh Flexi Cap Fund - Direct Growth,20-05-2015,17.01290
Parag Parikh Flexi Cap Fund - Direct Growth,19-05-2015,16.94750
Parag Parikh Flexi Cap Fund - Direct Growth,18-05-2015,16.96300
Parag Parikh Flexi Cap Fund - Direct Growth,15-05-2015,16.87640
Parag Parikh Flexi Cap Fund - Direct Growth,14-05-2015,16.80570
Parag Parikh Flexi Cap Fund - Direct Growth,13-05-2015,16.79150
Parag Parikh Flexi Cap Fund - Direct Growth,12-05-2015,16.71750
Parag Parikh Flexi Cap Fund - Direct Growth,11-05-2015,16.77420
Parag Parikh Flexi Cap Fund - Direct Growth,08-05-2015,16.54390
Parag Parikh Flexi Cap Fund - Direct Growth,07-05-2015,16.36050
Parag Parikh Flexi Cap Fund - Direct Growth,06-05-2015,16.53900
Parag Parikh Flexi Cap Fund - Direct Growth,05-05-2015,16.87830
Parag Parikh Flexi Cap Fund - Direct Growth,04-05-2015,16.92360
Parag Parikh Flexi Cap Fund - Direct Growth,30-04-2015,16.74150
Parag Parikh Flexi Cap Fund - Direct Growth,29-04-2015,16.71860
Parag Parikh Flexi Cap Fund - Direct Growth,28-04-2015,16.64800
Parag Parikh Flexi Cap Fund - Direct Growth,27-04-2015,16.42840
Parag Parikh Flexi Cap Fund - Direct Growth,24-04-2015,16.61500
Parag Parikh Flexi Cap Fund - Direct Growth,23-04-2015,16.76160
Parag Parikh Flexi Cap Fund - Direct Growth,22-04-2015,16.77960
Parag Parikh Flexi Cap Fund - Direct Growth,21-04-2015,16.76610
Parag Parikh Flexi Cap Fund - Direct Growth,20-04-2015,16.68650
Parag Parikh Flexi Cap Fund - Direct Growth,17-04-2015,16.85650
Parag Parikh Flexi Cap Fund - Direct Growth,16-04-2015,16.86790
Parag Parikh Flexi Cap Fund - Direct Growth,15-04-2015,16.81620
Parag Parikh Flexi Cap Fund - Direct Growth,13-04-2015,16.89580
Parag Parikh Flexi Cap Fund - Direct Growth,10-04-2015,16.89890
Parag Parikh Flexi Cap Fund - Direct Growth,09-04-2015,16.79480
Parag Parikh Flexi Cap Fund - Direct Growth,08-04-2015,16.68910
Parag Parikh Flexi Cap Fund - Direct Growth,07-04-2015,16.60450
Parag Parikh Flexi Cap Fund - Direct Growth,06-04-2015,16.56280
Parag Parikh Flexi Cap Fund - Direct Growth,01-04-2015,16.55890
Parag Parikh Flexi Cap Fund - Direct Growth,31-03-2015,16.46970
Parag Parikh Flexi Cap Fund - Direct Growth,30-03-2015,16.39050
Parag Parikh Flexi Cap Fund - Direct Growth,27-03-2015,16.25950
Parag Parikh Flexi Cap Fund - Direct Growth,26-03-2015,16.24820
Parag Parikh Flexi Cap Fund - Direct Growth,25-03-2015,16.46210
Parag Parikh Flexi Cap Fund - Direct Growth,24-03-2015,16.49380
Parag Parikh Flexi Cap Fund - Direct Growth,23-03-2015,16.50390
Parag Parikh Flexi Cap Fund - Direct Growth,20-03-2015,16.52140
Parag Parikh Flexi Cap Fund - Direct Growth,19-03-2015,16.68200
Parag Parikh Flexi Cap Fund - Direct Growth,18-03-2015,16.70670
Parag Parikh Flexi Cap Fund - Direct Growth,17-03-2015,16.68890
Parag Parikh Flexi Cap Fund - Direct Growth,16-03-2015,16.44210
Parag Parikh Flexi Cap Fund - Direct Growth,13-03-2015,16.53700
Parag Parikh Flexi Cap Fund - Direct Growth,12-03-2015,16.60380
Parag Parikh Flexi Cap Fund - Direct Growth,11-03-2015,16.58620
Parag Parikh Flexi Cap Fund - Direct Growth,10-03-2015,16.64240
Parag Parikh Flexi Cap Fund - Direct Growth,09-03-2015,16.73250
Parag Parikh Flexi Cap Fund - Direct Growth,05-03-2015,16.93030
Parag Parikh Flexi Cap Fund - Direct Growth,04-03-2015,16.85060
Parag Parikh Flexi Cap Fund - Direct Growth,03-03-2015,16.77540
Parag Parikh Flexi Cap Fund - Direct Growth,02-03-2015,16.74520
Parag Parikh Flexi Cap Fund - Direct Growth,27-02-2015,16.37920
Parag Parikh Flexi Cap Fund - Direct Growth,26-02-2015,16.23660
Parag Parikh Flexi Cap Fund - Direct Growth,25-02-2015,16.23640
Parag Parikh Flexi Cap Fund - Direct Growth,24-02-2015,16.20050
Parag Parikh Flexi Cap Fund - Direct Growth,23-02-2015,16.23900
Parag Parikh Flexi Cap Fund - Direct Growth,20-02-2015,16.29150
Parag Parikh Flexi Cap Fund - Direct Growth,19-02-2015,16.25590
Parag Parikh Flexi Cap Fund - Direct Growth,18-02-2015,16.32440
Parag Parikh Flexi Cap Fund - Direct Growth,16-02-2015,16.30250
Parag Parikh Flexi Cap Fund - Direct Growth,13-02-2015,16.30210
Parag Parikh Flexi Cap Fund - Direct Growth,12-02-2015,16.09070
Parag Parikh Flexi Cap Fund - Direct Growth,11-02-2015,16.01610
Parag Parikh Flexi Cap Fund - Direct Growth,10-02-2015,15.93990
Parag Parikh Flexi Cap Fund - Direct Growth,09-02-2015,16.00530
Parag Parikh Flexi Cap Fund - Direct Growth,06-02-2015,16.05070
Parag Parikh Flexi Cap Fund - Direct Growth,05-02-2015,16.12870
Parag Parikh Flexi Cap Fund - Direct Growth,04-02-2015,16.23520
Parag Parikh Flexi Cap Fund - Direct Growth,03-02-2015,16.25750
Parag Parikh Flexi Cap Fund - Direct Growth,02-02-2015,16.32790
Parag Parikh Flexi Cap Fund - Direct Growth,30-01-2015,16.32330
Parag Parikh Flexi Cap Fund - Direct Growth,29-01-2015,16.40710
Parag Parikh Flexi Cap Fund - Direct Growth,28-01-2015,16.46650
Parag Parikh Flexi Cap Fund - Direct Growth,27-01-2015,16.50440
Parag Parikh Flexi Cap Fund - Direct Growth,23-01-2015,16.54570
Parag Parikh Flexi Cap Fund - Direct Growth,22-01-2015,16.49250
Parag Parikh Flexi Cap Fund - Direct Growth,21-01-2015,16.42200
Parag Parikh Flexi Cap Fund - Direct Growth,20-01-2015,16.46100
Parag Parikh Flexi Cap Fund - Direct Growth,19-01-2015,16.34040
Parag Parikh Flexi Cap Fund - Direct Growth,16-01-2015,16.27180
Parag Parikh Flexi Cap Fund - Direct Growth,15-01-2015,16.26600
Parag Parikh Flexi Cap Fund - Direct Growth,14-01-2015,16.14340
Parag Parikh Flexi Cap Fund - Direct Growth,13-01-2015,16.20200
Parag Parikh Flexi Cap Fund - Direct Growth,12-01-2015,16.16540
Parag Parikh Flexi Cap Fund - Direct Growth,09-01-2015,16.14820
Parag Parikh Flexi Cap Fund - Direct Growth,08-01-2015,16.08500
Parag Parikh Flexi Cap Fund - Direct Growth,07-01-2015,15.94590
Parag Parikh Flexi Cap Fund - Direct Growth,06-01-2015,16.04200
Parag Parikh Flexi Cap Fund - Direct Growth,05-01-2015,16.39870
Parag Parikh Flexi Cap Fund - Direct Growth,02-01-2015,16.38960
Parag Parikh Flexi Cap Fund - Direct Growth,01-01-2015,16.25940
Parag Parikh Flexi Cap Fund - Direct Growth,31-12-2014,16.22960
Parag Parikh Flexi Cap Fund - Direct Growth,30-12-2014,16.06440
Parag Parikh Flexi Cap Fund - Direct Growth,29-12-2014,16.04310
Parag Parikh Flexi Cap Fund - Direct Growth,26-12-2014,16.00300
Parag Parikh Flexi Cap Fund - Direct Growth,24-12-2014,15.99030
Parag Parikh Flexi Cap Fund - Direct Growth,23-12-2014,15.94380
Parag Parikh Flexi Cap Fund - Direct Growth,22-12-2014,15.77120
Parag Parikh Flexi Cap Fund - Direct Growth,19-12-2014,15.69720
Parag Parikh Flexi Cap Fund - Direct Growth,18-12-2014,15.49640
Parag Parikh Flexi Cap Fund - Direct Growth,17-12-2014,15.11630
Parag Parikh Flexi Cap Fund - Direct Growth,16-12-2014,15.14890
Parag Parikh Flexi Cap Fund - Direct Growth,15-12-2014,15.40120
Parag Parikh Flexi Cap Fund - Direct Growth,12-12-2014,15.48910
Parag Parikh Flexi Cap Fund - Direct Growth,11-12-2014,15.64290
Parag Parikh Flexi Cap Fund - Direct Growth,10-12-2014,15.76570
Parag Parikh Flexi Cap Fund - Direct Growth,09-12-2014,15.74830
Parag Parikh Flexi Cap Fund - Direct Growth,08-12-2014,15.86460
Parag Parikh Flexi Cap Fund - Direct Growth,05-12-2014,15.85470
Parag Parikh Flexi Cap Fund - Direct Growth,04-12-2014,15.87090
Parag Parikh Flexi Cap Fund - Direct Growth,03-12-2014,15.82920
Parag Parikh Flexi Cap Fund - Direct Growth,02-12-2014,15.74480
Parag Parikh Flexi Cap Fund - Direct Growth,01-12-2014,15.61250
Parag Parikh Flexi Cap Fund - Direct Growth,28-11-2014,15.54590
Parag Parikh Flexi Cap Fund - Direct Growth,27-11-2014,15.42730
Parag Parikh Flexi Cap Fund - Direct Growth,26-11-2014,15.37140
Parag Parikh Flexi Cap Fund - Direct Growth,25-11-2014,15.20110
Parag Parikh Flexi Cap Fund - Direct Growth,24-11-2014,15.26490
Parag Parikh Flexi Cap Fund - Direct Growth,21-11-2014,15.20230
Parag Parikh Flexi Cap Fund - Direct Growth,20-11-2014,15.12390
Parag Parikh Flexi Cap Fund - Direct Growth,19-11-2014,15.16820
Parag Parikh Flexi Cap Fund - Direct Growth,18-11-2014,15.16130
Parag Parikh Flexi Cap Fund - Direct Growth,17-11-2014,15.12720
Parag Parikh Flexi Cap Fund - Direct Growth,14-11-2014,15.10460
Parag Parikh Flexi Cap Fund - Direct Growth,13-11-2014,15.09450
Parag Parikh Flexi Cap Fund - Direct Growth,12-11-2014,15.19740
Parag Parikh Flexi Cap Fund - Direct Growth,11-11-2014,15.16900
Parag Parikh Flexi Cap Fund - Direct Growth,10-11-2014,15.07680
Parag Parikh Flexi Cap Fund - Direct Growth,07-11-2014,15.09110
Parag Parikh Flexi Cap Fund - Direct Growth,05-11-2014,15.08340
Parag Parikh Flexi Cap Fund - Direct Growth,03-11-2014,15.16120
Parag Parikh Flexi Cap Fund - Direct Growth,31-10-2014,14.93380
Parag Parikh Flexi Cap Fund - Direct Growth,30-10-2014,14.80420
Parag Parikh Flexi Cap Fund - Direct Growth,29-10-2014,14.74560
Parag Parikh Flexi Cap Fund - Direct Growth,28-10-2014,14.69820
Parag Parikh Flexi Cap Fund - Direct Growth,27-10-2014,14.72080
Parag Parikh Flexi Cap Fund - Direct Growth,22-10-2014,14.62080
Parag Parikh Flexi Cap Fund - Direct Growth,21-10-2014,14.50900
Parag Parikh Flexi Cap Fund - Direct Growth,20-10-2014,14.47610
Parag Parikh Flexi Cap Fund - Direct Growth,17-10-2014,14.38960
Parag Parikh Flexi Cap Fund - Direct Growth,16-10-2014,14.38740
Parag Parikh Flexi Cap Fund - Direct Growth,14-10-2014,14.46200
Parag Parikh Flexi Cap Fund - Direct Growth,13-10-2014,14.51670
Parag Parikh Flexi Cap Fund - Direct Growth,10-10-2014,14.57690
Parag Parikh Flexi Cap Fund - Direct Growth,09-10-2014,14.75940
Parag Parikh Flexi Cap Fund - Direct Growth,08-10-2014,14.57220
Parag Parikh Flexi Cap Fund - Direct Growth,07-10-2014,14.64560
Parag Parikh Flexi Cap Fund - Direct Growth,01-10-2014,14.82350
Parag Parikh Flexi Cap Fund - Direct Growth,30-09-2014,14.78270
Parag Parikh Flexi Cap Fund - Direct Growth,29-09-2014,14.87880
Parag Parikh Flexi Cap Fund - Direct Growth,26-09-2014,14.77820
Parag Parikh Flexi Cap Fund - Direct Growth,25-09-2014,14.75080
Parag Parikh Flexi Cap Fund - Direct Growth,24-09-2014,14.92140
Parag Parikh Flexi Cap Fund - Direct Growth,23-09-2014,15.10330
Parag Parikh Flexi Cap Fund - Direct Growth,22-09-2014,15.28440
Parag Parikh Flexi Cap Fund - Direct Growth,19-09-2014,15.24070
Parag Parikh Flexi Cap Fund - Direct Growth,18-09-2014,15.15060
Parag Parikh Flexi Cap Fund - Direct Growth,17-09-2014,14.88240
Parag Parikh Flexi Cap Fund - Direct Growth,16-09-2014,14.79800
Parag Parikh Flexi Cap Fund - Direct Growth,15-09-2014,15.15710
Parag Parikh Flexi Cap Fund - Direct Growth,12-09-2014,15.13530
Parag Parikh Flexi Cap Fund - Direct Growth,11-09-2014,15.06750
Parag Parikh Flexi Cap Fund - Direct Growth,10-09-2014,14.84940
Parag Parikh Flexi Cap Fund - Direct Growth,09-09-2014,14.81430
Parag Parikh Flexi Cap Fund - Direct Growth,08-09-2014,14.82750
Parag Parikh Flexi Cap Fund - Direct Growth,05-09-2014,14.73950
Parag Parikh Flexi Cap Fund - Direct Growth,04-09-2014,14.75480
Parag Parikh Flexi Cap Fund - Direct Growth,03-09-2014,14.76030
Parag Parikh Flexi Cap Fund - Direct Growth,02-09-2014,14.77420
Parag Parikh Flexi Cap Fund - Direct Growth,01-09-2014,14.58860
Parag Parikh Flexi Cap Fund - Direct Growth,28-08-2014,14.50630
Parag Parikh Flexi Cap Fund - Direct Growth,27-08-2014,14.52430
Parag Parikh Flexi Cap Fund - Direct Growth,26-08-2014,14.43300
Parag Parikh Flexi Cap Fund - Direct Growth,25-08-2014,14.47760
Parag Parikh Flexi Cap Fund - Direct Growth,22-08-2014,14.57030
Parag Parikh Flexi Cap Fund - Direct Growth,21-08-2014,14.61510
Parag Parikh Flexi Cap Fund - Direct Growth,20-08-2014,14.58990
Parag Parikh Flexi Cap Fund - Direct Growth,19-08-2014,14.53220
Parag Parikh Flexi Cap Fund - Direct Growth,18-08-2014,14.40290
Parag Parikh Flexi Cap Fund - Direct Growth,14-08-2014,14.15630
Parag Parikh Flexi Cap Fund - Direct Growth,13-08-2014,14.08220
Parag Parikh Flexi Cap Fund - Direct Growth,12-08-2014,14.24970
Parag Parikh Flexi Cap Fund - Direct Growth,11-08-2014,14.27560
Parag Parikh Flexi Cap Fund - Direct Growth,08-08-2014,14.21030
Parag Parikh Flexi Cap Fund - Direct Growth,07-08-2014,14.37630
Parag Parikh Flexi Cap Fund - Direct Growth,06-08-2014,14.43940
Parag Parikh Flexi Cap Fund - Direct Growth,05-08-2014,14.52810
Parag Parikh Flexi Cap Fund - Direct Growth,04-08-2014,14.49830
Parag Parikh Flexi Cap Fund - Direct Growth,01-08-2014,14.45050
Parag Parikh Flexi Cap Fund - Direct Growth,31-07-2014,14.55410
Parag Parikh Flexi Cap Fund - Direct Growth,30-07-2014,14.60670
Parag Parikh Flexi Cap Fund - Direct Growth,28-07-2014,14.69280
Parag Parikh Flexi Cap Fund - Direct Growth,25-07-2014,14.73490
Parag Parikh Flexi Cap Fund - Direct Growth,24-07-2014,14.86350
Parag Parikh Flexi Cap Fund - Direct Growth,23-07-2014,14.79250
Parag Parikh Flexi Cap Fund - Direct Growth,22-07-2014,14.81920
Parag Parikh Flexi Cap Fund - Direct Growth,21-07-2014,14.86510
Parag Parikh Flexi Cap Fund - Direct Growth,18-07-2014,14.83200
Parag Parikh Flexi Cap Fund - Direct Growth,17-07-2014,14.78580
Parag Parikh Flexi Cap Fund - Direct Growth,16-07-2014,14.60460
Parag Parikh Flexi Cap Fund - Direct Growth,15-07-2014,14.42610
Parag Parikh Flexi Cap Fund - Direct Growth,14-07-2014,14.21600
Parag Parikh Flexi Cap Fund - Direct Growth,11-07-2014,14.20410
Parag Parikh Flexi Cap Fund - Direct Growth,10-07-2014,14.49470
Parag Parikh Flexi Cap Fund - Direct Growth,09-07-2014,14.55140
Parag Parikh Flexi Cap Fund - Direct Growth,08-07-2014,14.66020
Parag Parikh Flexi Cap Fund - Direct Growth,07-07-2014,14.92970
Parag Parikh Flexi Cap Fund - Direct Growth,04-07-2014,14.75420
Parag Parikh Flexi Cap Fund - Direct Growth,03-07-2014,14.61730
Parag Parikh Flexi Cap Fund - Direct Growth,02-07-2014,14.55290
Parag Parikh Flexi Cap Fund - Direct Growth,01-07-2014,14.26730
Parag Parikh Flexi Cap Fund - Direct Growth,30-06-2014,14.13800
Parag Parikh Flexi Cap Fund - Direct Growth,27-06-2014,14.01330
Parag Parikh Flexi Cap Fund - Direct Growth,26-06-2014,13.99000
Parag Parikh Flexi Cap Fund - Direct Growth,25-06-2014,14.00570
Parag Parikh Flexi Cap Fund - Direct Growth,24-06-2014,14.04160
Parag Parikh Flexi Cap Fund - Direct Growth,23-06-2014,13.88120
Parag Parikh Flexi Cap Fund - Direct Growth,20-06-2014,13.86530
Parag Parikh Flexi Cap Fund - Direct Growth,19-06-2014,13.84100
Parag Parikh Flexi Cap Fund - Direct Growth,18-06-2014,13.99860
Parag Parikh Flexi Cap Fund - Direct Growth,17-06-2014,14.05100
Parag Parikh Flexi Cap Fund - Direct Growth,16-06-2014,13.91610
Parag Parikh Flexi Cap Fund - Direct Growth,13-06-2014,13.93090
Parag Parikh Flexi Cap Fund - Direct Growth,12-06-2014,14.17250
Parag Parikh Flexi Cap Fund - Direct Growth,11-06-2014,14.16810
Parag Parikh Flexi Cap Fund - Direct Growth,10-06-2014,14.25210
Parag Parikh Flexi Cap Fund - Direct Growth,09-06-2014,14.03180
Parag Parikh Flexi Cap Fund - Direct Growth,06-06-2014,13.95180
Parag Parikh Flexi Cap Fund - Direct Growth,05-06-2014,13.79940
Parag Parikh Flexi Cap Fund - Direct Growth,04-06-2014,13.69940
Parag Parikh Flexi Cap Fund - Direct Growth,03-06-2014,13.54430
Parag Parikh Flexi Cap Fund - Direct Growth,02-06-2014,13.63210
Parag Parikh Flexi Cap Fund - Direct Growth,30-05-2014,13.46180
Parag Parikh Flexi Cap Fund - Direct Growth,29-05-2014,13.58450
Parag Parikh Flexi Cap Fund - Direct Growth,28-05-2014,13.67060
Parag Parikh Flexi Cap Fund - Direct Growth,27-05-2014,13.41680
Parag Parikh Flexi Cap Fund - Direct Growth,26-05-2014,13.35110
Parag Parikh Flexi Cap Fund - Direct Growth,23-05-2014,13.47300
Parag Parikh Flexi Cap Fund - Direct Growth,22-05-2014,13.27320
Parag Parikh Flexi Cap Fund - Direct Growth,21-05-2014,13.10930
Parag Parikh Flexi Cap Fund - Direct Growth,20-05-2014,13.09870
Parag Parikh Flexi Cap Fund - Direct Growth,19-05-2014,12.97170
Parag Parikh Flexi Cap Fund - Direct Growth,16-05-2014,12.70130
Parag Parikh Flexi Cap Fund - Direct Growth,15-05-2014,12.66320
Parag Parikh Flexi Cap Fund - Direct Growth,14-05-2014,12.77340
Parag Parikh Flexi Cap Fund - Direct Growth,13-05-2014,12.70770
Parag Parikh Flexi Cap Fund - Direct Growth,12-05-2014,12.60530
Parag Parikh Flexi Cap Fund - Direct Growth,09-05-2014,12.51760
Parag Parikh Flexi Cap Fund - Direct Growth,08-05-2014,12.42710
Parag Parikh Flexi Cap Fund - Direct Growth,07-05-2014,12.43110
Parag Parikh Flexi Cap Fund - Direct Growth,06-05-2014,12.46220
Parag Parikh Flexi Cap Fund - Direct Growth,05-05-2014,12.43250
Parag Parikh Flexi Cap Fund - Direct Growth,02-05-2014,12.42420
Parag Parikh Flexi Cap Fund - Direct Growth,30-04-2014,12.35840
Parag Parikh Flexi Cap Fund - Direct Growth,29-04-2014,12.49350
Parag Parikh Flexi Cap Fund - Direct Growth,28-04-2014,12.42040
Parag Parikh Flexi Cap Fund - Direct Growth,25-04-2014,12.37860
Parag Parikh Flexi Cap Fund - Direct Growth,23-04-2014,12.47530
Parag Parikh Flexi Cap Fund - Direct Growth,22-04-2014,12.48850
Parag Parikh Flexi Cap Fund - Direct Growth,21-04-2014,12.46940
Parag Parikh Flexi Cap Fund - Direct Growth,17-04-2014,12.43060
Parag Parikh Flexi Cap Fund - Direct Growth,16-04-2014,12.31870
Parag Parikh Flexi Cap Fund - Direct Growth,15-04-2014,12.27430
Parag Parikh Flexi Cap Fund - Direct Growth,11-04-2014,12.38070
Parag Parikh Flexi Cap Fund - Direct Growth,10-04-2014,12.29490
Parag Parikh Flexi Cap Fund - Direct Growth,09-04-2014,12.27820
Parag Parikh Flexi Cap Fund - Direct Growth,07-04-2014,12.08710
Parag Parikh Flexi Cap Fund - Direct Growth,04-04-2014,12.14810
Parag Parikh Flexi Cap Fund - Direct Growth,03-04-2014,12.09150
Parag Parikh Flexi Cap Fund - Direct Growth,02-04-2014,12.06490
Parag Parikh Flexi Cap Fund - Direct Growth,01-04-2014,11.88040
Parag Parikh Flexi Cap Fund - Direct Growth,31-03-2014,11.81370
Parag Parikh Flexi Cap Fund - Direct Growth,28-03-2014,11.74800
Parag Parikh Flexi Cap Fund - Direct Growth,27-03-2014,11.66950
Parag Parikh Flexi Cap Fund - Direct Growth,26-03-2014,11.63980
Parag Parikh Flexi Cap Fund - Direct Growth,25-03-2014,11.57840
Parag Parikh Flexi Cap Fund - Direct Growth,24-03-2014,11.58710
Parag Parikh Flexi Cap Fund - Direct Growth,21-03-2014,11.58560
Parag Parikh Flexi Cap Fund - Direct Growth,20-03-2014,11.57850
Parag Parikh Flexi Cap Fund - Direct Growth,19-03-2014,11.56250
Parag Parikh Flexi Cap Fund - Direct Growth,18-03-2014,11.42730
Parag Parikh Flexi Cap Fund - Direct Growth,14-03-2014,11.35540
Parag Parikh Flexi Cap Fund - Direct Growth,13-03-2014,11.37580
Parag Parikh Flexi Cap Fund - Direct Growth,12-03-2014,11.48340
Parag Parikh Flexi Cap Fund - Direct Growth,11-03-2014,11.47130
Parag Parikh Flexi Cap Fund - Direct Growth,10-03-2014,11.49850
Parag Parikh Flexi Cap Fund - Direct Growth,07-03-2014,11.30850
Parag Parikh Flexi Cap Fund - Direct Growth,06-03-2014,11.26790
Parag Parikh Flexi Cap Fund - Direct Growth,05-03-2014,11.28840
Parag Parikh Flexi Cap Fund - Direct Growth,04-03-2014,11.26670
Parag Parikh Flexi Cap Fund - Direct Growth,03-03-2014,11.24520
Parag Parikh Flexi Cap Fund - Direct Growth,28-02-2014,11.25180
Parag Parikh Flexi Cap Fund - Direct Growth,26-02-2014,11.17440
Parag Parikh Flexi Cap Fund - Direct Growth,25-02-2014,11.08150
Parag Parikh Flexi Cap Fund - Direct Growth,24-02-2014,11.01480
Parag Parikh Flexi Cap Fund - Direct Growth,21-02-2014,10.81090
Parag Parikh Flexi Cap Fund - Direct Growth,20-02-2014,10.72350
Parag Parikh Flexi Cap Fund - Direct Growth,19-02-2014,10.76290
Parag Parikh Flexi Cap Fund - Direct Growth,18-02-2014,10.74110
Parag Parikh Flexi Cap Fund - Direct Growth,17-02-2014,10.65330
Parag Parikh Flexi Cap Fund - Direct Growth,14-02-2014,10.66870
Parag Parikh Flexi Cap Fund - Direct Growth,13-02-2014,10.68960
Parag Parikh Flexi Cap Fund - Direct Growth,12-02-2014,10.71340
Parag Parikh Flexi Cap Fund - Direct Growth,11-02-2014,10.67190
Parag Parikh Flexi Cap Fund - Direct Growth,10-02-2014,10.67310
Parag Parikh Flexi Cap Fund - Direct Growth,07-02-2014,10.67080
Parag Parikh Flexi Cap Fund - Direct Growth,06-02-2014,10.57960
Parag Parikh Flexi Cap Fund - Direct Growth,05-02-2014,10.60070
Parag Parikh Flexi Cap Fund - Direct Growth,04-02-2014,10.54950
Parag Parikh Flexi Cap Fund - Direct Growth,03-02-2014,10.59360
Parag Parikh Flexi Cap Fund - Direct Growth,31-01-2014,10.64380
Parag Parikh Flexi Cap Fund - Direct Growth,30-01-2014,10.57250
Parag Parikh Flexi Cap Fund - Direct Growth,29-01-2014,10.68480
Parag Parikh Flexi Cap Fund - Direct Growth,28-01-2014,10.68570
Parag Parikh Flexi Cap Fund - Direct Growth,27-01-2014,10.70910
Parag Parikh Flexi Cap Fund - Direct Growth,24-01-2014,10.89680
Parag Parikh Flexi Cap Fund - Direct Growth,23-01-2014,10.98850
Parag Parikh Flexi Cap Fund - Direct Growth,22-01-2014,11.00060
Parag Parikh Flexi Cap Fund - Direct Growth,21-01-2014,11.00250
Parag Parikh Flexi Cap Fund - Direct Growth,20-01-2014,10.95170
Parag Parikh Flexi Cap Fund - Direct Growth,17-01-2014,10.93520
Parag Parikh Flexi Cap Fund - Direct Growth,16-01-2014,11.00330
Parag Parikh Flexi Cap Fund - Direct Growth,15-01-2014,11.02210
Parag Parikh Flexi Cap Fund - Direct Growth,14-01-2014,10.98810
Parag Parikh Flexi Cap Fund - Direct Growth,13-01-2014,11.06080
Parag Parikh Flexi Cap Fund - Direct Growth,10-01-2014,11.02650
Parag Parikh Flexi Cap Fund - Direct Growth,09-01-2014,11.06920
Parag Parikh Flexi Cap Fund - Direct Growth,08-01-2014,11.14560
Parag Parikh Flexi Cap Fund - Direct Growth,07-01-2014,11.07850
Parag Parikh Flexi Cap Fund - Direct Growth,06-01-2014,11.09600
Parag Parikh Flexi Cap Fund - Direct Growth,03-01-2014,11.06830
Parag Parikh Flexi Cap Fund - Direct Growth,02-01-2014,11.11120
Parag Parikh Flexi Cap Fund - Direct Growth,01-01-2014,11.19890
Parag Parikh Flexi Cap Fund - Direct Growth,31-12-2013,11.15470
Parag Parikh Flexi Cap Fund - Direct Growth,30-12-2013,11.10840
Parag Parikh Flexi Cap Fund - Direct Growth,27-12-2013,11.07220
Parag Parikh Flexi Cap Fund - Direct Growth,26-12-2013,11.13550
Parag Parikh Flexi Cap Fund - Direct Growth,24-12-2013,11.07210
Parag Parikh Flexi Cap Fund - Direct Growth,23-12-2013,11.06520
Parag Parikh Flexi Cap Fund - Direct Growth,20-12-2013,10.94100
Parag Parikh Flexi Cap Fund - Direct Growth,19-12-2013,10.81570
Parag Parikh Flexi Cap Fund - Direct Growth,18-12-2013,10.73290
Parag Parikh Flexi Cap Fund - Direct Growth,17-12-2013,10.65240
Parag Parikh Flexi Cap Fund - Direct Growth,16-12-2013,10.63610
Parag Parikh Flexi Cap Fund - Direct Growth,13-12-2013,10.60910
Parag Parikh Flexi Cap Fund - Direct Growth,12-12-2013,10.68840
Parag Parikh Flexi Cap Fund - Direct Growth,11-12-2013,10.75670
Parag Parikh Flexi Cap Fund - Direct Growth,10-12-2013,10.74270
Parag Parikh Flexi Cap Fund - Direct Growth,09-12-2013,10.84080
Parag Parikh Flexi Cap Fund - Direct Growth,06-12-2013,10.81840
Parag Parikh Flexi Cap Fund - Direct Growth,05-12-2013,10.83360
Parag Parikh Flexi Cap Fund - Direct Growth,04-12-2013,10.78960
Parag Parikh Flexi Cap Fund - Direct Growth,03-12-2013,10.80840
Parag Parikh Flexi Cap Fund - Direct Growth,02-12-2013,10.89810
Parag Parikh Flexi Cap Fund - Direct Growth,29-11-2013,10.84600
Parag Parikh Flexi Cap Fund - Direct Growth,28-11-2013,10.79910
Parag Parikh Flexi Cap Fund - Direct Growth,27-11-2013,10.76910
Parag Parikh Flexi Cap Fund - Direct Growth,26-11-2013,10.72740
Parag Parikh Flexi Cap Fund - Direct Growth,25-11-2013,10.77970
Parag Parikh Flexi Cap Fund - Direct Growth,22-11-2013,10.76800
Parag Parikh Flexi Cap Fund - Direct Growth,21-11-2013,10.84180
Parag Parikh Flexi Cap Fund - Direct Growth,20-11-2013,10.89850
Parag Parikh Flexi Cap Fund - Direct Growth,19-11-2013,10.85030
Parag Parikh Flexi Cap Fund - Direct Growth,18-11-2013,10.84010
Parag Parikh Flexi Cap Fund - Direct Growth,14-11-2013,10.73310
Parag Parikh Flexi Cap Fund - Direct Growth,13-11-2013,10.65130
Parag Parikh Flexi Cap Fund - Direct Growth,12-11-2013,10.66210
Parag Parikh Flexi Cap Fund - Direct Growth,11-11-2013,10.67570
Parag Parikh Flexi Cap Fund - Direct Growth,08-11-2013,10.70030
Parag Parikh Flexi Cap Fund - Direct Growth,07-11-2013,10.76770
Parag Parikh Flexi Cap Fund - Direct Growth,06-11-2013,10.81720
Parag Parikh Flexi Cap Fund - Direct Growth,05-11-2013,10.81760
Parag Parikh Flexi Cap Fund - Direct Growth,01-11-2013,10.73860
Parag Parikh Flexi Cap Fund - Direct Growth,31-10-2013,10.69390
Parag Parikh Flexi Cap Fund - Direct Growth,30-10-2013,10.60770
Parag Parikh Flexi Cap Fund - Direct Growth,29-10-2013,10.59660
Parag Parikh Flexi Cap Fund - Direct Growth,28-10-2013,10.56890
Parag Parikh Flexi Cap Fund - Direct Growth,25-10-2013,10.54510
Parag Parikh Flexi Cap Fund - Direct Growth,24-10-2013,10.56680
Parag Parikh Flexi Cap Fund - Direct Growth,23-10-2013,10.59000
Parag Parikh Flexi Cap Fund - Direct Growth,22-10-2013,10.57220
Parag Parikh Flexi Cap Fund - Direct Growth,21-10-2013,10.54210
Parag Parikh Flexi Cap Fund - Direct Growth,18-10-2013,10.46050
Parag Parikh Flexi Cap Fund - Direct Growth,17-10-2013,10.33400
Parag Parikh Flexi Cap Fund - Direct Growth,15-10-2013,10.33140
Parag Parikh Flexi Cap Fund - Direct Growth,14-10-2013,10.34260
Parag Parikh Flexi Cap Fund - Direct Growth,11-10-2013,10.24700
Parag Parikh Flexi Cap Fund - Direct Growth,10-10-2013,10.17750
Parag Parikh Flexi Cap Fund - Direct Growth,09-10-2013,10.12500
Parag Parikh Flexi Cap Fund - Direct Growth,08-10-2013,10.14170
Parag Parikh Flexi Cap Fund - Direct Growth,07-10-2013,10.15780
Parag Parikh Flexi Cap Fund - Direct Growth,04-10-2013,10.15240
Parag Parikh Flexi Cap Fund - Direct Growth,03-10-2013,10.20370
Parag Parikh Flexi Cap Fund - Direct Growth,01-10-2013,10.18900
Parag Parikh Flexi Cap Fund - Direct Growth,30-09-2013,10.14150
Parag Parikh Flexi Cap Fund - Direct Growth,27-09-2013,10.11480
Parag Parikh Flexi Cap Fund - Direct Growth,26-09-2013,10.11120
Parag Parikh Flexi Cap Fund - Direct Growth,25-09-2013,10.08960
Parag Parikh Flexi Cap Fund - Direct Growth,24-09-2013,10.04230
Parag Parikh Flexi Cap Fund - Direct Growth,23-09-2013,10.05880
Parag Parikh Flexi Cap Fund - Direct Growth,20-09-2013,10.16200
Parag Parikh Flexi Cap Fund - Direct Growth,19-09-2013,10.20810
Parag Parikh Flexi Cap Fund - Direct Growth,18-09-2013,10.12450
Parag Parikh Flexi Cap Fund - Direct Growth,17-09-2013,10.04470
Parag Parikh Flexi Cap Fund - Direct Growth,16-09-2013,10.03140
Parag Parikh Flexi Cap Fund - Direct Growth,13-09-2013,10.04000
Parag Parikh Flexi Cap Fund - Direct Growth,12-09-2013,10.00160
Parag Parikh Flexi Cap Fund - Direct Growth,11-09-2013,9.96970
Parag Parikh Flexi Cap Fund - Direct Growth,10-09-2013,9.88760
Parag Parikh Flexi Cap Fund - Direct Growth,06-09-2013,9.76270
Parag Parikh Flexi Cap Fund - Direct Growth,05-09-2013,9.75910
Parag Parikh Flexi Cap Fund - Direct Growth,04-09-2013,9.65880
Parag Parikh Flexi Cap Fund - Direct Growth,03-09-2013,9.65700
Parag Parikh Flexi Cap Fund - Direct Growth,02-09-2013,9.71680
Parag Parikh Flexi Cap Fund - Direct Growth,30-08-2013,9.64510
Parag Parikh Flexi Cap Fund - Direct Growth,29-08-2013,9.64900
Parag Parikh Flexi Cap Fund - Direct Growth,28-08-2013,9.62510
Parag Parikh Flexi Cap Fund - Direct Growth,27-08-2013,9.65670
Parag Parikh Flexi Cap Fund - Direct Growth,26-08-2013,9.75690
Parag Parikh Flexi Cap Fund - Direct Growth,23-08-2013,9.77980
Parag Parikh Flexi Cap Fund - Direct Growth,22-08-2013,9.70250
Parag Parikh Flexi Cap Fund - Direct Growth,21-08-2013,9.69230
Parag Parikh Flexi Cap Fund - Direct Growth,20-08-2013,9.71270
Parag Parikh Flexi Cap Fund - Direct Growth,19-08-2013,9.70640
Parag Parikh Flexi Cap Fund - Direct Growth,16-08-2013,9.83590
Parag Parikh Flexi Cap Fund - Direct Growth,14-08-2013,9.95890
Parag Parikh Flexi Cap Fund - Direct Growth,13-08-2013,9.96690
Parag Parikh Flexi Cap Fund - Direct Growth,12-08-2013,9.89930
Parag Parikh Flexi Cap Fund - Direct Growth,08-08-2013,9.80410
Parag Parikh Flexi Cap Fund - Direct Growth,07-08-2013,9.69120
Parag Parikh Flexi Cap Fund - Direct Growth,06-08-2013,9.67940
Parag Parikh Flexi Cap Fund - Direct Growth,05-08-2013,9.78890
Parag Parikh Flexi Cap Fund - Direct Growth,02-08-2013,9.81520
Parag Parikh Flexi Cap Fund - Direct Growth,01-08-2013,9.78770
Parag Parikh Flexi Cap Fund - Direct Growth,31-07-2013,9.77260
Parag Parikh Flexi Cap Fund - Direct Growth,30-07-2013,9.84240
Parag Parikh Flexi Cap Fund - Direct Growth,29-07-2013,9.89130
Parag Parikh Flexi Cap Fund - Direct Growth,26-07-2013,9.95940
Parag Parikh Flexi Cap Fund - Direct Growth,25-07-2013,9.96990
Parag Parikh Flexi Cap Fund - Direct Growth,24-07-2013,10.03580
Parag Parikh Flexi Cap Fund - Direct Growth,23-07-2013,10.16640
Parag Parikh Flexi Cap Fund - Direct Growth,22-07-2013,10.19090
Parag Parikh Flexi Cap Fund - Direct Growth,19-07-2013,10.12880
Parag Parikh Flexi Cap Fund - Direct Growth,18-07-2013,10.21630
Parag Parikh Flexi Cap Fund - Direct Growth,17-07-2013,10.15340
Parag Parikh Flexi Cap Fund - Direct Growth,16-07-2013,10.10810
Parag Parikh Flexi Cap Fund - Direct Growth,15-07-2013,10.18330
Parag Parikh Flexi Cap Fund - Direct Growth,12-07-2013,10.12840
Parag Parikh Flexi Cap Fund - Direct Growth,11-07-2013,10.06170
Parag Parikh Flexi Cap Fund - Direct Growth,10-07-2013,10.00790
Parag Parikh Flexi Cap Fund - Direct Growth,09-07-2013,10.00180
Parag Parikh Flexi Cap Fund - Direct Growth,08-07-2013,9.95180
Parag Parikh Flexi Cap Fund - Direct Growth,05-07-2013,9.97130
Parag Parikh Flexi Cap Fund - Direct Growth,04-07-2013,9.95440
Parag Parikh Flexi Cap Fund - Direct Growth,03-07-2013,9.91490
Parag Parikh Flexi Cap Fund - Direct Growth,02-07-2013,9.93570
Parag Parikh Flexi Cap Fund - Direct Growth,01-07-2013,9.93520
Parag Parikh Flexi Cap Fund - Direct Growth,28-06-2013,9.89920
Parag Parikh Flexi Cap Fund - Direct Growth,27-06-2013,9.79190
Parag Parikh Flexi Cap Fund - Direct Growth,26-06-2013,9.75430
Parag Parikh Flexi Cap Fund - Direct Growth,25-06-2013,9.78280
Parag Parikh Flexi Cap Fund - Direct Growth,24-06-2013,9.80340
Parag Parikh Flexi Cap Fund - Direct Growth,21-06-2013,9.91610
Parag Parikh Flexi Cap Fund - Direct Growth,20-06-2013,9.93060
Parag Parikh Flexi Cap Fund - Direct Growth,19-06-2013,10.00850
Parag Parikh Flexi Cap Fund - Direct Growth,18-06-2013,9.99640
Parag Parikh Flexi Cap Fund - Direct Growth,17-06-2013,9.98180
Parag Parikh Flexi Cap Fund - Direct Growth,14-06-2013,9.95490
Parag Parikh Flexi Cap Fund - Direct Growth,13-06-2013,9.91180
Parag Parikh Flexi Cap Fund - Direct Growth,12-06-2013,9.92880
Parag Parikh Flexi Cap Fund - Direct Growth,11-06-2013,9.95400
Parag Parikh Flexi Cap Fund - Direct Growth,10-06-2013,9.99570
Parag Parikh Flexi Cap Fund - Direct Growth,07-06-2013,10.02350
Parag Parikh Flexi Cap Fund - Direct Growth,06-06-2013,10.03280
Parag Parikh Flexi Cap Fund - Direct Growth,05-06-2013,10.02730
Parag Parikh Flexi Cap Fund - Direct Growth,04-06-2013,10.03390
Parag Parikh Flexi Cap Fund - Direct Growth,03-06-2013,10.05720
Parag Parikh Flexi Cap Fund - Direct Growth,31-05-2013,10.01540
Parag Parikh Flexi Cap Fund - Direct Growth,30-05-2013,10.03270
Parag Parikh Flexi Cap Fund - Direct Growth,29-05-2013,10.00800
Parag Parikh Flexi Cap Fund - Direct Growth,28-05-2013,9.99920
